Simulator report for Lab4
Tue Nov 24 17:44:09 2020
Quartus II Version 9.1 Build 222 10/21/2009 SJ Web Edition


---------------------
; Table of Contents ;
---------------------
  1. Legal Notice
  2. Simulator Summary
  3. Simulator Settings
  4. Simulation Waveforms
  5. |Lab4|lpm_rom0:inst|altsyncram:altsyncram_component|altsyncram_os61:auto_generated|ALTSYNCRAM
  6. |Lab4|lpm_ram_dq0:inst2|altsyncram:altsyncram_component|altsyncram_dvb1:auto_generated|ALTSYNCRAM
  7. Coverage Summary
  8. Complete 1/0-Value Coverage
  9. Missing 1-Value Coverage
 10. Missing 0-Value Coverage
 11. Simulator INI Usage
 12. Simulator Messages



----------------
; Legal Notice ;
----------------
Copyright (C) 1991-2009 Altera Corporation
Your use of Altera Corporation's design tools, logic functions 
and other software and tools, and its AMPP partner logic 
functions, and any output files from any of the foregoing 
(including device programming or simulation files), and any 
associated documentation or information are expressly subject 
to the terms and conditions of the Altera Program License 
Subscription Agreement, Altera MegaCore Function License 
Agreement, or other applicable license agreement, including, 
without limitation, that your use is for the sole purpose of 
programming logic devices manufactured by Altera and sold by 
Altera or its authorized distributors.  Please refer to the 
applicable agreement for further details.



+--------------------------------------------+
; Simulator Summary                          ;
+-----------------------------+--------------+
; Type                        ; Value        ;
+-----------------------------+--------------+
; Simulation Start Time       ; 0 ps         ;
; Simulation End Time         ; 1.0 us       ;
; Simulation Netlist Size     ; 621 nodes    ;
; Simulation Coverage         ;      20.48 % ;
; Total Number of Transitions ; 6999         ;
; Simulation Breakpoints      ; 0            ;
; Family                      ; Stratix II   ;
+-----------------------------+--------------+


+-------------------------------------------------------------------------------------------------------------------------+
; Simulator Settings                                                                                                      ;
+--------------------------------------------------------------------------------------------+------------+---------------+
; Option                                                                                     ; Setting    ; Default Value ;
+--------------------------------------------------------------------------------------------+------------+---------------+
; Simulation mode                                                                            ; Functional ; Timing        ;
; Start time                                                                                 ; 0 ns       ; 0 ns          ;
; Simulation results format                                                                  ; CVWF       ;               ;
; Add pins automatically to simulation output waveforms                                      ; On         ; On            ;
; Check outputs                                                                              ; Off        ; Off           ;
; Report simulation coverage                                                                 ; On         ; On            ;
; Display complete 1/0 value coverage report                                                 ; On         ; On            ;
; Display missing 1-value coverage report                                                    ; On         ; On            ;
; Display missing 0-value coverage report                                                    ; On         ; On            ;
; Detect setup and hold time violations                                                      ; Off        ; Off           ;
; Detect glitches                                                                            ; Off        ; Off           ;
; Disable timing delays in Timing Simulation                                                 ; Off        ; Off           ;
; Generate Signal Activity File                                                              ; Off        ; Off           ;
; Generate VCD File for PowerPlay Power Analyzer                                             ; Off        ; Off           ;
; Group bus channels in simulation results                                                   ; Off        ; Off           ;
; Preserve fewer signal transitions to reduce memory requirements                            ; On         ; On            ;
; Trigger vector comparison with the specified mode                                          ; INPUT_EDGE ; INPUT_EDGE    ;
; Disable setup and hold time violations detection in input registers of bi-directional pins ; Off        ; Off           ;
; Overwrite Waveform Inputs With Simulation Outputs                                          ; On         ;               ;
; Perform Glitch Filtering in Timing Simulation                                              ; Auto       ; Auto          ;
+--------------------------------------------------------------------------------------------+------------+---------------+


+----------------------+
; Simulation Waveforms ;
+----------------------+
Waveform report data cannot be output to ASCII.
Please use Quartus II to view the waveform report data.


+-----------------------------------------------------------------------------------------------+
; |Lab4|lpm_rom0:inst|altsyncram:altsyncram_component|altsyncram_os61:auto_generated|ALTSYNCRAM ;
+-----------------------------------------------------------------------------------------------+
Please refer to fitter text-based report (*.fit.rpt) to view logical memory report content in ASCII.


+---------------------------------------------------------------------------------------------------+
; |Lab4|lpm_ram_dq0:inst2|altsyncram:altsyncram_component|altsyncram_dvb1:auto_generated|ALTSYNCRAM ;
+---------------------------------------------------------------------------------------------------+
Please refer to fitter text-based report (*.fit.rpt) to view logical memory report content in ASCII.


+--------------------------------------------------------------------+
; Coverage Summary                                                   ;
+-----------------------------------------------------+--------------+
; Type                                                ; Value        ;
+-----------------------------------------------------+--------------+
; Total coverage as a percentage                      ;      20.48 % ;
; Total nodes checked                                 ; 621          ;
; Total output ports checked                          ; 630          ;
; Total output ports with complete 1/0-value coverage ; 129          ;
; Total output ports with no 1/0-value coverage       ; 455          ;
; Total output ports with no 1-value coverage         ; 498          ;
; Total output ports with no 0-value coverage         ; 458          ;
+-----------------------------------------------------+--------------+


The following table displays output ports that toggle between 1 and 0 during simulation.
+-------------------------------------------------------------------------------------------------------------------------------------------------------------------------------------------------------------------------------------------+
; Complete 1/0-Value Coverage                                                                                                                                                                                                               ;
+----------------------------------------------------------------------------------------------------------+-------------------------------------------------------------------------------------------------------------+------------------+
; Node Name                                                                                                ; Output Port Name                                                                                            ; Output Port Type ;
+----------------------------------------------------------------------------------------------------------+-------------------------------------------------------------------------------------------------------------+------------------+
; |Lab4|address[5]                                                                                         ; |Lab4|address[5]                                                                                            ; pin_out          ;
; |Lab4|address[4]                                                                                         ; |Lab4|address[4]                                                                                            ; pin_out          ;
; |Lab4|address[3]                                                                                         ; |Lab4|address[3]                                                                                            ; pin_out          ;
; |Lab4|address[2]                                                                                         ; |Lab4|address[2]                                                                                            ; pin_out          ;
; |Lab4|address[1]                                                                                         ; |Lab4|address[1]                                                                                            ; pin_out          ;
; |Lab4|address[0]                                                                                         ; |Lab4|address[0]                                                                                            ; pin_out          ;
; |Lab4|inst30                                                                                             ; |Lab4|inst30                                                                                                ; out0             ;
; |Lab4|inst34                                                                                             ; |Lab4|inst34                                                                                                ; out0             ;
; |Lab4|clk                                                                                                ; |Lab4|clk                                                                                                   ; out              ;
; |Lab4|inst44                                                                                             ; |Lab4|inst44                                                                                                ; out0             ;
; |Lab4|inst46                                                                                             ; |Lab4|inst46                                                                                                ; out0             ;
; |Lab4|inst18                                                                                             ; |Lab4|inst18                                                                                                ; out0             ;
; |Lab4|first[1]                                                                                           ; |Lab4|first[1]                                                                                              ; pin_out          ;
; |Lab4|inst39                                                                                             ; |Lab4|inst39                                                                                                ; out0             ;
; |Lab4|inst40                                                                                             ; |Lab4|inst40                                                                                                ; out0             ;
; |Lab4|inst26                                                                                             ; |Lab4|inst26                                                                                                ; out0             ;
; |Lab4|third[2]                                                                                           ; |Lab4|third[2]                                                                                              ; pin_out          ;
; |Lab4|gdfx_temp0[2]                                                                                      ; |Lab4|gdfx_temp0[2]                                                                                         ; out0             ;
; |Lab4|gdfx_temp0[1]                                                                                      ; |Lab4|gdfx_temp0[1]                                                                                         ; out0             ;
; |Lab4|gdfx_temp0[0]                                                                                      ; |Lab4|gdfx_temp0[0]                                                                                         ; out0             ;
; |Lab4|inst19                                                                                             ; |Lab4|inst19                                                                                                ; out0             ;
; |Lab4|second[1]                                                                                          ; |Lab4|second[1]                                                                                             ; pin_out          ;
; |Lab4|data[2]                                                                                            ; |Lab4|data[2]                                                                                               ; pin_out          ;
; |Lab4|data[1]                                                                                            ; |Lab4|data[1]                                                                                               ; pin_out          ;
; |Lab4|data[0]                                                                                            ; |Lab4|data[0]                                                                                               ; pin_out          ;
; |Lab4|lpm_dff0:inst14|lpm_ff:lpm_ff_component|dffs[1]                                                    ; |Lab4|lpm_dff0:inst14|lpm_ff:lpm_ff_component|dffs[1]                                                       ; regout           ;
; |Lab4|lpm_dff1:inst57|lpm_ff:lpm_ff_component|dffs[4]                                                    ; |Lab4|lpm_dff1:inst57|lpm_ff:lpm_ff_component|dffs[4]                                                       ; regout           ;
; |Lab4|lpm_dff1:inst57|lpm_ff:lpm_ff_component|dffs[3]                                                    ; |Lab4|lpm_dff1:inst57|lpm_ff:lpm_ff_component|dffs[3]                                                       ; regout           ;
; |Lab4|lpm_dff1:inst57|lpm_ff:lpm_ff_component|dffs[2]                                                    ; |Lab4|lpm_dff1:inst57|lpm_ff:lpm_ff_component|dffs[2]                                                       ; regout           ;
; |Lab4|lpm_dff1:inst57|lpm_ff:lpm_ff_component|dffs[1]                                                    ; |Lab4|lpm_dff1:inst57|lpm_ff:lpm_ff_component|dffs[1]                                                       ; regout           ;
; |Lab4|lpm_dff1:inst57|lpm_ff:lpm_ff_component|dffs[0]                                                    ; |Lab4|lpm_dff1:inst57|lpm_ff:lpm_ff_component|dffs[0]                                                       ; regout           ;
; |Lab4|lpm_counter1:inst25|lpm_counter:lpm_counter_component|cntr_g9j:auto_generated|counter_comb_bita0   ; |Lab4|lpm_counter1:inst25|lpm_counter:lpm_counter_component|cntr_g9j:auto_generated|counter_comb_bita0      ; sumout           ;
; |Lab4|lpm_counter1:inst25|lpm_counter:lpm_counter_component|cntr_g9j:auto_generated|counter_comb_bita0   ; |Lab4|lpm_counter1:inst25|lpm_counter:lpm_counter_component|cntr_g9j:auto_generated|counter_comb_bita0~COUT ; cout             ;
; |Lab4|lpm_counter1:inst25|lpm_counter:lpm_counter_component|cntr_g9j:auto_generated|counter_comb_bita1   ; |Lab4|lpm_counter1:inst25|lpm_counter:lpm_counter_component|cntr_g9j:auto_generated|counter_comb_bita1      ; sumout           ;
; |Lab4|lpm_counter1:inst25|lpm_counter:lpm_counter_component|cntr_g9j:auto_generated|counter_comb_bita1   ; |Lab4|lpm_counter1:inst25|lpm_counter:lpm_counter_component|cntr_g9j:auto_generated|counter_comb_bita1~COUT ; cout             ;
; |Lab4|lpm_counter1:inst25|lpm_counter:lpm_counter_component|cntr_g9j:auto_generated|counter_comb_bita2   ; |Lab4|lpm_counter1:inst25|lpm_counter:lpm_counter_component|cntr_g9j:auto_generated|counter_comb_bita2      ; sumout           ;
; |Lab4|lpm_counter1:inst25|lpm_counter:lpm_counter_component|cntr_g9j:auto_generated|counter_comb_bita2   ; |Lab4|lpm_counter1:inst25|lpm_counter:lpm_counter_component|cntr_g9j:auto_generated|counter_comb_bita2~COUT ; cout             ;
; |Lab4|lpm_counter1:inst25|lpm_counter:lpm_counter_component|cntr_g9j:auto_generated|counter_comb_bita3   ; |Lab4|lpm_counter1:inst25|lpm_counter:lpm_counter_component|cntr_g9j:auto_generated|counter_comb_bita3      ; sumout           ;
; |Lab4|lpm_counter1:inst25|lpm_counter:lpm_counter_component|cntr_g9j:auto_generated|counter_comb_bita3   ; |Lab4|lpm_counter1:inst25|lpm_counter:lpm_counter_component|cntr_g9j:auto_generated|counter_comb_bita3~COUT ; cout             ;
; |Lab4|lpm_counter1:inst25|lpm_counter:lpm_counter_component|cntr_g9j:auto_generated|counter_comb_bita4   ; |Lab4|lpm_counter1:inst25|lpm_counter:lpm_counter_component|cntr_g9j:auto_generated|counter_comb_bita4      ; sumout           ;
; |Lab4|lpm_counter1:inst25|lpm_counter:lpm_counter_component|cntr_g9j:auto_generated|counter_comb_bita4   ; |Lab4|lpm_counter1:inst25|lpm_counter:lpm_counter_component|cntr_g9j:auto_generated|counter_comb_bita4~COUT ; cout             ;
; |Lab4|lpm_counter1:inst25|lpm_counter:lpm_counter_component|cntr_g9j:auto_generated|counter_comb_bita5   ; |Lab4|lpm_counter1:inst25|lpm_counter:lpm_counter_component|cntr_g9j:auto_generated|counter_comb_bita5      ; sumout           ;
; |Lab4|lpm_counter1:inst25|lpm_counter:lpm_counter_component|cntr_g9j:auto_generated|counter_comb_bita5   ; |Lab4|lpm_counter1:inst25|lpm_counter:lpm_counter_component|cntr_g9j:auto_generated|counter_comb_bita5~COUT ; cout             ;
; |Lab4|lpm_counter1:inst25|lpm_counter:lpm_counter_component|cntr_g9j:auto_generated|counter_comb_bita6   ; |Lab4|lpm_counter1:inst25|lpm_counter:lpm_counter_component|cntr_g9j:auto_generated|counter_comb_bita6      ; sumout           ;
; |Lab4|lpm_counter1:inst25|lpm_counter:lpm_counter_component|cntr_g9j:auto_generated|counter_reg_bit1a[4] ; |Lab4|lpm_counter1:inst25|lpm_counter:lpm_counter_component|cntr_g9j:auto_generated|safe_q[4]               ; regout           ;
; |Lab4|lpm_counter1:inst25|lpm_counter:lpm_counter_component|cntr_g9j:auto_generated|counter_reg_bit1a[3] ; |Lab4|lpm_counter1:inst25|lpm_counter:lpm_counter_component|cntr_g9j:auto_generated|safe_q[3]               ; regout           ;
; |Lab4|lpm_counter1:inst25|lpm_counter:lpm_counter_component|cntr_g9j:auto_generated|counter_reg_bit1a[2] ; |Lab4|lpm_counter1:inst25|lpm_counter:lpm_counter_component|cntr_g9j:auto_generated|safe_q[2]               ; regout           ;
; |Lab4|lpm_counter1:inst25|lpm_counter:lpm_counter_component|cntr_g9j:auto_generated|counter_reg_bit1a[1] ; |Lab4|lpm_counter1:inst25|lpm_counter:lpm_counter_component|cntr_g9j:auto_generated|safe_q[1]               ; regout           ;
; |Lab4|lpm_counter1:inst25|lpm_counter:lpm_counter_component|cntr_g9j:auto_generated|counter_reg_bit1a[0] ; |Lab4|lpm_counter1:inst25|lpm_counter:lpm_counter_component|cntr_g9j:auto_generated|safe_q[0]               ; regout           ;
; |Lab4|lpm_mux1:inst42|lpm_mux:lpm_mux_component|mux_unc:auto_generated|l1_w0_n0_mux_dataout~1            ; |Lab4|lpm_mux1:inst42|lpm_mux:lpm_mux_component|mux_unc:auto_generated|l1_w0_n0_mux_dataout~1               ; out0             ;
; |Lab4|lpm_mux1:inst42|lpm_mux:lpm_mux_component|mux_unc:auto_generated|l1_w0_n0_mux_dataout              ; |Lab4|lpm_mux1:inst42|lpm_mux:lpm_mux_component|mux_unc:auto_generated|l1_w0_n0_mux_dataout                 ; out0             ;
; |Lab4|lpm_mux1:inst42|lpm_mux:lpm_mux_component|mux_unc:auto_generated|l1_w1_n0_mux_dataout~1            ; |Lab4|lpm_mux1:inst42|lpm_mux:lpm_mux_component|mux_unc:auto_generated|l1_w1_n0_mux_dataout~1               ; out0             ;
; |Lab4|lpm_mux1:inst42|lpm_mux:lpm_mux_component|mux_unc:auto_generated|l1_w1_n0_mux_dataout              ; |Lab4|lpm_mux1:inst42|lpm_mux:lpm_mux_component|mux_unc:auto_generated|l1_w1_n0_mux_dataout                 ; out0             ;
; |Lab4|lpm_mux1:inst42|lpm_mux:lpm_mux_component|mux_unc:auto_generated|l1_w2_n0_mux_dataout~1            ; |Lab4|lpm_mux1:inst42|lpm_mux:lpm_mux_component|mux_unc:auto_generated|l1_w2_n0_mux_dataout~1               ; out0             ;
; |Lab4|lpm_mux1:inst42|lpm_mux:lpm_mux_component|mux_unc:auto_generated|l1_w2_n0_mux_dataout              ; |Lab4|lpm_mux1:inst42|lpm_mux:lpm_mux_component|mux_unc:auto_generated|l1_w2_n0_mux_dataout                 ; out0             ;
; |Lab4|lpm_mux1:inst42|lpm_mux:lpm_mux_component|mux_unc:auto_generated|l1_w3_n0_mux_dataout~1            ; |Lab4|lpm_mux1:inst42|lpm_mux:lpm_mux_component|mux_unc:auto_generated|l1_w3_n0_mux_dataout~1               ; out0             ;
; |Lab4|lpm_mux1:inst42|lpm_mux:lpm_mux_component|mux_unc:auto_generated|l1_w4_n0_mux_dataout~1            ; |Lab4|lpm_mux1:inst42|lpm_mux:lpm_mux_component|mux_unc:auto_generated|l1_w4_n0_mux_dataout~1               ; out0             ;
; |Lab4|lpm_mux1:inst42|lpm_mux:lpm_mux_component|mux_unc:auto_generated|l1_w5_n0_mux_dataout~1            ; |Lab4|lpm_mux1:inst42|lpm_mux:lpm_mux_component|mux_unc:auto_generated|l1_w5_n0_mux_dataout~1               ; out0             ;
; |Lab4|lpm_decode0:inst9|lpm_decode:lpm_decode_component|decode_5sf:auto_generated|w_anode1w[3]           ; |Lab4|lpm_decode0:inst9|lpm_decode:lpm_decode_component|decode_5sf:auto_generated|w_anode1w[3]              ; out0             ;
; |Lab4|lpm_decode0:inst9|lpm_decode:lpm_decode_component|decode_5sf:auto_generated|w_anode1w[2]           ; |Lab4|lpm_decode0:inst9|lpm_decode:lpm_decode_component|decode_5sf:auto_generated|w_anode1w[2]              ; out0             ;
; |Lab4|lpm_decode0:inst9|lpm_decode:lpm_decode_component|decode_5sf:auto_generated|w_anode1w[1]           ; |Lab4|lpm_decode0:inst9|lpm_decode:lpm_decode_component|decode_5sf:auto_generated|w_anode1w[1]              ; out0             ;
; |Lab4|lpm_decode0:inst9|lpm_decode:lpm_decode_component|decode_5sf:auto_generated|w_anode28w[3]          ; |Lab4|lpm_decode0:inst9|lpm_decode:lpm_decode_component|decode_5sf:auto_generated|w_anode28w[3]             ; out0             ;
; |Lab4|lpm_decode0:inst9|lpm_decode:lpm_decode_component|decode_5sf:auto_generated|w_anode28w[2]          ; |Lab4|lpm_decode0:inst9|lpm_decode:lpm_decode_component|decode_5sf:auto_generated|w_anode28w[2]             ; out0             ;
; |Lab4|lpm_decode0:inst9|lpm_decode:lpm_decode_component|decode_5sf:auto_generated|w_anode28w[1]          ; |Lab4|lpm_decode0:inst9|lpm_decode:lpm_decode_component|decode_5sf:auto_generated|w_anode28w[1]             ; out0             ;
; |Lab4|lpm_decode0:inst9|lpm_decode:lpm_decode_component|decode_5sf:auto_generated|w_anode48w[3]          ; |Lab4|lpm_decode0:inst9|lpm_decode:lpm_decode_component|decode_5sf:auto_generated|w_anode48w[3]             ; out0             ;
; |Lab4|lpm_decode0:inst9|lpm_decode:lpm_decode_component|decode_5sf:auto_generated|w_anode48w[2]          ; |Lab4|lpm_decode0:inst9|lpm_decode:lpm_decode_component|decode_5sf:auto_generated|w_anode48w[2]             ; out0             ;
; |Lab4|lpm_decode0:inst9|lpm_decode:lpm_decode_component|decode_5sf:auto_generated|w_anode48w[1]          ; |Lab4|lpm_decode0:inst9|lpm_decode:lpm_decode_component|decode_5sf:auto_generated|w_anode48w[1]             ; out0             ;
; |Lab4|lpm_decode0:inst9|lpm_decode:lpm_decode_component|decode_5sf:auto_generated|w_anode68w[2]          ; |Lab4|lpm_decode0:inst9|lpm_decode:lpm_decode_component|decode_5sf:auto_generated|w_anode68w[2]             ; out0             ;
; |Lab4|lpm_decode0:inst9|lpm_decode:lpm_decode_component|decode_5sf:auto_generated|w_anode68w[1]          ; |Lab4|lpm_decode0:inst9|lpm_decode:lpm_decode_component|decode_5sf:auto_generated|w_anode68w[1]             ; out0             ;
; |Lab4|lpm_rom0:inst|altsyncram:altsyncram_component|altsyncram_os61:auto_generated|ram_block1a1          ; |Lab4|lpm_rom0:inst|altsyncram:altsyncram_component|altsyncram_os61:auto_generated|q_a[1]                   ; portadataout0    ;
; |Lab4|lpm_bustri0:inst1|lpm_bustri:lpm_bustri_component|dout[1]                                          ; |Lab4|lpm_bustri0:inst1|lpm_bustri:lpm_bustri_component|dout[1]                                             ; out              ;
; |Lab4|lpm_ram_dq0:inst2|altsyncram:altsyncram_component|altsyncram_dvb1:auto_generated|ram_block1a0      ; |Lab4|lpm_ram_dq0:inst2|altsyncram:altsyncram_component|altsyncram_dvb1:auto_generated|q_a[0]               ; portadataout0    ;
; |Lab4|lpm_ram_dq0:inst2|altsyncram:altsyncram_component|altsyncram_dvb1:auto_generated|ram_block1a1      ; |Lab4|lpm_ram_dq0:inst2|altsyncram:altsyncram_component|altsyncram_dvb1:auto_generated|q_a[1]               ; portadataout0    ;
; |Lab4|lpm_ram_dq0:inst2|altsyncram:altsyncram_component|altsyncram_dvb1:auto_generated|ram_block1a2      ; |Lab4|lpm_ram_dq0:inst2|altsyncram:altsyncram_component|altsyncram_dvb1:auto_generated|q_a[2]               ; portadataout0    ;
; |Lab4|lpm_bustri1:inst3|lpm_bustri:lpm_bustri_component|dout[2]                                          ; |Lab4|lpm_bustri1:inst3|lpm_bustri:lpm_bustri_component|dout[2]                                             ; out              ;
; |Lab4|lpm_bustri1:inst3|lpm_bustri:lpm_bustri_component|dout[1]                                          ; |Lab4|lpm_bustri1:inst3|lpm_bustri:lpm_bustri_component|dout[1]                                             ; out              ;
; |Lab4|lpm_bustri1:inst3|lpm_bustri:lpm_bustri_component|dout[0]                                          ; |Lab4|lpm_bustri1:inst3|lpm_bustri:lpm_bustri_component|dout[0]                                             ; out              ;
; |Lab4|lpm_dff0:inst15|lpm_ff:lpm_ff_component|dffs[2]                                                    ; |Lab4|lpm_dff0:inst15|lpm_ff:lpm_ff_component|dffs[2]                                                       ; regout           ;
; |Lab4|lpm_bustri1:inst16|lpm_bustri:lpm_bustri_component|din[2]                                          ; |Lab4|lpm_bustri1:inst16|lpm_bustri:lpm_bustri_component|din[2]                                             ; out              ;
; |Lab4|lpm_bustri1:inst16|lpm_bustri:lpm_bustri_component|din[1]                                          ; |Lab4|lpm_bustri1:inst16|lpm_bustri:lpm_bustri_component|din[1]                                             ; out              ;
; |Lab4|lpm_bustri1:inst16|lpm_bustri:lpm_bustri_component|din[0]                                          ; |Lab4|lpm_bustri1:inst16|lpm_bustri:lpm_bustri_component|din[0]                                             ; out              ;
; |Lab4|lpm_dff0:inst13|lpm_ff:lpm_ff_component|dffs[1]                                                    ; |Lab4|lpm_dff0:inst13|lpm_ff:lpm_ff_component|dffs[1]                                                       ; regout           ;
; |Lab4|lpm_decode2:inst28|lpm_decode:lpm_decode_component|decode_trf:auto_generated|eq_node[0]            ; |Lab4|lpm_decode2:inst28|lpm_decode:lpm_decode_component|decode_trf:auto_generated|eq_node[0]               ; out0             ;
; |Lab4|lpm_counter0:inst11|lpm_counter:lpm_counter_component|cntr_r3i:auto_generated|counter_comb_bita0   ; |Lab4|lpm_counter0:inst11|lpm_counter:lpm_counter_component|cntr_r3i:auto_generated|counter_comb_bita0      ; sumout           ;
; |Lab4|lpm_counter0:inst11|lpm_counter:lpm_counter_component|cntr_r3i:auto_generated|counter_comb_bita0   ; |Lab4|lpm_counter0:inst11|lpm_counter:lpm_counter_component|cntr_r3i:auto_generated|counter_comb_bita0~COUT ; cout             ;
; |Lab4|lpm_counter0:inst11|lpm_counter:lpm_counter_component|cntr_r3i:auto_generated|counter_comb_bita1   ; |Lab4|lpm_counter0:inst11|lpm_counter:lpm_counter_component|cntr_r3i:auto_generated|counter_comb_bita1      ; sumout           ;
; |Lab4|lpm_counter0:inst11|lpm_counter:lpm_counter_component|cntr_r3i:auto_generated|counter_comb_bita1   ; |Lab4|lpm_counter0:inst11|lpm_counter:lpm_counter_component|cntr_r3i:auto_generated|counter_comb_bita1~COUT ; cout             ;
; |Lab4|lpm_counter0:inst11|lpm_counter:lpm_counter_component|cntr_r3i:auto_generated|counter_comb_bita2   ; |Lab4|lpm_counter0:inst11|lpm_counter:lpm_counter_component|cntr_r3i:auto_generated|counter_comb_bita2      ; sumout           ;
; |Lab4|lpm_counter0:inst11|lpm_counter:lpm_counter_component|cntr_r3i:auto_generated|counter_reg_bit1a[2] ; |Lab4|lpm_counter0:inst11|lpm_counter:lpm_counter_component|cntr_r3i:auto_generated|safe_q[2]               ; regout           ;
; |Lab4|lpm_counter0:inst11|lpm_counter:lpm_counter_component|cntr_r3i:auto_generated|counter_reg_bit1a[1] ; |Lab4|lpm_counter0:inst11|lpm_counter:lpm_counter_component|cntr_r3i:auto_generated|safe_q[1]               ; regout           ;
; |Lab4|lpm_counter0:inst11|lpm_counter:lpm_counter_component|cntr_r3i:auto_generated|counter_reg_bit1a[0] ; |Lab4|lpm_counter0:inst11|lpm_counter:lpm_counter_component|cntr_r3i:auto_generated|safe_q[0]               ; regout           ;
; |Lab4|lpm_decode1:inst12|lpm_decode:lpm_decode_component|decode_u7f:auto_generated|w_anode19w[3]         ; |Lab4|lpm_decode1:inst12|lpm_decode:lpm_decode_component|decode_u7f:auto_generated|w_anode19w[3]            ; out0             ;
; |Lab4|lpm_decode1:inst12|lpm_decode:lpm_decode_component|decode_u7f:auto_generated|w_anode19w[2]         ; |Lab4|lpm_decode1:inst12|lpm_decode:lpm_decode_component|decode_u7f:auto_generated|w_anode19w[2]            ; out0             ;
; |Lab4|lpm_decode1:inst12|lpm_decode:lpm_decode_component|decode_u7f:auto_generated|w_anode1w[3]          ; |Lab4|lpm_decode1:inst12|lpm_decode:lpm_decode_component|decode_u7f:auto_generated|w_anode1w[3]             ; out0             ;
; |Lab4|lpm_decode1:inst12|lpm_decode:lpm_decode_component|decode_u7f:auto_generated|w_anode1w[2]          ; |Lab4|lpm_decode1:inst12|lpm_decode:lpm_decode_component|decode_u7f:auto_generated|w_anode1w[2]             ; out0             ;
; |Lab4|lpm_decode1:inst12|lpm_decode:lpm_decode_component|decode_u7f:auto_generated|w_anode30w[3]         ; |Lab4|lpm_decode1:inst12|lpm_decode:lpm_decode_component|decode_u7f:auto_generated|w_anode30w[3]            ; out0             ;
; |Lab4|lpm_decode1:inst12|lpm_decode:lpm_decode_component|decode_u7f:auto_generated|w_anode30w[2]         ; |Lab4|lpm_decode1:inst12|lpm_decode:lpm_decode_component|decode_u7f:auto_generated|w_anode30w[2]            ; out0             ;
; |Lab4|lpm_decode1:inst12|lpm_decode:lpm_decode_component|decode_u7f:auto_generated|w_anode41w[3]         ; |Lab4|lpm_decode1:inst12|lpm_decode:lpm_decode_component|decode_u7f:auto_generated|w_anode41w[3]            ; out0             ;
; |Lab4|lpm_decode1:inst12|lpm_decode:lpm_decode_component|decode_u7f:auto_generated|w_anode41w[2]         ; |Lab4|lpm_decode1:inst12|lpm_decode:lpm_decode_component|decode_u7f:auto_generated|w_anode41w[2]            ; out0             ;
; |Lab4|lpm_decode1:inst12|lpm_decode:lpm_decode_component|decode_u7f:auto_generated|w_anode52w[3]         ; |Lab4|lpm_decode1:inst12|lpm_decode:lpm_decode_component|decode_u7f:auto_generated|w_anode52w[3]            ; out0             ;
; |Lab4|lpm_decode1:inst12|lpm_decode:lpm_decode_component|decode_u7f:auto_generated|w_anode52w[2]         ; |Lab4|lpm_decode1:inst12|lpm_decode:lpm_decode_component|decode_u7f:auto_generated|w_anode52w[2]            ; out0             ;
; |Lab4|lpm_decode1:inst12|lpm_decode:lpm_decode_component|decode_u7f:auto_generated|w_anode63w[3]         ; |Lab4|lpm_decode1:inst12|lpm_decode:lpm_decode_component|decode_u7f:auto_generated|w_anode63w[3]            ; out0             ;
; |Lab4|lpm_decode1:inst12|lpm_decode:lpm_decode_component|decode_u7f:auto_generated|w_anode63w[2]         ; |Lab4|lpm_decode1:inst12|lpm_decode:lpm_decode_component|decode_u7f:auto_generated|w_anode63w[2]            ; out0             ;
; |Lab4|lpm_decode1:inst12|lpm_decode:lpm_decode_component|decode_u7f:auto_generated|w_anode74w[3]         ; |Lab4|lpm_decode1:inst12|lpm_decode:lpm_decode_component|decode_u7f:auto_generated|w_anode74w[3]            ; out0             ;
; |Lab4|lpm_decode1:inst12|lpm_decode:lpm_decode_component|decode_u7f:auto_generated|w_anode74w[2]         ; |Lab4|lpm_decode1:inst12|lpm_decode:lpm_decode_component|decode_u7f:auto_generated|w_anode74w[2]            ; out0             ;
; |Lab4|lpm_mux1:inst56|lpm_mux:lpm_mux_component|mux_unc:auto_generated|l1_w0_n0_mux_dataout~1            ; |Lab4|lpm_mux1:inst56|lpm_mux:lpm_mux_component|mux_unc:auto_generated|l1_w0_n0_mux_dataout~1               ; out0             ;
; |Lab4|lpm_mux1:inst56|lpm_mux:lpm_mux_component|mux_unc:auto_generated|l1_w0_n0_mux_dataout              ; |Lab4|lpm_mux1:inst56|lpm_mux:lpm_mux_component|mux_unc:auto_generated|l1_w0_n0_mux_dataout                 ; out0             ;
; |Lab4|lpm_mux1:inst56|lpm_mux:lpm_mux_component|mux_unc:auto_generated|l1_w1_n0_mux_dataout~0            ; |Lab4|lpm_mux1:inst56|lpm_mux:lpm_mux_component|mux_unc:auto_generated|l1_w1_n0_mux_dataout~0               ; out0             ;
; |Lab4|lpm_mux1:inst56|lpm_mux:lpm_mux_component|mux_unc:auto_generated|l1_w1_n0_mux_dataout~1            ; |Lab4|lpm_mux1:inst56|lpm_mux:lpm_mux_component|mux_unc:auto_generated|l1_w1_n0_mux_dataout~1               ; out0             ;
; |Lab4|lpm_mux1:inst56|lpm_mux:lpm_mux_component|mux_unc:auto_generated|l1_w1_n0_mux_dataout              ; |Lab4|lpm_mux1:inst56|lpm_mux:lpm_mux_component|mux_unc:auto_generated|l1_w1_n0_mux_dataout                 ; out0             ;
; |Lab4|lpm_mux1:inst56|lpm_mux:lpm_mux_component|mux_unc:auto_generated|l1_w2_n0_mux_dataout~1            ; |Lab4|lpm_mux1:inst56|lpm_mux:lpm_mux_component|mux_unc:auto_generated|l1_w2_n0_mux_dataout~1               ; out0             ;
; |Lab4|lpm_mux1:inst56|lpm_mux:lpm_mux_component|mux_unc:auto_generated|l1_w2_n0_mux_dataout              ; |Lab4|lpm_mux1:inst56|lpm_mux:lpm_mux_component|mux_unc:auto_generated|l1_w2_n0_mux_dataout                 ; out0             ;
; |Lab4|lpm_mux1:inst56|lpm_mux:lpm_mux_component|mux_unc:auto_generated|l1_w3_n0_mux_dataout~1            ; |Lab4|lpm_mux1:inst56|lpm_mux:lpm_mux_component|mux_unc:auto_generated|l1_w3_n0_mux_dataout~1               ; out0             ;
; |Lab4|lpm_mux1:inst56|lpm_mux:lpm_mux_component|mux_unc:auto_generated|l1_w3_n0_mux_dataout              ; |Lab4|lpm_mux1:inst56|lpm_mux:lpm_mux_component|mux_unc:auto_generated|l1_w3_n0_mux_dataout                 ; out0             ;
; |Lab4|lpm_mux1:inst56|lpm_mux:lpm_mux_component|mux_unc:auto_generated|l1_w4_n0_mux_dataout~1            ; |Lab4|lpm_mux1:inst56|lpm_mux:lpm_mux_component|mux_unc:auto_generated|l1_w4_n0_mux_dataout~1               ; out0             ;
; |Lab4|lpm_mux1:inst56|lpm_mux:lpm_mux_component|mux_unc:auto_generated|l1_w4_n0_mux_dataout              ; |Lab4|lpm_mux1:inst56|lpm_mux:lpm_mux_component|mux_unc:auto_generated|l1_w4_n0_mux_dataout                 ; out0             ;
; |Lab4|lpm_mux1:inst56|lpm_mux:lpm_mux_component|mux_unc:auto_generated|l1_w5_n0_mux_dataout~1            ; |Lab4|lpm_mux1:inst56|lpm_mux:lpm_mux_component|mux_unc:auto_generated|l1_w5_n0_mux_dataout~1               ; out0             ;
; |Lab4|lpm_mux1:inst56|lpm_mux:lpm_mux_component|mux_unc:auto_generated|l1_w5_n0_mux_dataout              ; |Lab4|lpm_mux1:inst56|lpm_mux:lpm_mux_component|mux_unc:auto_generated|l1_w5_n0_mux_dataout                 ; out0             ;
; |Lab4|lpm_add_sub0:inst47|lpm_add_sub:lpm_add_sub_component|add_sub_elh:auto_generated|op_1~0            ; |Lab4|lpm_add_sub0:inst47|lpm_add_sub:lpm_add_sub_component|add_sub_elh:auto_generated|op_1~0               ; out0             ;
; |Lab4|lpm_add_sub0:inst47|lpm_add_sub:lpm_add_sub_component|add_sub_elh:auto_generated|op_1~2            ; |Lab4|lpm_add_sub0:inst47|lpm_add_sub:lpm_add_sub_component|add_sub_elh:auto_generated|op_1~2               ; out0             ;
; |Lab4|lpm_add_sub0:inst47|lpm_add_sub:lpm_add_sub_component|add_sub_elh:auto_generated|op_1~3            ; |Lab4|lpm_add_sub0:inst47|lpm_add_sub:lpm_add_sub_component|add_sub_elh:auto_generated|op_1~3               ; out0             ;
; |Lab4|lpm_add_sub0:inst47|lpm_add_sub:lpm_add_sub_component|add_sub_elh:auto_generated|op_1~5            ; |Lab4|lpm_add_sub0:inst47|lpm_add_sub:lpm_add_sub_component|add_sub_elh:auto_generated|op_1~5               ; out0             ;
; |Lab4|lpm_add_sub0:inst47|lpm_add_sub:lpm_add_sub_component|add_sub_elh:auto_generated|op_1~7            ; |Lab4|lpm_add_sub0:inst47|lpm_add_sub:lpm_add_sub_component|add_sub_elh:auto_generated|op_1~7               ; out0             ;
; |Lab4|lpm_add_sub0:inst47|lpm_add_sub:lpm_add_sub_component|add_sub_elh:auto_generated|op_1~8            ; |Lab4|lpm_add_sub0:inst47|lpm_add_sub:lpm_add_sub_component|add_sub_elh:auto_generated|op_1~8               ; out0             ;
; |Lab4|lpm_add_sub0:inst47|lpm_add_sub:lpm_add_sub_component|add_sub_elh:auto_generated|op_1~11           ; |Lab4|lpm_add_sub0:inst47|lpm_add_sub:lpm_add_sub_component|add_sub_elh:auto_generated|op_1~11              ; out0             ;
; |Lab4|lpm_add_sub0:inst47|lpm_add_sub:lpm_add_sub_component|add_sub_elh:auto_generated|op_1~12           ; |Lab4|lpm_add_sub0:inst47|lpm_add_sub:lpm_add_sub_component|add_sub_elh:auto_generated|op_1~12              ; out0             ;
; |Lab4|lpm_add_sub0:inst47|lpm_add_sub:lpm_add_sub_component|add_sub_elh:auto_generated|op_1~13           ; |Lab4|lpm_add_sub0:inst47|lpm_add_sub:lpm_add_sub_component|add_sub_elh:auto_generated|op_1~13              ; out0             ;
; |Lab4|lpm_add_sub0:inst47|lpm_add_sub:lpm_add_sub_component|add_sub_elh:auto_generated|op_1~16           ; |Lab4|lpm_add_sub0:inst47|lpm_add_sub:lpm_add_sub_component|add_sub_elh:auto_generated|op_1~16              ; out0             ;
; |Lab4|lpm_add_sub0:inst47|lpm_add_sub:lpm_add_sub_component|add_sub_elh:auto_generated|op_1~17           ; |Lab4|lpm_add_sub0:inst47|lpm_add_sub:lpm_add_sub_component|add_sub_elh:auto_generated|op_1~17              ; out0             ;
+----------------------------------------------------------------------------------------------------------+-------------------------------------------------------------------------------------------------------------+------------------+


The following table displays output ports that do not toggle to 1 during simulation.
+-------------------------------------------------------------------------------------------------------------------------------------------------------------------------------------------------------------------------------------------+
; Missing 1-Value Coverage                                                                                                                                                                                                                  ;
+----------------------------------------------------------------------------------------------------------+-------------------------------------------------------------------------------------------------------------+------------------+
; Node Name                                                                                                ; Output Port Name                                                                                            ; Output Port Type ;
+----------------------------------------------------------------------------------------------------------+-------------------------------------------------------------------------------------------------------------+------------------+
; |Lab4|address[7]                                                                                         ; |Lab4|address[7]                                                                                            ; pin_out          ;
; |Lab4|address[6]                                                                                         ; |Lab4|address[6]                                                                                            ; pin_out          ;
; |Lab4|first[9]                                                                                           ; |Lab4|first[9]                                                                                              ; pin_out          ;
; |Lab4|first[8]                                                                                           ; |Lab4|first[8]                                                                                              ; pin_out          ;
; |Lab4|first[7]                                                                                           ; |Lab4|first[7]                                                                                              ; pin_out          ;
; |Lab4|first[6]                                                                                           ; |Lab4|first[6]                                                                                              ; pin_out          ;
; |Lab4|first[5]                                                                                           ; |Lab4|first[5]                                                                                              ; pin_out          ;
; |Lab4|first[4]                                                                                           ; |Lab4|first[4]                                                                                              ; pin_out          ;
; |Lab4|first[3]                                                                                           ; |Lab4|first[3]                                                                                              ; pin_out          ;
; |Lab4|first[2]                                                                                           ; |Lab4|first[2]                                                                                              ; pin_out          ;
; |Lab4|first[0]                                                                                           ; |Lab4|first[0]                                                                                              ; pin_out          ;
; |Lab4|third[9]                                                                                           ; |Lab4|third[9]                                                                                              ; pin_out          ;
; |Lab4|third[8]                                                                                           ; |Lab4|third[8]                                                                                              ; pin_out          ;
; |Lab4|third[7]                                                                                           ; |Lab4|third[7]                                                                                              ; pin_out          ;
; |Lab4|third[6]                                                                                           ; |Lab4|third[6]                                                                                              ; pin_out          ;
; |Lab4|third[5]                                                                                           ; |Lab4|third[5]                                                                                              ; pin_out          ;
; |Lab4|third[4]                                                                                           ; |Lab4|third[4]                                                                                              ; pin_out          ;
; |Lab4|third[3]                                                                                           ; |Lab4|third[3]                                                                                              ; pin_out          ;
; |Lab4|third[1]                                                                                           ; |Lab4|third[1]                                                                                              ; pin_out          ;
; |Lab4|third[0]                                                                                           ; |Lab4|third[0]                                                                                              ; pin_out          ;
; |Lab4|gdfx_temp0[9]                                                                                      ; |Lab4|gdfx_temp0[9]                                                                                         ; out0             ;
; |Lab4|gdfx_temp0[8]                                                                                      ; |Lab4|gdfx_temp0[8]                                                                                         ; out0             ;
; |Lab4|gdfx_temp0[7]                                                                                      ; |Lab4|gdfx_temp0[7]                                                                                         ; out0             ;
; |Lab4|gdfx_temp0[6]                                                                                      ; |Lab4|gdfx_temp0[6]                                                                                         ; out0             ;
; |Lab4|gdfx_temp0[5]                                                                                      ; |Lab4|gdfx_temp0[5]                                                                                         ; out0             ;
; |Lab4|gdfx_temp0[4]                                                                                      ; |Lab4|gdfx_temp0[4]                                                                                         ; out0             ;
; |Lab4|gdfx_temp0[3]                                                                                      ; |Lab4|gdfx_temp0[3]                                                                                         ; out0             ;
; |Lab4|inst45                                                                                             ; |Lab4|inst45                                                                                                ; out0             ;
; |Lab4|inst17                                                                                             ; |Lab4|inst17                                                                                                ; out0             ;
; |Lab4|second[9]                                                                                          ; |Lab4|second[9]                                                                                             ; pin_out          ;
; |Lab4|second[8]                                                                                          ; |Lab4|second[8]                                                                                             ; pin_out          ;
; |Lab4|second[7]                                                                                          ; |Lab4|second[7]                                                                                             ; pin_out          ;
; |Lab4|second[6]                                                                                          ; |Lab4|second[6]                                                                                             ; pin_out          ;
; |Lab4|second[5]                                                                                          ; |Lab4|second[5]                                                                                             ; pin_out          ;
; |Lab4|second[4]                                                                                          ; |Lab4|second[4]                                                                                             ; pin_out          ;
; |Lab4|second[3]                                                                                          ; |Lab4|second[3]                                                                                             ; pin_out          ;
; |Lab4|second[2]                                                                                          ; |Lab4|second[2]                                                                                             ; pin_out          ;
; |Lab4|second[0]                                                                                          ; |Lab4|second[0]                                                                                             ; pin_out          ;
; |Lab4|data[9]                                                                                            ; |Lab4|data[9]                                                                                               ; pin_out          ;
; |Lab4|data[8]                                                                                            ; |Lab4|data[8]                                                                                               ; pin_out          ;
; |Lab4|data[7]                                                                                            ; |Lab4|data[7]                                                                                               ; pin_out          ;
; |Lab4|data[6]                                                                                            ; |Lab4|data[6]                                                                                               ; pin_out          ;
; |Lab4|data[5]                                                                                            ; |Lab4|data[5]                                                                                               ; pin_out          ;
; |Lab4|data[4]                                                                                            ; |Lab4|data[4]                                                                                               ; pin_out          ;
; |Lab4|data[3]                                                                                            ; |Lab4|data[3]                                                                                               ; pin_out          ;
; |Lab4|lpm_dff0:inst14|lpm_ff:lpm_ff_component|dffs[9]                                                    ; |Lab4|lpm_dff0:inst14|lpm_ff:lpm_ff_component|dffs[9]                                                       ; regout           ;
; |Lab4|lpm_dff0:inst14|lpm_ff:lpm_ff_component|dffs[8]                                                    ; |Lab4|lpm_dff0:inst14|lpm_ff:lpm_ff_component|dffs[8]                                                       ; regout           ;
; |Lab4|lpm_dff0:inst14|lpm_ff:lpm_ff_component|dffs[7]                                                    ; |Lab4|lpm_dff0:inst14|lpm_ff:lpm_ff_component|dffs[7]                                                       ; regout           ;
; |Lab4|lpm_dff0:inst14|lpm_ff:lpm_ff_component|dffs[6]                                                    ; |Lab4|lpm_dff0:inst14|lpm_ff:lpm_ff_component|dffs[6]                                                       ; regout           ;
; |Lab4|lpm_dff0:inst14|lpm_ff:lpm_ff_component|dffs[5]                                                    ; |Lab4|lpm_dff0:inst14|lpm_ff:lpm_ff_component|dffs[5]                                                       ; regout           ;
; |Lab4|lpm_dff0:inst14|lpm_ff:lpm_ff_component|dffs[4]                                                    ; |Lab4|lpm_dff0:inst14|lpm_ff:lpm_ff_component|dffs[4]                                                       ; regout           ;
; |Lab4|lpm_dff0:inst14|lpm_ff:lpm_ff_component|dffs[3]                                                    ; |Lab4|lpm_dff0:inst14|lpm_ff:lpm_ff_component|dffs[3]                                                       ; regout           ;
; |Lab4|lpm_dff0:inst14|lpm_ff:lpm_ff_component|dffs[2]                                                    ; |Lab4|lpm_dff0:inst14|lpm_ff:lpm_ff_component|dffs[2]                                                       ; regout           ;
; |Lab4|lpm_dff0:inst14|lpm_ff:lpm_ff_component|dffs[0]                                                    ; |Lab4|lpm_dff0:inst14|lpm_ff:lpm_ff_component|dffs[0]                                                       ; regout           ;
; |Lab4|lpm_dff1:inst57|lpm_ff:lpm_ff_component|dffs[7]                                                    ; |Lab4|lpm_dff1:inst57|lpm_ff:lpm_ff_component|dffs[7]                                                       ; regout           ;
; |Lab4|lpm_dff1:inst57|lpm_ff:lpm_ff_component|dffs[6]                                                    ; |Lab4|lpm_dff1:inst57|lpm_ff:lpm_ff_component|dffs[6]                                                       ; regout           ;
; |Lab4|lpm_counter1:inst25|lpm_counter:lpm_counter_component|cntr_g9j:auto_generated|counter_comb_bita6   ; |Lab4|lpm_counter1:inst25|lpm_counter:lpm_counter_component|cntr_g9j:auto_generated|counter_comb_bita6~COUT ; cout             ;
; |Lab4|lpm_counter1:inst25|lpm_counter:lpm_counter_component|cntr_g9j:auto_generated|counter_comb_bita7   ; |Lab4|lpm_counter1:inst25|lpm_counter:lpm_counter_component|cntr_g9j:auto_generated|counter_comb_bita7      ; sumout           ;
; |Lab4|lpm_counter1:inst25|lpm_counter:lpm_counter_component|cntr_g9j:auto_generated|counter_reg_bit1a[7] ; |Lab4|lpm_counter1:inst25|lpm_counter:lpm_counter_component|cntr_g9j:auto_generated|safe_q[7]               ; regout           ;
; |Lab4|lpm_counter1:inst25|lpm_counter:lpm_counter_component|cntr_g9j:auto_generated|counter_reg_bit1a[6] ; |Lab4|lpm_counter1:inst25|lpm_counter:lpm_counter_component|cntr_g9j:auto_generated|safe_q[6]               ; regout           ;
; |Lab4|lpm_mux1:inst42|lpm_mux:lpm_mux_component|mux_unc:auto_generated|l1_w0_n0_mux_dataout~0            ; |Lab4|lpm_mux1:inst42|lpm_mux:lpm_mux_component|mux_unc:auto_generated|l1_w0_n0_mux_dataout~0               ; out0             ;
; |Lab4|lpm_mux1:inst42|lpm_mux:lpm_mux_component|mux_unc:auto_generated|l1_w1_n0_mux_dataout~0            ; |Lab4|lpm_mux1:inst42|lpm_mux:lpm_mux_component|mux_unc:auto_generated|l1_w1_n0_mux_dataout~0               ; out0             ;
; |Lab4|lpm_mux1:inst42|lpm_mux:lpm_mux_component|mux_unc:auto_generated|l1_w2_n0_mux_dataout~0            ; |Lab4|lpm_mux1:inst42|lpm_mux:lpm_mux_component|mux_unc:auto_generated|l1_w2_n0_mux_dataout~0               ; out0             ;
; |Lab4|lpm_mux1:inst42|lpm_mux:lpm_mux_component|mux_unc:auto_generated|l1_w6_n0_mux_dataout~1            ; |Lab4|lpm_mux1:inst42|lpm_mux:lpm_mux_component|mux_unc:auto_generated|l1_w6_n0_mux_dataout~1               ; out0             ;
; |Lab4|lpm_mux1:inst42|lpm_mux:lpm_mux_component|mux_unc:auto_generated|l1_w7_n0_mux_dataout~1            ; |Lab4|lpm_mux1:inst42|lpm_mux:lpm_mux_component|mux_unc:auto_generated|l1_w7_n0_mux_dataout~1               ; out0             ;
; |Lab4|lpm_dff0:inst24|lpm_ff:lpm_ff_component|dffs[9]                                                    ; |Lab4|lpm_dff0:inst24|lpm_ff:lpm_ff_component|dffs[9]                                                       ; regout           ;
; |Lab4|lpm_dff0:inst24|lpm_ff:lpm_ff_component|dffs[8]                                                    ; |Lab4|lpm_dff0:inst24|lpm_ff:lpm_ff_component|dffs[8]                                                       ; regout           ;
; |Lab4|lpm_dff0:inst24|lpm_ff:lpm_ff_component|dffs[7]                                                    ; |Lab4|lpm_dff0:inst24|lpm_ff:lpm_ff_component|dffs[7]                                                       ; regout           ;
; |Lab4|lpm_dff0:inst24|lpm_ff:lpm_ff_component|dffs[6]                                                    ; |Lab4|lpm_dff0:inst24|lpm_ff:lpm_ff_component|dffs[6]                                                       ; regout           ;
; |Lab4|lpm_dff0:inst24|lpm_ff:lpm_ff_component|dffs[5]                                                    ; |Lab4|lpm_dff0:inst24|lpm_ff:lpm_ff_component|dffs[5]                                                       ; regout           ;
; |Lab4|lpm_dff0:inst24|lpm_ff:lpm_ff_component|dffs[4]                                                    ; |Lab4|lpm_dff0:inst24|lpm_ff:lpm_ff_component|dffs[4]                                                       ; regout           ;
; |Lab4|lpm_dff0:inst24|lpm_ff:lpm_ff_component|dffs[3]                                                    ; |Lab4|lpm_dff0:inst24|lpm_ff:lpm_ff_component|dffs[3]                                                       ; regout           ;
; |Lab4|lpm_dff0:inst24|lpm_ff:lpm_ff_component|dffs[2]                                                    ; |Lab4|lpm_dff0:inst24|lpm_ff:lpm_ff_component|dffs[2]                                                       ; regout           ;
; |Lab4|lpm_dff0:inst24|lpm_ff:lpm_ff_component|dffs[1]                                                    ; |Lab4|lpm_dff0:inst24|lpm_ff:lpm_ff_component|dffs[1]                                                       ; regout           ;
; |Lab4|lpm_dff0:inst24|lpm_ff:lpm_ff_component|dffs[0]                                                    ; |Lab4|lpm_dff0:inst24|lpm_ff:lpm_ff_component|dffs[0]                                                       ; regout           ;
; |Lab4|lpm_dff0:inst29|lpm_ff:lpm_ff_component|dffs[9]                                                    ; |Lab4|lpm_dff0:inst29|lpm_ff:lpm_ff_component|dffs[9]                                                       ; regout           ;
; |Lab4|lpm_dff0:inst29|lpm_ff:lpm_ff_component|dffs[8]                                                    ; |Lab4|lpm_dff0:inst29|lpm_ff:lpm_ff_component|dffs[8]                                                       ; regout           ;
; |Lab4|lpm_dff0:inst29|lpm_ff:lpm_ff_component|dffs[7]                                                    ; |Lab4|lpm_dff0:inst29|lpm_ff:lpm_ff_component|dffs[7]                                                       ; regout           ;
; |Lab4|lpm_dff0:inst29|lpm_ff:lpm_ff_component|dffs[6]                                                    ; |Lab4|lpm_dff0:inst29|lpm_ff:lpm_ff_component|dffs[6]                                                       ; regout           ;
; |Lab4|lpm_dff0:inst29|lpm_ff:lpm_ff_component|dffs[5]                                                    ; |Lab4|lpm_dff0:inst29|lpm_ff:lpm_ff_component|dffs[5]                                                       ; regout           ;
; |Lab4|lpm_dff0:inst29|lpm_ff:lpm_ff_component|dffs[4]                                                    ; |Lab4|lpm_dff0:inst29|lpm_ff:lpm_ff_component|dffs[4]                                                       ; regout           ;
; |Lab4|lpm_dff0:inst29|lpm_ff:lpm_ff_component|dffs[3]                                                    ; |Lab4|lpm_dff0:inst29|lpm_ff:lpm_ff_component|dffs[3]                                                       ; regout           ;
; |Lab4|lpm_dff0:inst29|lpm_ff:lpm_ff_component|dffs[2]                                                    ; |Lab4|lpm_dff0:inst29|lpm_ff:lpm_ff_component|dffs[2]                                                       ; regout           ;
; |Lab4|lpm_dff0:inst29|lpm_ff:lpm_ff_component|dffs[1]                                                    ; |Lab4|lpm_dff0:inst29|lpm_ff:lpm_ff_component|dffs[1]                                                       ; regout           ;
; |Lab4|lpm_dff0:inst29|lpm_ff:lpm_ff_component|dffs[0]                                                    ; |Lab4|lpm_dff0:inst29|lpm_ff:lpm_ff_component|dffs[0]                                                       ; regout           ;
; |Lab4|lpm_dff0:inst21|lpm_ff:lpm_ff_component|dffs[9]                                                    ; |Lab4|lpm_dff0:inst21|lpm_ff:lpm_ff_component|dffs[9]                                                       ; regout           ;
; |Lab4|lpm_dff0:inst21|lpm_ff:lpm_ff_component|dffs[8]                                                    ; |Lab4|lpm_dff0:inst21|lpm_ff:lpm_ff_component|dffs[8]                                                       ; regout           ;
; |Lab4|lpm_dff0:inst21|lpm_ff:lpm_ff_component|dffs[7]                                                    ; |Lab4|lpm_dff0:inst21|lpm_ff:lpm_ff_component|dffs[7]                                                       ; regout           ;
; |Lab4|lpm_dff0:inst21|lpm_ff:lpm_ff_component|dffs[6]                                                    ; |Lab4|lpm_dff0:inst21|lpm_ff:lpm_ff_component|dffs[6]                                                       ; regout           ;
; |Lab4|lpm_dff0:inst21|lpm_ff:lpm_ff_component|dffs[5]                                                    ; |Lab4|lpm_dff0:inst21|lpm_ff:lpm_ff_component|dffs[5]                                                       ; regout           ;
; |Lab4|lpm_dff0:inst21|lpm_ff:lpm_ff_component|dffs[4]                                                    ; |Lab4|lpm_dff0:inst21|lpm_ff:lpm_ff_component|dffs[4]                                                       ; regout           ;
; |Lab4|lpm_dff0:inst21|lpm_ff:lpm_ff_component|dffs[3]                                                    ; |Lab4|lpm_dff0:inst21|lpm_ff:lpm_ff_component|dffs[3]                                                       ; regout           ;
; |Lab4|lpm_dff0:inst21|lpm_ff:lpm_ff_component|dffs[2]                                                    ; |Lab4|lpm_dff0:inst21|lpm_ff:lpm_ff_component|dffs[2]                                                       ; regout           ;
; |Lab4|lpm_dff0:inst21|lpm_ff:lpm_ff_component|dffs[1]                                                    ; |Lab4|lpm_dff0:inst21|lpm_ff:lpm_ff_component|dffs[1]                                                       ; regout           ;
; |Lab4|lpm_dff0:inst21|lpm_ff:lpm_ff_component|dffs[0]                                                    ; |Lab4|lpm_dff0:inst21|lpm_ff:lpm_ff_component|dffs[0]                                                       ; regout           ;
; |Lab4|lpm_dff0:inst23|lpm_ff:lpm_ff_component|dffs[9]                                                    ; |Lab4|lpm_dff0:inst23|lpm_ff:lpm_ff_component|dffs[9]                                                       ; regout           ;
; |Lab4|lpm_dff0:inst23|lpm_ff:lpm_ff_component|dffs[8]                                                    ; |Lab4|lpm_dff0:inst23|lpm_ff:lpm_ff_component|dffs[8]                                                       ; regout           ;
; |Lab4|lpm_dff0:inst23|lpm_ff:lpm_ff_component|dffs[7]                                                    ; |Lab4|lpm_dff0:inst23|lpm_ff:lpm_ff_component|dffs[7]                                                       ; regout           ;
; |Lab4|lpm_dff0:inst23|lpm_ff:lpm_ff_component|dffs[6]                                                    ; |Lab4|lpm_dff0:inst23|lpm_ff:lpm_ff_component|dffs[6]                                                       ; regout           ;
; |Lab4|lpm_dff0:inst23|lpm_ff:lpm_ff_component|dffs[5]                                                    ; |Lab4|lpm_dff0:inst23|lpm_ff:lpm_ff_component|dffs[5]                                                       ; regout           ;
; |Lab4|lpm_dff0:inst23|lpm_ff:lpm_ff_component|dffs[4]                                                    ; |Lab4|lpm_dff0:inst23|lpm_ff:lpm_ff_component|dffs[4]                                                       ; regout           ;
; |Lab4|lpm_dff0:inst23|lpm_ff:lpm_ff_component|dffs[3]                                                    ; |Lab4|lpm_dff0:inst23|lpm_ff:lpm_ff_component|dffs[3]                                                       ; regout           ;
; |Lab4|lpm_dff0:inst23|lpm_ff:lpm_ff_component|dffs[2]                                                    ; |Lab4|lpm_dff0:inst23|lpm_ff:lpm_ff_component|dffs[2]                                                       ; regout           ;
; |Lab4|lpm_dff0:inst23|lpm_ff:lpm_ff_component|dffs[1]                                                    ; |Lab4|lpm_dff0:inst23|lpm_ff:lpm_ff_component|dffs[1]                                                       ; regout           ;
; |Lab4|lpm_dff0:inst23|lpm_ff:lpm_ff_component|dffs[0]                                                    ; |Lab4|lpm_dff0:inst23|lpm_ff:lpm_ff_component|dffs[0]                                                       ; regout           ;
; |Lab4|lpm_dff0:inst6|lpm_ff:lpm_ff_component|dffs[9]                                                     ; |Lab4|lpm_dff0:inst6|lpm_ff:lpm_ff_component|dffs[9]                                                        ; regout           ;
; |Lab4|lpm_dff0:inst6|lpm_ff:lpm_ff_component|dffs[8]                                                     ; |Lab4|lpm_dff0:inst6|lpm_ff:lpm_ff_component|dffs[8]                                                        ; regout           ;
; |Lab4|lpm_dff0:inst6|lpm_ff:lpm_ff_component|dffs[7]                                                     ; |Lab4|lpm_dff0:inst6|lpm_ff:lpm_ff_component|dffs[7]                                                        ; regout           ;
; |Lab4|lpm_dff0:inst6|lpm_ff:lpm_ff_component|dffs[6]                                                     ; |Lab4|lpm_dff0:inst6|lpm_ff:lpm_ff_component|dffs[6]                                                        ; regout           ;
; |Lab4|lpm_dff0:inst6|lpm_ff:lpm_ff_component|dffs[5]                                                     ; |Lab4|lpm_dff0:inst6|lpm_ff:lpm_ff_component|dffs[5]                                                        ; regout           ;
; |Lab4|lpm_dff0:inst6|lpm_ff:lpm_ff_component|dffs[4]                                                     ; |Lab4|lpm_dff0:inst6|lpm_ff:lpm_ff_component|dffs[4]                                                        ; regout           ;
; |Lab4|lpm_dff0:inst6|lpm_ff:lpm_ff_component|dffs[3]                                                     ; |Lab4|lpm_dff0:inst6|lpm_ff:lpm_ff_component|dffs[3]                                                        ; regout           ;
; |Lab4|lpm_dff0:inst6|lpm_ff:lpm_ff_component|dffs[2]                                                     ; |Lab4|lpm_dff0:inst6|lpm_ff:lpm_ff_component|dffs[2]                                                        ; regout           ;
; |Lab4|lpm_dff0:inst6|lpm_ff:lpm_ff_component|dffs[1]                                                     ; |Lab4|lpm_dff0:inst6|lpm_ff:lpm_ff_component|dffs[1]                                                        ; regout           ;
; |Lab4|lpm_dff0:inst6|lpm_ff:lpm_ff_component|dffs[0]                                                     ; |Lab4|lpm_dff0:inst6|lpm_ff:lpm_ff_component|dffs[0]                                                        ; regout           ;
; |Lab4|lpm_dff0:inst7|lpm_ff:lpm_ff_component|dffs[9]                                                     ; |Lab4|lpm_dff0:inst7|lpm_ff:lpm_ff_component|dffs[9]                                                        ; regout           ;
; |Lab4|lpm_dff0:inst7|lpm_ff:lpm_ff_component|dffs[8]                                                     ; |Lab4|lpm_dff0:inst7|lpm_ff:lpm_ff_component|dffs[8]                                                        ; regout           ;
; |Lab4|lpm_dff0:inst7|lpm_ff:lpm_ff_component|dffs[7]                                                     ; |Lab4|lpm_dff0:inst7|lpm_ff:lpm_ff_component|dffs[7]                                                        ; regout           ;
; |Lab4|lpm_dff0:inst7|lpm_ff:lpm_ff_component|dffs[6]                                                     ; |Lab4|lpm_dff0:inst7|lpm_ff:lpm_ff_component|dffs[6]                                                        ; regout           ;
; |Lab4|lpm_dff0:inst7|lpm_ff:lpm_ff_component|dffs[5]                                                     ; |Lab4|lpm_dff0:inst7|lpm_ff:lpm_ff_component|dffs[5]                                                        ; regout           ;
; |Lab4|lpm_dff0:inst7|lpm_ff:lpm_ff_component|dffs[4]                                                     ; |Lab4|lpm_dff0:inst7|lpm_ff:lpm_ff_component|dffs[4]                                                        ; regout           ;
; |Lab4|lpm_dff0:inst7|lpm_ff:lpm_ff_component|dffs[3]                                                     ; |Lab4|lpm_dff0:inst7|lpm_ff:lpm_ff_component|dffs[3]                                                        ; regout           ;
; |Lab4|lpm_dff0:inst7|lpm_ff:lpm_ff_component|dffs[2]                                                     ; |Lab4|lpm_dff0:inst7|lpm_ff:lpm_ff_component|dffs[2]                                                        ; regout           ;
; |Lab4|lpm_dff0:inst7|lpm_ff:lpm_ff_component|dffs[1]                                                     ; |Lab4|lpm_dff0:inst7|lpm_ff:lpm_ff_component|dffs[1]                                                        ; regout           ;
; |Lab4|lpm_dff0:inst7|lpm_ff:lpm_ff_component|dffs[0]                                                     ; |Lab4|lpm_dff0:inst7|lpm_ff:lpm_ff_component|dffs[0]                                                        ; regout           ;
; |Lab4|lpm_dff0:inst4|lpm_ff:lpm_ff_component|dffs[9]                                                     ; |Lab4|lpm_dff0:inst4|lpm_ff:lpm_ff_component|dffs[9]                                                        ; regout           ;
; |Lab4|lpm_dff0:inst4|lpm_ff:lpm_ff_component|dffs[8]                                                     ; |Lab4|lpm_dff0:inst4|lpm_ff:lpm_ff_component|dffs[8]                                                        ; regout           ;
; |Lab4|lpm_dff0:inst4|lpm_ff:lpm_ff_component|dffs[7]                                                     ; |Lab4|lpm_dff0:inst4|lpm_ff:lpm_ff_component|dffs[7]                                                        ; regout           ;
; |Lab4|lpm_dff0:inst4|lpm_ff:lpm_ff_component|dffs[6]                                                     ; |Lab4|lpm_dff0:inst4|lpm_ff:lpm_ff_component|dffs[6]                                                        ; regout           ;
; |Lab4|lpm_dff0:inst4|lpm_ff:lpm_ff_component|dffs[5]                                                     ; |Lab4|lpm_dff0:inst4|lpm_ff:lpm_ff_component|dffs[5]                                                        ; regout           ;
; |Lab4|lpm_dff0:inst4|lpm_ff:lpm_ff_component|dffs[4]                                                     ; |Lab4|lpm_dff0:inst4|lpm_ff:lpm_ff_component|dffs[4]                                                        ; regout           ;
; |Lab4|lpm_dff0:inst4|lpm_ff:lpm_ff_component|dffs[3]                                                     ; |Lab4|lpm_dff0:inst4|lpm_ff:lpm_ff_component|dffs[3]                                                        ; regout           ;
; |Lab4|lpm_dff0:inst4|lpm_ff:lpm_ff_component|dffs[2]                                                     ; |Lab4|lpm_dff0:inst4|lpm_ff:lpm_ff_component|dffs[2]                                                        ; regout           ;
; |Lab4|lpm_dff0:inst4|lpm_ff:lpm_ff_component|dffs[1]                                                     ; |Lab4|lpm_dff0:inst4|lpm_ff:lpm_ff_component|dffs[1]                                                        ; regout           ;
; |Lab4|lpm_dff0:inst4|lpm_ff:lpm_ff_component|dffs[0]                                                     ; |Lab4|lpm_dff0:inst4|lpm_ff:lpm_ff_component|dffs[0]                                                        ; regout           ;
; |Lab4|lpm_decode0:inst9|lpm_decode:lpm_decode_component|decode_5sf:auto_generated|w_anode18w[3]          ; |Lab4|lpm_decode0:inst9|lpm_decode:lpm_decode_component|decode_5sf:auto_generated|w_anode18w[3]             ; out0             ;
; |Lab4|lpm_decode0:inst9|lpm_decode:lpm_decode_component|decode_5sf:auto_generated|w_anode18w[2]          ; |Lab4|lpm_decode0:inst9|lpm_decode:lpm_decode_component|decode_5sf:auto_generated|w_anode18w[2]             ; out0             ;
; |Lab4|lpm_decode0:inst9|lpm_decode:lpm_decode_component|decode_5sf:auto_generated|w_anode18w[1]          ; |Lab4|lpm_decode0:inst9|lpm_decode:lpm_decode_component|decode_5sf:auto_generated|w_anode18w[1]             ; out0             ;
; |Lab4|lpm_decode0:inst9|lpm_decode:lpm_decode_component|decode_5sf:auto_generated|w_anode38w[3]          ; |Lab4|lpm_decode0:inst9|lpm_decode:lpm_decode_component|decode_5sf:auto_generated|w_anode38w[3]             ; out0             ;
; |Lab4|lpm_decode0:inst9|lpm_decode:lpm_decode_component|decode_5sf:auto_generated|w_anode38w[2]          ; |Lab4|lpm_decode0:inst9|lpm_decode:lpm_decode_component|decode_5sf:auto_generated|w_anode38w[2]             ; out0             ;
; |Lab4|lpm_decode0:inst9|lpm_decode:lpm_decode_component|decode_5sf:auto_generated|w_anode38w[1]          ; |Lab4|lpm_decode0:inst9|lpm_decode:lpm_decode_component|decode_5sf:auto_generated|w_anode38w[1]             ; out0             ;
; |Lab4|lpm_decode0:inst9|lpm_decode:lpm_decode_component|decode_5sf:auto_generated|w_anode58w[3]          ; |Lab4|lpm_decode0:inst9|lpm_decode:lpm_decode_component|decode_5sf:auto_generated|w_anode58w[3]             ; out0             ;
; |Lab4|lpm_decode0:inst9|lpm_decode:lpm_decode_component|decode_5sf:auto_generated|w_anode58w[2]          ; |Lab4|lpm_decode0:inst9|lpm_decode:lpm_decode_component|decode_5sf:auto_generated|w_anode58w[2]             ; out0             ;
; |Lab4|lpm_decode0:inst9|lpm_decode:lpm_decode_component|decode_5sf:auto_generated|w_anode58w[1]          ; |Lab4|lpm_decode0:inst9|lpm_decode:lpm_decode_component|decode_5sf:auto_generated|w_anode58w[1]             ; out0             ;
; |Lab4|lpm_decode0:inst9|lpm_decode:lpm_decode_component|decode_5sf:auto_generated|w_anode68w[3]          ; |Lab4|lpm_decode0:inst9|lpm_decode:lpm_decode_component|decode_5sf:auto_generated|w_anode68w[3]             ; out0             ;
; |Lab4|lpm_decode0:inst9|lpm_decode:lpm_decode_component|decode_5sf:auto_generated|w_anode78w[3]          ; |Lab4|lpm_decode0:inst9|lpm_decode:lpm_decode_component|decode_5sf:auto_generated|w_anode78w[3]             ; out0             ;
; |Lab4|lpm_decode0:inst9|lpm_decode:lpm_decode_component|decode_5sf:auto_generated|w_anode78w[2]          ; |Lab4|lpm_decode0:inst9|lpm_decode:lpm_decode_component|decode_5sf:auto_generated|w_anode78w[2]             ; out0             ;
; |Lab4|lpm_decode0:inst9|lpm_decode:lpm_decode_component|decode_5sf:auto_generated|w_anode78w[1]          ; |Lab4|lpm_decode0:inst9|lpm_decode:lpm_decode_component|decode_5sf:auto_generated|w_anode78w[1]             ; out0             ;
; |Lab4|lpm_dff0:inst5|lpm_ff:lpm_ff_component|dffs[9]                                                     ; |Lab4|lpm_dff0:inst5|lpm_ff:lpm_ff_component|dffs[9]                                                        ; regout           ;
; |Lab4|lpm_dff0:inst5|lpm_ff:lpm_ff_component|dffs[8]                                                     ; |Lab4|lpm_dff0:inst5|lpm_ff:lpm_ff_component|dffs[8]                                                        ; regout           ;
; |Lab4|lpm_dff0:inst5|lpm_ff:lpm_ff_component|dffs[7]                                                     ; |Lab4|lpm_dff0:inst5|lpm_ff:lpm_ff_component|dffs[7]                                                        ; regout           ;
; |Lab4|lpm_dff0:inst5|lpm_ff:lpm_ff_component|dffs[6]                                                     ; |Lab4|lpm_dff0:inst5|lpm_ff:lpm_ff_component|dffs[6]                                                        ; regout           ;
; |Lab4|lpm_dff0:inst5|lpm_ff:lpm_ff_component|dffs[5]                                                     ; |Lab4|lpm_dff0:inst5|lpm_ff:lpm_ff_component|dffs[5]                                                        ; regout           ;
; |Lab4|lpm_dff0:inst5|lpm_ff:lpm_ff_component|dffs[4]                                                     ; |Lab4|lpm_dff0:inst5|lpm_ff:lpm_ff_component|dffs[4]                                                        ; regout           ;
; |Lab4|lpm_dff0:inst5|lpm_ff:lpm_ff_component|dffs[3]                                                     ; |Lab4|lpm_dff0:inst5|lpm_ff:lpm_ff_component|dffs[3]                                                        ; regout           ;
; |Lab4|lpm_dff0:inst5|lpm_ff:lpm_ff_component|dffs[2]                                                     ; |Lab4|lpm_dff0:inst5|lpm_ff:lpm_ff_component|dffs[2]                                                        ; regout           ;
; |Lab4|lpm_dff0:inst5|lpm_ff:lpm_ff_component|dffs[1]                                                     ; |Lab4|lpm_dff0:inst5|lpm_ff:lpm_ff_component|dffs[1]                                                        ; regout           ;
; |Lab4|lpm_dff0:inst5|lpm_ff:lpm_ff_component|dffs[0]                                                     ; |Lab4|lpm_dff0:inst5|lpm_ff:lpm_ff_component|dffs[0]                                                        ; regout           ;
; |Lab4|lpm_mux0:inst8|lpm_mux:lpm_mux_component|mux_fpc:auto_generated|l1_w0_n0_mux_dataout~0             ; |Lab4|lpm_mux0:inst8|lpm_mux:lpm_mux_component|mux_fpc:auto_generated|l1_w0_n0_mux_dataout~0                ; out0             ;
; |Lab4|lpm_mux0:inst8|lpm_mux:lpm_mux_component|mux_fpc:auto_generated|l1_w0_n0_mux_dataout~1             ; |Lab4|lpm_mux0:inst8|lpm_mux:lpm_mux_component|mux_fpc:auto_generated|l1_w0_n0_mux_dataout~1                ; out0             ;
; |Lab4|lpm_mux0:inst8|lpm_mux:lpm_mux_component|mux_fpc:auto_generated|l1_w0_n0_mux_dataout               ; |Lab4|lpm_mux0:inst8|lpm_mux:lpm_mux_component|mux_fpc:auto_generated|l1_w0_n0_mux_dataout                  ; out0             ;
; |Lab4|lpm_mux0:inst8|lpm_mux:lpm_mux_component|mux_fpc:auto_generated|l1_w0_n1_mux_dataout~0             ; |Lab4|lpm_mux0:inst8|lpm_mux:lpm_mux_component|mux_fpc:auto_generated|l1_w0_n1_mux_dataout~0                ; out0             ;
; |Lab4|lpm_mux0:inst8|lpm_mux:lpm_mux_component|mux_fpc:auto_generated|l1_w0_n1_mux_dataout~1             ; |Lab4|lpm_mux0:inst8|lpm_mux:lpm_mux_component|mux_fpc:auto_generated|l1_w0_n1_mux_dataout~1                ; out0             ;
; |Lab4|lpm_mux0:inst8|lpm_mux:lpm_mux_component|mux_fpc:auto_generated|l1_w0_n1_mux_dataout               ; |Lab4|lpm_mux0:inst8|lpm_mux:lpm_mux_component|mux_fpc:auto_generated|l1_w0_n1_mux_dataout                  ; out0             ;
; |Lab4|lpm_mux0:inst8|lpm_mux:lpm_mux_component|mux_fpc:auto_generated|l1_w0_n2_mux_dataout~0             ; |Lab4|lpm_mux0:inst8|lpm_mux:lpm_mux_component|mux_fpc:auto_generated|l1_w0_n2_mux_dataout~0                ; out0             ;
; |Lab4|lpm_mux0:inst8|lpm_mux:lpm_mux_component|mux_fpc:auto_generated|l1_w0_n2_mux_dataout~1             ; |Lab4|lpm_mux0:inst8|lpm_mux:lpm_mux_component|mux_fpc:auto_generated|l1_w0_n2_mux_dataout~1                ; out0             ;
; |Lab4|lpm_mux0:inst8|lpm_mux:lpm_mux_component|mux_fpc:auto_generated|l1_w0_n2_mux_dataout               ; |Lab4|lpm_mux0:inst8|lpm_mux:lpm_mux_component|mux_fpc:auto_generated|l1_w0_n2_mux_dataout                  ; out0             ;
; |Lab4|lpm_mux0:inst8|lpm_mux:lpm_mux_component|mux_fpc:auto_generated|l1_w0_n3_mux_dataout~0             ; |Lab4|lpm_mux0:inst8|lpm_mux:lpm_mux_component|mux_fpc:auto_generated|l1_w0_n3_mux_dataout~0                ; out0             ;
; |Lab4|lpm_mux0:inst8|lpm_mux:lpm_mux_component|mux_fpc:auto_generated|l1_w0_n3_mux_dataout~1             ; |Lab4|lpm_mux0:inst8|lpm_mux:lpm_mux_component|mux_fpc:auto_generated|l1_w0_n3_mux_dataout~1                ; out0             ;
; |Lab4|lpm_mux0:inst8|lpm_mux:lpm_mux_component|mux_fpc:auto_generated|l1_w0_n3_mux_dataout               ; |Lab4|lpm_mux0:inst8|lpm_mux:lpm_mux_component|mux_fpc:auto_generated|l1_w0_n3_mux_dataout                  ; out0             ;
; |Lab4|lpm_mux0:inst8|lpm_mux:lpm_mux_component|mux_fpc:auto_generated|l1_w1_n0_mux_dataout~0             ; |Lab4|lpm_mux0:inst8|lpm_mux:lpm_mux_component|mux_fpc:auto_generated|l1_w1_n0_mux_dataout~0                ; out0             ;
; |Lab4|lpm_mux0:inst8|lpm_mux:lpm_mux_component|mux_fpc:auto_generated|l1_w1_n0_mux_dataout~1             ; |Lab4|lpm_mux0:inst8|lpm_mux:lpm_mux_component|mux_fpc:auto_generated|l1_w1_n0_mux_dataout~1                ; out0             ;
; |Lab4|lpm_mux0:inst8|lpm_mux:lpm_mux_component|mux_fpc:auto_generated|l1_w1_n0_mux_dataout               ; |Lab4|lpm_mux0:inst8|lpm_mux:lpm_mux_component|mux_fpc:auto_generated|l1_w1_n0_mux_dataout                  ; out0             ;
; |Lab4|lpm_mux0:inst8|lpm_mux:lpm_mux_component|mux_fpc:auto_generated|l1_w1_n1_mux_dataout~0             ; |Lab4|lpm_mux0:inst8|lpm_mux:lpm_mux_component|mux_fpc:auto_generated|l1_w1_n1_mux_dataout~0                ; out0             ;
; |Lab4|lpm_mux0:inst8|lpm_mux:lpm_mux_component|mux_fpc:auto_generated|l1_w1_n1_mux_dataout~1             ; |Lab4|lpm_mux0:inst8|lpm_mux:lpm_mux_component|mux_fpc:auto_generated|l1_w1_n1_mux_dataout~1                ; out0             ;
; |Lab4|lpm_mux0:inst8|lpm_mux:lpm_mux_component|mux_fpc:auto_generated|l1_w1_n1_mux_dataout               ; |Lab4|lpm_mux0:inst8|lpm_mux:lpm_mux_component|mux_fpc:auto_generated|l1_w1_n1_mux_dataout                  ; out0             ;
; |Lab4|lpm_mux0:inst8|lpm_mux:lpm_mux_component|mux_fpc:auto_generated|l1_w1_n2_mux_dataout~0             ; |Lab4|lpm_mux0:inst8|lpm_mux:lpm_mux_component|mux_fpc:auto_generated|l1_w1_n2_mux_dataout~0                ; out0             ;
; |Lab4|lpm_mux0:inst8|lpm_mux:lpm_mux_component|mux_fpc:auto_generated|l1_w1_n2_mux_dataout~1             ; |Lab4|lpm_mux0:inst8|lpm_mux:lpm_mux_component|mux_fpc:auto_generated|l1_w1_n2_mux_dataout~1                ; out0             ;
; |Lab4|lpm_mux0:inst8|lpm_mux:lpm_mux_component|mux_fpc:auto_generated|l1_w1_n2_mux_dataout               ; |Lab4|lpm_mux0:inst8|lpm_mux:lpm_mux_component|mux_fpc:auto_generated|l1_w1_n2_mux_dataout                  ; out0             ;
; |Lab4|lpm_mux0:inst8|lpm_mux:lpm_mux_component|mux_fpc:auto_generated|l1_w1_n3_mux_dataout~0             ; |Lab4|lpm_mux0:inst8|lpm_mux:lpm_mux_component|mux_fpc:auto_generated|l1_w1_n3_mux_dataout~0                ; out0             ;
; |Lab4|lpm_mux0:inst8|lpm_mux:lpm_mux_component|mux_fpc:auto_generated|l1_w1_n3_mux_dataout~1             ; |Lab4|lpm_mux0:inst8|lpm_mux:lpm_mux_component|mux_fpc:auto_generated|l1_w1_n3_mux_dataout~1                ; out0             ;
; |Lab4|lpm_mux0:inst8|lpm_mux:lpm_mux_component|mux_fpc:auto_generated|l1_w1_n3_mux_dataout               ; |Lab4|lpm_mux0:inst8|lpm_mux:lpm_mux_component|mux_fpc:auto_generated|l1_w1_n3_mux_dataout                  ; out0             ;
; |Lab4|lpm_mux0:inst8|lpm_mux:lpm_mux_component|mux_fpc:auto_generated|l1_w2_n0_mux_dataout~0             ; |Lab4|lpm_mux0:inst8|lpm_mux:lpm_mux_component|mux_fpc:auto_generated|l1_w2_n0_mux_dataout~0                ; out0             ;
; |Lab4|lpm_mux0:inst8|lpm_mux:lpm_mux_component|mux_fpc:auto_generated|l1_w2_n0_mux_dataout~1             ; |Lab4|lpm_mux0:inst8|lpm_mux:lpm_mux_component|mux_fpc:auto_generated|l1_w2_n0_mux_dataout~1                ; out0             ;
; |Lab4|lpm_mux0:inst8|lpm_mux:lpm_mux_component|mux_fpc:auto_generated|l1_w2_n0_mux_dataout               ; |Lab4|lpm_mux0:inst8|lpm_mux:lpm_mux_component|mux_fpc:auto_generated|l1_w2_n0_mux_dataout                  ; out0             ;
; |Lab4|lpm_mux0:inst8|lpm_mux:lpm_mux_component|mux_fpc:auto_generated|l1_w2_n1_mux_dataout~0             ; |Lab4|lpm_mux0:inst8|lpm_mux:lpm_mux_component|mux_fpc:auto_generated|l1_w2_n1_mux_dataout~0                ; out0             ;
; |Lab4|lpm_mux0:inst8|lpm_mux:lpm_mux_component|mux_fpc:auto_generated|l1_w2_n1_mux_dataout~1             ; |Lab4|lpm_mux0:inst8|lpm_mux:lpm_mux_component|mux_fpc:auto_generated|l1_w2_n1_mux_dataout~1                ; out0             ;
; |Lab4|lpm_mux0:inst8|lpm_mux:lpm_mux_component|mux_fpc:auto_generated|l1_w2_n1_mux_dataout               ; |Lab4|lpm_mux0:inst8|lpm_mux:lpm_mux_component|mux_fpc:auto_generated|l1_w2_n1_mux_dataout                  ; out0             ;
; |Lab4|lpm_mux0:inst8|lpm_mux:lpm_mux_component|mux_fpc:auto_generated|l1_w2_n2_mux_dataout~0             ; |Lab4|lpm_mux0:inst8|lpm_mux:lpm_mux_component|mux_fpc:auto_generated|l1_w2_n2_mux_dataout~0                ; out0             ;
; |Lab4|lpm_mux0:inst8|lpm_mux:lpm_mux_component|mux_fpc:auto_generated|l1_w2_n2_mux_dataout~1             ; |Lab4|lpm_mux0:inst8|lpm_mux:lpm_mux_component|mux_fpc:auto_generated|l1_w2_n2_mux_dataout~1                ; out0             ;
; |Lab4|lpm_mux0:inst8|lpm_mux:lpm_mux_component|mux_fpc:auto_generated|l1_w2_n2_mux_dataout               ; |Lab4|lpm_mux0:inst8|lpm_mux:lpm_mux_component|mux_fpc:auto_generated|l1_w2_n2_mux_dataout                  ; out0             ;
; |Lab4|lpm_mux0:inst8|lpm_mux:lpm_mux_component|mux_fpc:auto_generated|l1_w2_n3_mux_dataout~0             ; |Lab4|lpm_mux0:inst8|lpm_mux:lpm_mux_component|mux_fpc:auto_generated|l1_w2_n3_mux_dataout~0                ; out0             ;
; |Lab4|lpm_mux0:inst8|lpm_mux:lpm_mux_component|mux_fpc:auto_generated|l1_w2_n3_mux_dataout~1             ; |Lab4|lpm_mux0:inst8|lpm_mux:lpm_mux_component|mux_fpc:auto_generated|l1_w2_n3_mux_dataout~1                ; out0             ;
; |Lab4|lpm_mux0:inst8|lpm_mux:lpm_mux_component|mux_fpc:auto_generated|l1_w2_n3_mux_dataout               ; |Lab4|lpm_mux0:inst8|lpm_mux:lpm_mux_component|mux_fpc:auto_generated|l1_w2_n3_mux_dataout                  ; out0             ;
; |Lab4|lpm_mux0:inst8|lpm_mux:lpm_mux_component|mux_fpc:auto_generated|l1_w3_n0_mux_dataout~0             ; |Lab4|lpm_mux0:inst8|lpm_mux:lpm_mux_component|mux_fpc:auto_generated|l1_w3_n0_mux_dataout~0                ; out0             ;
; |Lab4|lpm_mux0:inst8|lpm_mux:lpm_mux_component|mux_fpc:auto_generated|l1_w3_n0_mux_dataout~1             ; |Lab4|lpm_mux0:inst8|lpm_mux:lpm_mux_component|mux_fpc:auto_generated|l1_w3_n0_mux_dataout~1                ; out0             ;
; |Lab4|lpm_mux0:inst8|lpm_mux:lpm_mux_component|mux_fpc:auto_generated|l1_w3_n0_mux_dataout               ; |Lab4|lpm_mux0:inst8|lpm_mux:lpm_mux_component|mux_fpc:auto_generated|l1_w3_n0_mux_dataout                  ; out0             ;
; |Lab4|lpm_mux0:inst8|lpm_mux:lpm_mux_component|mux_fpc:auto_generated|l1_w3_n1_mux_dataout~0             ; |Lab4|lpm_mux0:inst8|lpm_mux:lpm_mux_component|mux_fpc:auto_generated|l1_w3_n1_mux_dataout~0                ; out0             ;
; |Lab4|lpm_mux0:inst8|lpm_mux:lpm_mux_component|mux_fpc:auto_generated|l1_w3_n1_mux_dataout~1             ; |Lab4|lpm_mux0:inst8|lpm_mux:lpm_mux_component|mux_fpc:auto_generated|l1_w3_n1_mux_dataout~1                ; out0             ;
; |Lab4|lpm_mux0:inst8|lpm_mux:lpm_mux_component|mux_fpc:auto_generated|l1_w3_n1_mux_dataout               ; |Lab4|lpm_mux0:inst8|lpm_mux:lpm_mux_component|mux_fpc:auto_generated|l1_w3_n1_mux_dataout                  ; out0             ;
; |Lab4|lpm_mux0:inst8|lpm_mux:lpm_mux_component|mux_fpc:auto_generated|l1_w3_n2_mux_dataout~0             ; |Lab4|lpm_mux0:inst8|lpm_mux:lpm_mux_component|mux_fpc:auto_generated|l1_w3_n2_mux_dataout~0                ; out0             ;
; |Lab4|lpm_mux0:inst8|lpm_mux:lpm_mux_component|mux_fpc:auto_generated|l1_w3_n2_mux_dataout~1             ; |Lab4|lpm_mux0:inst8|lpm_mux:lpm_mux_component|mux_fpc:auto_generated|l1_w3_n2_mux_dataout~1                ; out0             ;
; |Lab4|lpm_mux0:inst8|lpm_mux:lpm_mux_component|mux_fpc:auto_generated|l1_w3_n2_mux_dataout               ; |Lab4|lpm_mux0:inst8|lpm_mux:lpm_mux_component|mux_fpc:auto_generated|l1_w3_n2_mux_dataout                  ; out0             ;
; |Lab4|lpm_mux0:inst8|lpm_mux:lpm_mux_component|mux_fpc:auto_generated|l1_w3_n3_mux_dataout~0             ; |Lab4|lpm_mux0:inst8|lpm_mux:lpm_mux_component|mux_fpc:auto_generated|l1_w3_n3_mux_dataout~0                ; out0             ;
; |Lab4|lpm_mux0:inst8|lpm_mux:lpm_mux_component|mux_fpc:auto_generated|l1_w3_n3_mux_dataout~1             ; |Lab4|lpm_mux0:inst8|lpm_mux:lpm_mux_component|mux_fpc:auto_generated|l1_w3_n3_mux_dataout~1                ; out0             ;
; |Lab4|lpm_mux0:inst8|lpm_mux:lpm_mux_component|mux_fpc:auto_generated|l1_w3_n3_mux_dataout               ; |Lab4|lpm_mux0:inst8|lpm_mux:lpm_mux_component|mux_fpc:auto_generated|l1_w3_n3_mux_dataout                  ; out0             ;
; |Lab4|lpm_mux0:inst8|lpm_mux:lpm_mux_component|mux_fpc:auto_generated|l1_w4_n0_mux_dataout~0             ; |Lab4|lpm_mux0:inst8|lpm_mux:lpm_mux_component|mux_fpc:auto_generated|l1_w4_n0_mux_dataout~0                ; out0             ;
; |Lab4|lpm_mux0:inst8|lpm_mux:lpm_mux_component|mux_fpc:auto_generated|l1_w4_n0_mux_dataout~1             ; |Lab4|lpm_mux0:inst8|lpm_mux:lpm_mux_component|mux_fpc:auto_generated|l1_w4_n0_mux_dataout~1                ; out0             ;
; |Lab4|lpm_mux0:inst8|lpm_mux:lpm_mux_component|mux_fpc:auto_generated|l1_w4_n0_mux_dataout               ; |Lab4|lpm_mux0:inst8|lpm_mux:lpm_mux_component|mux_fpc:auto_generated|l1_w4_n0_mux_dataout                  ; out0             ;
; |Lab4|lpm_mux0:inst8|lpm_mux:lpm_mux_component|mux_fpc:auto_generated|l1_w4_n1_mux_dataout~0             ; |Lab4|lpm_mux0:inst8|lpm_mux:lpm_mux_component|mux_fpc:auto_generated|l1_w4_n1_mux_dataout~0                ; out0             ;
; |Lab4|lpm_mux0:inst8|lpm_mux:lpm_mux_component|mux_fpc:auto_generated|l1_w4_n1_mux_dataout~1             ; |Lab4|lpm_mux0:inst8|lpm_mux:lpm_mux_component|mux_fpc:auto_generated|l1_w4_n1_mux_dataout~1                ; out0             ;
; |Lab4|lpm_mux0:inst8|lpm_mux:lpm_mux_component|mux_fpc:auto_generated|l1_w4_n1_mux_dataout               ; |Lab4|lpm_mux0:inst8|lpm_mux:lpm_mux_component|mux_fpc:auto_generated|l1_w4_n1_mux_dataout                  ; out0             ;
; |Lab4|lpm_mux0:inst8|lpm_mux:lpm_mux_component|mux_fpc:auto_generated|l1_w4_n2_mux_dataout~0             ; |Lab4|lpm_mux0:inst8|lpm_mux:lpm_mux_component|mux_fpc:auto_generated|l1_w4_n2_mux_dataout~0                ; out0             ;
; |Lab4|lpm_mux0:inst8|lpm_mux:lpm_mux_component|mux_fpc:auto_generated|l1_w4_n2_mux_dataout~1             ; |Lab4|lpm_mux0:inst8|lpm_mux:lpm_mux_component|mux_fpc:auto_generated|l1_w4_n2_mux_dataout~1                ; out0             ;
; |Lab4|lpm_mux0:inst8|lpm_mux:lpm_mux_component|mux_fpc:auto_generated|l1_w4_n2_mux_dataout               ; |Lab4|lpm_mux0:inst8|lpm_mux:lpm_mux_component|mux_fpc:auto_generated|l1_w4_n2_mux_dataout                  ; out0             ;
; |Lab4|lpm_mux0:inst8|lpm_mux:lpm_mux_component|mux_fpc:auto_generated|l1_w4_n3_mux_dataout~0             ; |Lab4|lpm_mux0:inst8|lpm_mux:lpm_mux_component|mux_fpc:auto_generated|l1_w4_n3_mux_dataout~0                ; out0             ;
; |Lab4|lpm_mux0:inst8|lpm_mux:lpm_mux_component|mux_fpc:auto_generated|l1_w4_n3_mux_dataout~1             ; |Lab4|lpm_mux0:inst8|lpm_mux:lpm_mux_component|mux_fpc:auto_generated|l1_w4_n3_mux_dataout~1                ; out0             ;
; |Lab4|lpm_mux0:inst8|lpm_mux:lpm_mux_component|mux_fpc:auto_generated|l1_w4_n3_mux_dataout               ; |Lab4|lpm_mux0:inst8|lpm_mux:lpm_mux_component|mux_fpc:auto_generated|l1_w4_n3_mux_dataout                  ; out0             ;
; |Lab4|lpm_mux0:inst8|lpm_mux:lpm_mux_component|mux_fpc:auto_generated|l1_w5_n0_mux_dataout~0             ; |Lab4|lpm_mux0:inst8|lpm_mux:lpm_mux_component|mux_fpc:auto_generated|l1_w5_n0_mux_dataout~0                ; out0             ;
; |Lab4|lpm_mux0:inst8|lpm_mux:lpm_mux_component|mux_fpc:auto_generated|l1_w5_n0_mux_dataout~1             ; |Lab4|lpm_mux0:inst8|lpm_mux:lpm_mux_component|mux_fpc:auto_generated|l1_w5_n0_mux_dataout~1                ; out0             ;
; |Lab4|lpm_mux0:inst8|lpm_mux:lpm_mux_component|mux_fpc:auto_generated|l1_w5_n0_mux_dataout               ; |Lab4|lpm_mux0:inst8|lpm_mux:lpm_mux_component|mux_fpc:auto_generated|l1_w5_n0_mux_dataout                  ; out0             ;
; |Lab4|lpm_mux0:inst8|lpm_mux:lpm_mux_component|mux_fpc:auto_generated|l1_w5_n1_mux_dataout~0             ; |Lab4|lpm_mux0:inst8|lpm_mux:lpm_mux_component|mux_fpc:auto_generated|l1_w5_n1_mux_dataout~0                ; out0             ;
; |Lab4|lpm_mux0:inst8|lpm_mux:lpm_mux_component|mux_fpc:auto_generated|l1_w5_n1_mux_dataout~1             ; |Lab4|lpm_mux0:inst8|lpm_mux:lpm_mux_component|mux_fpc:auto_generated|l1_w5_n1_mux_dataout~1                ; out0             ;
; |Lab4|lpm_mux0:inst8|lpm_mux:lpm_mux_component|mux_fpc:auto_generated|l1_w5_n1_mux_dataout               ; |Lab4|lpm_mux0:inst8|lpm_mux:lpm_mux_component|mux_fpc:auto_generated|l1_w5_n1_mux_dataout                  ; out0             ;
; |Lab4|lpm_mux0:inst8|lpm_mux:lpm_mux_component|mux_fpc:auto_generated|l1_w5_n2_mux_dataout~0             ; |Lab4|lpm_mux0:inst8|lpm_mux:lpm_mux_component|mux_fpc:auto_generated|l1_w5_n2_mux_dataout~0                ; out0             ;
; |Lab4|lpm_mux0:inst8|lpm_mux:lpm_mux_component|mux_fpc:auto_generated|l1_w5_n2_mux_dataout~1             ; |Lab4|lpm_mux0:inst8|lpm_mux:lpm_mux_component|mux_fpc:auto_generated|l1_w5_n2_mux_dataout~1                ; out0             ;
; |Lab4|lpm_mux0:inst8|lpm_mux:lpm_mux_component|mux_fpc:auto_generated|l1_w5_n2_mux_dataout               ; |Lab4|lpm_mux0:inst8|lpm_mux:lpm_mux_component|mux_fpc:auto_generated|l1_w5_n2_mux_dataout                  ; out0             ;
; |Lab4|lpm_mux0:inst8|lpm_mux:lpm_mux_component|mux_fpc:auto_generated|l1_w5_n3_mux_dataout~0             ; |Lab4|lpm_mux0:inst8|lpm_mux:lpm_mux_component|mux_fpc:auto_generated|l1_w5_n3_mux_dataout~0                ; out0             ;
; |Lab4|lpm_mux0:inst8|lpm_mux:lpm_mux_component|mux_fpc:auto_generated|l1_w5_n3_mux_dataout~1             ; |Lab4|lpm_mux0:inst8|lpm_mux:lpm_mux_component|mux_fpc:auto_generated|l1_w5_n3_mux_dataout~1                ; out0             ;
; |Lab4|lpm_mux0:inst8|lpm_mux:lpm_mux_component|mux_fpc:auto_generated|l1_w5_n3_mux_dataout               ; |Lab4|lpm_mux0:inst8|lpm_mux:lpm_mux_component|mux_fpc:auto_generated|l1_w5_n3_mux_dataout                  ; out0             ;
; |Lab4|lpm_mux0:inst8|lpm_mux:lpm_mux_component|mux_fpc:auto_generated|l1_w6_n0_mux_dataout~0             ; |Lab4|lpm_mux0:inst8|lpm_mux:lpm_mux_component|mux_fpc:auto_generated|l1_w6_n0_mux_dataout~0                ; out0             ;
; |Lab4|lpm_mux0:inst8|lpm_mux:lpm_mux_component|mux_fpc:auto_generated|l1_w6_n0_mux_dataout~1             ; |Lab4|lpm_mux0:inst8|lpm_mux:lpm_mux_component|mux_fpc:auto_generated|l1_w6_n0_mux_dataout~1                ; out0             ;
; |Lab4|lpm_mux0:inst8|lpm_mux:lpm_mux_component|mux_fpc:auto_generated|l1_w6_n0_mux_dataout               ; |Lab4|lpm_mux0:inst8|lpm_mux:lpm_mux_component|mux_fpc:auto_generated|l1_w6_n0_mux_dataout                  ; out0             ;
; |Lab4|lpm_mux0:inst8|lpm_mux:lpm_mux_component|mux_fpc:auto_generated|l1_w6_n1_mux_dataout~0             ; |Lab4|lpm_mux0:inst8|lpm_mux:lpm_mux_component|mux_fpc:auto_generated|l1_w6_n1_mux_dataout~0                ; out0             ;
; |Lab4|lpm_mux0:inst8|lpm_mux:lpm_mux_component|mux_fpc:auto_generated|l1_w6_n1_mux_dataout~1             ; |Lab4|lpm_mux0:inst8|lpm_mux:lpm_mux_component|mux_fpc:auto_generated|l1_w6_n1_mux_dataout~1                ; out0             ;
; |Lab4|lpm_mux0:inst8|lpm_mux:lpm_mux_component|mux_fpc:auto_generated|l1_w6_n1_mux_dataout               ; |Lab4|lpm_mux0:inst8|lpm_mux:lpm_mux_component|mux_fpc:auto_generated|l1_w6_n1_mux_dataout                  ; out0             ;
; |Lab4|lpm_mux0:inst8|lpm_mux:lpm_mux_component|mux_fpc:auto_generated|l1_w6_n2_mux_dataout~0             ; |Lab4|lpm_mux0:inst8|lpm_mux:lpm_mux_component|mux_fpc:auto_generated|l1_w6_n2_mux_dataout~0                ; out0             ;
; |Lab4|lpm_mux0:inst8|lpm_mux:lpm_mux_component|mux_fpc:auto_generated|l1_w6_n2_mux_dataout~1             ; |Lab4|lpm_mux0:inst8|lpm_mux:lpm_mux_component|mux_fpc:auto_generated|l1_w6_n2_mux_dataout~1                ; out0             ;
; |Lab4|lpm_mux0:inst8|lpm_mux:lpm_mux_component|mux_fpc:auto_generated|l1_w6_n2_mux_dataout               ; |Lab4|lpm_mux0:inst8|lpm_mux:lpm_mux_component|mux_fpc:auto_generated|l1_w6_n2_mux_dataout                  ; out0             ;
; |Lab4|lpm_mux0:inst8|lpm_mux:lpm_mux_component|mux_fpc:auto_generated|l1_w6_n3_mux_dataout~0             ; |Lab4|lpm_mux0:inst8|lpm_mux:lpm_mux_component|mux_fpc:auto_generated|l1_w6_n3_mux_dataout~0                ; out0             ;
; |Lab4|lpm_mux0:inst8|lpm_mux:lpm_mux_component|mux_fpc:auto_generated|l1_w6_n3_mux_dataout~1             ; |Lab4|lpm_mux0:inst8|lpm_mux:lpm_mux_component|mux_fpc:auto_generated|l1_w6_n3_mux_dataout~1                ; out0             ;
; |Lab4|lpm_mux0:inst8|lpm_mux:lpm_mux_component|mux_fpc:auto_generated|l1_w6_n3_mux_dataout               ; |Lab4|lpm_mux0:inst8|lpm_mux:lpm_mux_component|mux_fpc:auto_generated|l1_w6_n3_mux_dataout                  ; out0             ;
; |Lab4|lpm_mux0:inst8|lpm_mux:lpm_mux_component|mux_fpc:auto_generated|l1_w7_n0_mux_dataout~0             ; |Lab4|lpm_mux0:inst8|lpm_mux:lpm_mux_component|mux_fpc:auto_generated|l1_w7_n0_mux_dataout~0                ; out0             ;
; |Lab4|lpm_mux0:inst8|lpm_mux:lpm_mux_component|mux_fpc:auto_generated|l1_w7_n0_mux_dataout~1             ; |Lab4|lpm_mux0:inst8|lpm_mux:lpm_mux_component|mux_fpc:auto_generated|l1_w7_n0_mux_dataout~1                ; out0             ;
; |Lab4|lpm_mux0:inst8|lpm_mux:lpm_mux_component|mux_fpc:auto_generated|l1_w7_n0_mux_dataout               ; |Lab4|lpm_mux0:inst8|lpm_mux:lpm_mux_component|mux_fpc:auto_generated|l1_w7_n0_mux_dataout                  ; out0             ;
; |Lab4|lpm_mux0:inst8|lpm_mux:lpm_mux_component|mux_fpc:auto_generated|l1_w7_n1_mux_dataout~0             ; |Lab4|lpm_mux0:inst8|lpm_mux:lpm_mux_component|mux_fpc:auto_generated|l1_w7_n1_mux_dataout~0                ; out0             ;
; |Lab4|lpm_mux0:inst8|lpm_mux:lpm_mux_component|mux_fpc:auto_generated|l1_w7_n1_mux_dataout~1             ; |Lab4|lpm_mux0:inst8|lpm_mux:lpm_mux_component|mux_fpc:auto_generated|l1_w7_n1_mux_dataout~1                ; out0             ;
; |Lab4|lpm_mux0:inst8|lpm_mux:lpm_mux_component|mux_fpc:auto_generated|l1_w7_n1_mux_dataout               ; |Lab4|lpm_mux0:inst8|lpm_mux:lpm_mux_component|mux_fpc:auto_generated|l1_w7_n1_mux_dataout                  ; out0             ;
; |Lab4|lpm_mux0:inst8|lpm_mux:lpm_mux_component|mux_fpc:auto_generated|l1_w7_n2_mux_dataout~0             ; |Lab4|lpm_mux0:inst8|lpm_mux:lpm_mux_component|mux_fpc:auto_generated|l1_w7_n2_mux_dataout~0                ; out0             ;
; |Lab4|lpm_mux0:inst8|lpm_mux:lpm_mux_component|mux_fpc:auto_generated|l1_w7_n2_mux_dataout~1             ; |Lab4|lpm_mux0:inst8|lpm_mux:lpm_mux_component|mux_fpc:auto_generated|l1_w7_n2_mux_dataout~1                ; out0             ;
; |Lab4|lpm_mux0:inst8|lpm_mux:lpm_mux_component|mux_fpc:auto_generated|l1_w7_n2_mux_dataout               ; |Lab4|lpm_mux0:inst8|lpm_mux:lpm_mux_component|mux_fpc:auto_generated|l1_w7_n2_mux_dataout                  ; out0             ;
; |Lab4|lpm_mux0:inst8|lpm_mux:lpm_mux_component|mux_fpc:auto_generated|l1_w7_n3_mux_dataout~0             ; |Lab4|lpm_mux0:inst8|lpm_mux:lpm_mux_component|mux_fpc:auto_generated|l1_w7_n3_mux_dataout~0                ; out0             ;
; |Lab4|lpm_mux0:inst8|lpm_mux:lpm_mux_component|mux_fpc:auto_generated|l1_w7_n3_mux_dataout~1             ; |Lab4|lpm_mux0:inst8|lpm_mux:lpm_mux_component|mux_fpc:auto_generated|l1_w7_n3_mux_dataout~1                ; out0             ;
; |Lab4|lpm_mux0:inst8|lpm_mux:lpm_mux_component|mux_fpc:auto_generated|l1_w7_n3_mux_dataout               ; |Lab4|lpm_mux0:inst8|lpm_mux:lpm_mux_component|mux_fpc:auto_generated|l1_w7_n3_mux_dataout                  ; out0             ;
; |Lab4|lpm_mux0:inst8|lpm_mux:lpm_mux_component|mux_fpc:auto_generated|l1_w8_n0_mux_dataout~0             ; |Lab4|lpm_mux0:inst8|lpm_mux:lpm_mux_component|mux_fpc:auto_generated|l1_w8_n0_mux_dataout~0                ; out0             ;
; |Lab4|lpm_mux0:inst8|lpm_mux:lpm_mux_component|mux_fpc:auto_generated|l1_w8_n0_mux_dataout~1             ; |Lab4|lpm_mux0:inst8|lpm_mux:lpm_mux_component|mux_fpc:auto_generated|l1_w8_n0_mux_dataout~1                ; out0             ;
; |Lab4|lpm_mux0:inst8|lpm_mux:lpm_mux_component|mux_fpc:auto_generated|l1_w8_n0_mux_dataout               ; |Lab4|lpm_mux0:inst8|lpm_mux:lpm_mux_component|mux_fpc:auto_generated|l1_w8_n0_mux_dataout                  ; out0             ;
; |Lab4|lpm_mux0:inst8|lpm_mux:lpm_mux_component|mux_fpc:auto_generated|l1_w8_n1_mux_dataout~0             ; |Lab4|lpm_mux0:inst8|lpm_mux:lpm_mux_component|mux_fpc:auto_generated|l1_w8_n1_mux_dataout~0                ; out0             ;
; |Lab4|lpm_mux0:inst8|lpm_mux:lpm_mux_component|mux_fpc:auto_generated|l1_w8_n1_mux_dataout~1             ; |Lab4|lpm_mux0:inst8|lpm_mux:lpm_mux_component|mux_fpc:auto_generated|l1_w8_n1_mux_dataout~1                ; out0             ;
; |Lab4|lpm_mux0:inst8|lpm_mux:lpm_mux_component|mux_fpc:auto_generated|l1_w8_n1_mux_dataout               ; |Lab4|lpm_mux0:inst8|lpm_mux:lpm_mux_component|mux_fpc:auto_generated|l1_w8_n1_mux_dataout                  ; out0             ;
; |Lab4|lpm_mux0:inst8|lpm_mux:lpm_mux_component|mux_fpc:auto_generated|l1_w8_n2_mux_dataout~0             ; |Lab4|lpm_mux0:inst8|lpm_mux:lpm_mux_component|mux_fpc:auto_generated|l1_w8_n2_mux_dataout~0                ; out0             ;
; |Lab4|lpm_mux0:inst8|lpm_mux:lpm_mux_component|mux_fpc:auto_generated|l1_w8_n2_mux_dataout~1             ; |Lab4|lpm_mux0:inst8|lpm_mux:lpm_mux_component|mux_fpc:auto_generated|l1_w8_n2_mux_dataout~1                ; out0             ;
; |Lab4|lpm_mux0:inst8|lpm_mux:lpm_mux_component|mux_fpc:auto_generated|l1_w8_n2_mux_dataout               ; |Lab4|lpm_mux0:inst8|lpm_mux:lpm_mux_component|mux_fpc:auto_generated|l1_w8_n2_mux_dataout                  ; out0             ;
; |Lab4|lpm_mux0:inst8|lpm_mux:lpm_mux_component|mux_fpc:auto_generated|l1_w8_n3_mux_dataout~0             ; |Lab4|lpm_mux0:inst8|lpm_mux:lpm_mux_component|mux_fpc:auto_generated|l1_w8_n3_mux_dataout~0                ; out0             ;
; |Lab4|lpm_mux0:inst8|lpm_mux:lpm_mux_component|mux_fpc:auto_generated|l1_w8_n3_mux_dataout~1             ; |Lab4|lpm_mux0:inst8|lpm_mux:lpm_mux_component|mux_fpc:auto_generated|l1_w8_n3_mux_dataout~1                ; out0             ;
; |Lab4|lpm_mux0:inst8|lpm_mux:lpm_mux_component|mux_fpc:auto_generated|l1_w8_n3_mux_dataout               ; |Lab4|lpm_mux0:inst8|lpm_mux:lpm_mux_component|mux_fpc:auto_generated|l1_w8_n3_mux_dataout                  ; out0             ;
; |Lab4|lpm_mux0:inst8|lpm_mux:lpm_mux_component|mux_fpc:auto_generated|l1_w9_n0_mux_dataout~0             ; |Lab4|lpm_mux0:inst8|lpm_mux:lpm_mux_component|mux_fpc:auto_generated|l1_w9_n0_mux_dataout~0                ; out0             ;
; |Lab4|lpm_mux0:inst8|lpm_mux:lpm_mux_component|mux_fpc:auto_generated|l1_w9_n0_mux_dataout~1             ; |Lab4|lpm_mux0:inst8|lpm_mux:lpm_mux_component|mux_fpc:auto_generated|l1_w9_n0_mux_dataout~1                ; out0             ;
; |Lab4|lpm_mux0:inst8|lpm_mux:lpm_mux_component|mux_fpc:auto_generated|l1_w9_n0_mux_dataout               ; |Lab4|lpm_mux0:inst8|lpm_mux:lpm_mux_component|mux_fpc:auto_generated|l1_w9_n0_mux_dataout                  ; out0             ;
; |Lab4|lpm_mux0:inst8|lpm_mux:lpm_mux_component|mux_fpc:auto_generated|l1_w9_n1_mux_dataout~0             ; |Lab4|lpm_mux0:inst8|lpm_mux:lpm_mux_component|mux_fpc:auto_generated|l1_w9_n1_mux_dataout~0                ; out0             ;
; |Lab4|lpm_mux0:inst8|lpm_mux:lpm_mux_component|mux_fpc:auto_generated|l1_w9_n1_mux_dataout~1             ; |Lab4|lpm_mux0:inst8|lpm_mux:lpm_mux_component|mux_fpc:auto_generated|l1_w9_n1_mux_dataout~1                ; out0             ;
; |Lab4|lpm_mux0:inst8|lpm_mux:lpm_mux_component|mux_fpc:auto_generated|l1_w9_n1_mux_dataout               ; |Lab4|lpm_mux0:inst8|lpm_mux:lpm_mux_component|mux_fpc:auto_generated|l1_w9_n1_mux_dataout                  ; out0             ;
; |Lab4|lpm_mux0:inst8|lpm_mux:lpm_mux_component|mux_fpc:auto_generated|l1_w9_n2_mux_dataout~0             ; |Lab4|lpm_mux0:inst8|lpm_mux:lpm_mux_component|mux_fpc:auto_generated|l1_w9_n2_mux_dataout~0                ; out0             ;
; |Lab4|lpm_mux0:inst8|lpm_mux:lpm_mux_component|mux_fpc:auto_generated|l1_w9_n2_mux_dataout~1             ; |Lab4|lpm_mux0:inst8|lpm_mux:lpm_mux_component|mux_fpc:auto_generated|l1_w9_n2_mux_dataout~1                ; out0             ;
; |Lab4|lpm_mux0:inst8|lpm_mux:lpm_mux_component|mux_fpc:auto_generated|l1_w9_n2_mux_dataout               ; |Lab4|lpm_mux0:inst8|lpm_mux:lpm_mux_component|mux_fpc:auto_generated|l1_w9_n2_mux_dataout                  ; out0             ;
; |Lab4|lpm_mux0:inst8|lpm_mux:lpm_mux_component|mux_fpc:auto_generated|l1_w9_n3_mux_dataout~0             ; |Lab4|lpm_mux0:inst8|lpm_mux:lpm_mux_component|mux_fpc:auto_generated|l1_w9_n3_mux_dataout~0                ; out0             ;
; |Lab4|lpm_mux0:inst8|lpm_mux:lpm_mux_component|mux_fpc:auto_generated|l1_w9_n3_mux_dataout~1             ; |Lab4|lpm_mux0:inst8|lpm_mux:lpm_mux_component|mux_fpc:auto_generated|l1_w9_n3_mux_dataout~1                ; out0             ;
; |Lab4|lpm_mux0:inst8|lpm_mux:lpm_mux_component|mux_fpc:auto_generated|l1_w9_n3_mux_dataout               ; |Lab4|lpm_mux0:inst8|lpm_mux:lpm_mux_component|mux_fpc:auto_generated|l1_w9_n3_mux_dataout                  ; out0             ;
; |Lab4|lpm_mux0:inst8|lpm_mux:lpm_mux_component|mux_fpc:auto_generated|l2_w0_n0_mux_dataout~0             ; |Lab4|lpm_mux0:inst8|lpm_mux:lpm_mux_component|mux_fpc:auto_generated|l2_w0_n0_mux_dataout~0                ; out0             ;
; |Lab4|lpm_mux0:inst8|lpm_mux:lpm_mux_component|mux_fpc:auto_generated|l2_w0_n0_mux_dataout~1             ; |Lab4|lpm_mux0:inst8|lpm_mux:lpm_mux_component|mux_fpc:auto_generated|l2_w0_n0_mux_dataout~1                ; out0             ;
; |Lab4|lpm_mux0:inst8|lpm_mux:lpm_mux_component|mux_fpc:auto_generated|l2_w0_n0_mux_dataout               ; |Lab4|lpm_mux0:inst8|lpm_mux:lpm_mux_component|mux_fpc:auto_generated|l2_w0_n0_mux_dataout                  ; out0             ;
; |Lab4|lpm_mux0:inst8|lpm_mux:lpm_mux_component|mux_fpc:auto_generated|l2_w0_n1_mux_dataout~0             ; |Lab4|lpm_mux0:inst8|lpm_mux:lpm_mux_component|mux_fpc:auto_generated|l2_w0_n1_mux_dataout~0                ; out0             ;
; |Lab4|lpm_mux0:inst8|lpm_mux:lpm_mux_component|mux_fpc:auto_generated|l2_w0_n1_mux_dataout~1             ; |Lab4|lpm_mux0:inst8|lpm_mux:lpm_mux_component|mux_fpc:auto_generated|l2_w0_n1_mux_dataout~1                ; out0             ;
; |Lab4|lpm_mux0:inst8|lpm_mux:lpm_mux_component|mux_fpc:auto_generated|l2_w0_n1_mux_dataout               ; |Lab4|lpm_mux0:inst8|lpm_mux:lpm_mux_component|mux_fpc:auto_generated|l2_w0_n1_mux_dataout                  ; out0             ;
; |Lab4|lpm_mux0:inst8|lpm_mux:lpm_mux_component|mux_fpc:auto_generated|l2_w1_n0_mux_dataout~0             ; |Lab4|lpm_mux0:inst8|lpm_mux:lpm_mux_component|mux_fpc:auto_generated|l2_w1_n0_mux_dataout~0                ; out0             ;
; |Lab4|lpm_mux0:inst8|lpm_mux:lpm_mux_component|mux_fpc:auto_generated|l2_w1_n0_mux_dataout~1             ; |Lab4|lpm_mux0:inst8|lpm_mux:lpm_mux_component|mux_fpc:auto_generated|l2_w1_n0_mux_dataout~1                ; out0             ;
; |Lab4|lpm_mux0:inst8|lpm_mux:lpm_mux_component|mux_fpc:auto_generated|l2_w1_n0_mux_dataout               ; |Lab4|lpm_mux0:inst8|lpm_mux:lpm_mux_component|mux_fpc:auto_generated|l2_w1_n0_mux_dataout                  ; out0             ;
; |Lab4|lpm_mux0:inst8|lpm_mux:lpm_mux_component|mux_fpc:auto_generated|l2_w1_n1_mux_dataout~0             ; |Lab4|lpm_mux0:inst8|lpm_mux:lpm_mux_component|mux_fpc:auto_generated|l2_w1_n1_mux_dataout~0                ; out0             ;
; |Lab4|lpm_mux0:inst8|lpm_mux:lpm_mux_component|mux_fpc:auto_generated|l2_w1_n1_mux_dataout~1             ; |Lab4|lpm_mux0:inst8|lpm_mux:lpm_mux_component|mux_fpc:auto_generated|l2_w1_n1_mux_dataout~1                ; out0             ;
; |Lab4|lpm_mux0:inst8|lpm_mux:lpm_mux_component|mux_fpc:auto_generated|l2_w1_n1_mux_dataout               ; |Lab4|lpm_mux0:inst8|lpm_mux:lpm_mux_component|mux_fpc:auto_generated|l2_w1_n1_mux_dataout                  ; out0             ;
; |Lab4|lpm_mux0:inst8|lpm_mux:lpm_mux_component|mux_fpc:auto_generated|l2_w2_n0_mux_dataout~0             ; |Lab4|lpm_mux0:inst8|lpm_mux:lpm_mux_component|mux_fpc:auto_generated|l2_w2_n0_mux_dataout~0                ; out0             ;
; |Lab4|lpm_mux0:inst8|lpm_mux:lpm_mux_component|mux_fpc:auto_generated|l2_w2_n0_mux_dataout~1             ; |Lab4|lpm_mux0:inst8|lpm_mux:lpm_mux_component|mux_fpc:auto_generated|l2_w2_n0_mux_dataout~1                ; out0             ;
; |Lab4|lpm_mux0:inst8|lpm_mux:lpm_mux_component|mux_fpc:auto_generated|l2_w2_n0_mux_dataout               ; |Lab4|lpm_mux0:inst8|lpm_mux:lpm_mux_component|mux_fpc:auto_generated|l2_w2_n0_mux_dataout                  ; out0             ;
; |Lab4|lpm_mux0:inst8|lpm_mux:lpm_mux_component|mux_fpc:auto_generated|l2_w2_n1_mux_dataout~0             ; |Lab4|lpm_mux0:inst8|lpm_mux:lpm_mux_component|mux_fpc:auto_generated|l2_w2_n1_mux_dataout~0                ; out0             ;
; |Lab4|lpm_mux0:inst8|lpm_mux:lpm_mux_component|mux_fpc:auto_generated|l2_w2_n1_mux_dataout~1             ; |Lab4|lpm_mux0:inst8|lpm_mux:lpm_mux_component|mux_fpc:auto_generated|l2_w2_n1_mux_dataout~1                ; out0             ;
; |Lab4|lpm_mux0:inst8|lpm_mux:lpm_mux_component|mux_fpc:auto_generated|l2_w2_n1_mux_dataout               ; |Lab4|lpm_mux0:inst8|lpm_mux:lpm_mux_component|mux_fpc:auto_generated|l2_w2_n1_mux_dataout                  ; out0             ;
; |Lab4|lpm_mux0:inst8|lpm_mux:lpm_mux_component|mux_fpc:auto_generated|l2_w3_n0_mux_dataout~0             ; |Lab4|lpm_mux0:inst8|lpm_mux:lpm_mux_component|mux_fpc:auto_generated|l2_w3_n0_mux_dataout~0                ; out0             ;
; |Lab4|lpm_mux0:inst8|lpm_mux:lpm_mux_component|mux_fpc:auto_generated|l2_w3_n0_mux_dataout~1             ; |Lab4|lpm_mux0:inst8|lpm_mux:lpm_mux_component|mux_fpc:auto_generated|l2_w3_n0_mux_dataout~1                ; out0             ;
; |Lab4|lpm_mux0:inst8|lpm_mux:lpm_mux_component|mux_fpc:auto_generated|l2_w3_n0_mux_dataout               ; |Lab4|lpm_mux0:inst8|lpm_mux:lpm_mux_component|mux_fpc:auto_generated|l2_w3_n0_mux_dataout                  ; out0             ;
; |Lab4|lpm_mux0:inst8|lpm_mux:lpm_mux_component|mux_fpc:auto_generated|l2_w3_n1_mux_dataout~0             ; |Lab4|lpm_mux0:inst8|lpm_mux:lpm_mux_component|mux_fpc:auto_generated|l2_w3_n1_mux_dataout~0                ; out0             ;
; |Lab4|lpm_mux0:inst8|lpm_mux:lpm_mux_component|mux_fpc:auto_generated|l2_w3_n1_mux_dataout~1             ; |Lab4|lpm_mux0:inst8|lpm_mux:lpm_mux_component|mux_fpc:auto_generated|l2_w3_n1_mux_dataout~1                ; out0             ;
; |Lab4|lpm_mux0:inst8|lpm_mux:lpm_mux_component|mux_fpc:auto_generated|l2_w3_n1_mux_dataout               ; |Lab4|lpm_mux0:inst8|lpm_mux:lpm_mux_component|mux_fpc:auto_generated|l2_w3_n1_mux_dataout                  ; out0             ;
; |Lab4|lpm_mux0:inst8|lpm_mux:lpm_mux_component|mux_fpc:auto_generated|l2_w4_n0_mux_dataout~0             ; |Lab4|lpm_mux0:inst8|lpm_mux:lpm_mux_component|mux_fpc:auto_generated|l2_w4_n0_mux_dataout~0                ; out0             ;
; |Lab4|lpm_mux0:inst8|lpm_mux:lpm_mux_component|mux_fpc:auto_generated|l2_w4_n0_mux_dataout~1             ; |Lab4|lpm_mux0:inst8|lpm_mux:lpm_mux_component|mux_fpc:auto_generated|l2_w4_n0_mux_dataout~1                ; out0             ;
; |Lab4|lpm_mux0:inst8|lpm_mux:lpm_mux_component|mux_fpc:auto_generated|l2_w4_n0_mux_dataout               ; |Lab4|lpm_mux0:inst8|lpm_mux:lpm_mux_component|mux_fpc:auto_generated|l2_w4_n0_mux_dataout                  ; out0             ;
; |Lab4|lpm_mux0:inst8|lpm_mux:lpm_mux_component|mux_fpc:auto_generated|l2_w4_n1_mux_dataout~0             ; |Lab4|lpm_mux0:inst8|lpm_mux:lpm_mux_component|mux_fpc:auto_generated|l2_w4_n1_mux_dataout~0                ; out0             ;
; |Lab4|lpm_mux0:inst8|lpm_mux:lpm_mux_component|mux_fpc:auto_generated|l2_w4_n1_mux_dataout~1             ; |Lab4|lpm_mux0:inst8|lpm_mux:lpm_mux_component|mux_fpc:auto_generated|l2_w4_n1_mux_dataout~1                ; out0             ;
; |Lab4|lpm_mux0:inst8|lpm_mux:lpm_mux_component|mux_fpc:auto_generated|l2_w4_n1_mux_dataout               ; |Lab4|lpm_mux0:inst8|lpm_mux:lpm_mux_component|mux_fpc:auto_generated|l2_w4_n1_mux_dataout                  ; out0             ;
; |Lab4|lpm_mux0:inst8|lpm_mux:lpm_mux_component|mux_fpc:auto_generated|l2_w5_n0_mux_dataout~0             ; |Lab4|lpm_mux0:inst8|lpm_mux:lpm_mux_component|mux_fpc:auto_generated|l2_w5_n0_mux_dataout~0                ; out0             ;
; |Lab4|lpm_mux0:inst8|lpm_mux:lpm_mux_component|mux_fpc:auto_generated|l2_w5_n0_mux_dataout~1             ; |Lab4|lpm_mux0:inst8|lpm_mux:lpm_mux_component|mux_fpc:auto_generated|l2_w5_n0_mux_dataout~1                ; out0             ;
; |Lab4|lpm_mux0:inst8|lpm_mux:lpm_mux_component|mux_fpc:auto_generated|l2_w5_n0_mux_dataout               ; |Lab4|lpm_mux0:inst8|lpm_mux:lpm_mux_component|mux_fpc:auto_generated|l2_w5_n0_mux_dataout                  ; out0             ;
; |Lab4|lpm_mux0:inst8|lpm_mux:lpm_mux_component|mux_fpc:auto_generated|l2_w5_n1_mux_dataout~0             ; |Lab4|lpm_mux0:inst8|lpm_mux:lpm_mux_component|mux_fpc:auto_generated|l2_w5_n1_mux_dataout~0                ; out0             ;
; |Lab4|lpm_mux0:inst8|lpm_mux:lpm_mux_component|mux_fpc:auto_generated|l2_w5_n1_mux_dataout~1             ; |Lab4|lpm_mux0:inst8|lpm_mux:lpm_mux_component|mux_fpc:auto_generated|l2_w5_n1_mux_dataout~1                ; out0             ;
; |Lab4|lpm_mux0:inst8|lpm_mux:lpm_mux_component|mux_fpc:auto_generated|l2_w5_n1_mux_dataout               ; |Lab4|lpm_mux0:inst8|lpm_mux:lpm_mux_component|mux_fpc:auto_generated|l2_w5_n1_mux_dataout                  ; out0             ;
; |Lab4|lpm_mux0:inst8|lpm_mux:lpm_mux_component|mux_fpc:auto_generated|l2_w6_n0_mux_dataout~0             ; |Lab4|lpm_mux0:inst8|lpm_mux:lpm_mux_component|mux_fpc:auto_generated|l2_w6_n0_mux_dataout~0                ; out0             ;
; |Lab4|lpm_mux0:inst8|lpm_mux:lpm_mux_component|mux_fpc:auto_generated|l2_w6_n0_mux_dataout~1             ; |Lab4|lpm_mux0:inst8|lpm_mux:lpm_mux_component|mux_fpc:auto_generated|l2_w6_n0_mux_dataout~1                ; out0             ;
; |Lab4|lpm_mux0:inst8|lpm_mux:lpm_mux_component|mux_fpc:auto_generated|l2_w6_n0_mux_dataout               ; |Lab4|lpm_mux0:inst8|lpm_mux:lpm_mux_component|mux_fpc:auto_generated|l2_w6_n0_mux_dataout                  ; out0             ;
; |Lab4|lpm_mux0:inst8|lpm_mux:lpm_mux_component|mux_fpc:auto_generated|l2_w6_n1_mux_dataout~0             ; |Lab4|lpm_mux0:inst8|lpm_mux:lpm_mux_component|mux_fpc:auto_generated|l2_w6_n1_mux_dataout~0                ; out0             ;
; |Lab4|lpm_mux0:inst8|lpm_mux:lpm_mux_component|mux_fpc:auto_generated|l2_w6_n1_mux_dataout~1             ; |Lab4|lpm_mux0:inst8|lpm_mux:lpm_mux_component|mux_fpc:auto_generated|l2_w6_n1_mux_dataout~1                ; out0             ;
; |Lab4|lpm_mux0:inst8|lpm_mux:lpm_mux_component|mux_fpc:auto_generated|l2_w6_n1_mux_dataout               ; |Lab4|lpm_mux0:inst8|lpm_mux:lpm_mux_component|mux_fpc:auto_generated|l2_w6_n1_mux_dataout                  ; out0             ;
; |Lab4|lpm_mux0:inst8|lpm_mux:lpm_mux_component|mux_fpc:auto_generated|l2_w7_n0_mux_dataout~0             ; |Lab4|lpm_mux0:inst8|lpm_mux:lpm_mux_component|mux_fpc:auto_generated|l2_w7_n0_mux_dataout~0                ; out0             ;
; |Lab4|lpm_mux0:inst8|lpm_mux:lpm_mux_component|mux_fpc:auto_generated|l2_w7_n0_mux_dataout~1             ; |Lab4|lpm_mux0:inst8|lpm_mux:lpm_mux_component|mux_fpc:auto_generated|l2_w7_n0_mux_dataout~1                ; out0             ;
; |Lab4|lpm_mux0:inst8|lpm_mux:lpm_mux_component|mux_fpc:auto_generated|l2_w7_n0_mux_dataout               ; |Lab4|lpm_mux0:inst8|lpm_mux:lpm_mux_component|mux_fpc:auto_generated|l2_w7_n0_mux_dataout                  ; out0             ;
; |Lab4|lpm_mux0:inst8|lpm_mux:lpm_mux_component|mux_fpc:auto_generated|l2_w7_n1_mux_dataout~0             ; |Lab4|lpm_mux0:inst8|lpm_mux:lpm_mux_component|mux_fpc:auto_generated|l2_w7_n1_mux_dataout~0                ; out0             ;
; |Lab4|lpm_mux0:inst8|lpm_mux:lpm_mux_component|mux_fpc:auto_generated|l2_w7_n1_mux_dataout~1             ; |Lab4|lpm_mux0:inst8|lpm_mux:lpm_mux_component|mux_fpc:auto_generated|l2_w7_n1_mux_dataout~1                ; out0             ;
; |Lab4|lpm_mux0:inst8|lpm_mux:lpm_mux_component|mux_fpc:auto_generated|l2_w7_n1_mux_dataout               ; |Lab4|lpm_mux0:inst8|lpm_mux:lpm_mux_component|mux_fpc:auto_generated|l2_w7_n1_mux_dataout                  ; out0             ;
; |Lab4|lpm_mux0:inst8|lpm_mux:lpm_mux_component|mux_fpc:auto_generated|l2_w8_n0_mux_dataout~0             ; |Lab4|lpm_mux0:inst8|lpm_mux:lpm_mux_component|mux_fpc:auto_generated|l2_w8_n0_mux_dataout~0                ; out0             ;
; |Lab4|lpm_mux0:inst8|lpm_mux:lpm_mux_component|mux_fpc:auto_generated|l2_w8_n0_mux_dataout~1             ; |Lab4|lpm_mux0:inst8|lpm_mux:lpm_mux_component|mux_fpc:auto_generated|l2_w8_n0_mux_dataout~1                ; out0             ;
; |Lab4|lpm_mux0:inst8|lpm_mux:lpm_mux_component|mux_fpc:auto_generated|l2_w8_n0_mux_dataout               ; |Lab4|lpm_mux0:inst8|lpm_mux:lpm_mux_component|mux_fpc:auto_generated|l2_w8_n0_mux_dataout                  ; out0             ;
; |Lab4|lpm_mux0:inst8|lpm_mux:lpm_mux_component|mux_fpc:auto_generated|l2_w8_n1_mux_dataout~0             ; |Lab4|lpm_mux0:inst8|lpm_mux:lpm_mux_component|mux_fpc:auto_generated|l2_w8_n1_mux_dataout~0                ; out0             ;
; |Lab4|lpm_mux0:inst8|lpm_mux:lpm_mux_component|mux_fpc:auto_generated|l2_w8_n1_mux_dataout~1             ; |Lab4|lpm_mux0:inst8|lpm_mux:lpm_mux_component|mux_fpc:auto_generated|l2_w8_n1_mux_dataout~1                ; out0             ;
; |Lab4|lpm_mux0:inst8|lpm_mux:lpm_mux_component|mux_fpc:auto_generated|l2_w8_n1_mux_dataout               ; |Lab4|lpm_mux0:inst8|lpm_mux:lpm_mux_component|mux_fpc:auto_generated|l2_w8_n1_mux_dataout                  ; out0             ;
; |Lab4|lpm_mux0:inst8|lpm_mux:lpm_mux_component|mux_fpc:auto_generated|l2_w9_n0_mux_dataout~0             ; |Lab4|lpm_mux0:inst8|lpm_mux:lpm_mux_component|mux_fpc:auto_generated|l2_w9_n0_mux_dataout~0                ; out0             ;
; |Lab4|lpm_mux0:inst8|lpm_mux:lpm_mux_component|mux_fpc:auto_generated|l2_w9_n0_mux_dataout~1             ; |Lab4|lpm_mux0:inst8|lpm_mux:lpm_mux_component|mux_fpc:auto_generated|l2_w9_n0_mux_dataout~1                ; out0             ;
; |Lab4|lpm_mux0:inst8|lpm_mux:lpm_mux_component|mux_fpc:auto_generated|l2_w9_n0_mux_dataout               ; |Lab4|lpm_mux0:inst8|lpm_mux:lpm_mux_component|mux_fpc:auto_generated|l2_w9_n0_mux_dataout                  ; out0             ;
; |Lab4|lpm_mux0:inst8|lpm_mux:lpm_mux_component|mux_fpc:auto_generated|l2_w9_n1_mux_dataout~0             ; |Lab4|lpm_mux0:inst8|lpm_mux:lpm_mux_component|mux_fpc:auto_generated|l2_w9_n1_mux_dataout~0                ; out0             ;
; |Lab4|lpm_mux0:inst8|lpm_mux:lpm_mux_component|mux_fpc:auto_generated|l2_w9_n1_mux_dataout~1             ; |Lab4|lpm_mux0:inst8|lpm_mux:lpm_mux_component|mux_fpc:auto_generated|l2_w9_n1_mux_dataout~1                ; out0             ;
; |Lab4|lpm_mux0:inst8|lpm_mux:lpm_mux_component|mux_fpc:auto_generated|l2_w9_n1_mux_dataout               ; |Lab4|lpm_mux0:inst8|lpm_mux:lpm_mux_component|mux_fpc:auto_generated|l2_w9_n1_mux_dataout                  ; out0             ;
; |Lab4|lpm_mux0:inst8|lpm_mux:lpm_mux_component|mux_fpc:auto_generated|l3_w0_n0_mux_dataout~0             ; |Lab4|lpm_mux0:inst8|lpm_mux:lpm_mux_component|mux_fpc:auto_generated|l3_w0_n0_mux_dataout~0                ; out0             ;
; |Lab4|lpm_mux0:inst8|lpm_mux:lpm_mux_component|mux_fpc:auto_generated|l3_w0_n0_mux_dataout~1             ; |Lab4|lpm_mux0:inst8|lpm_mux:lpm_mux_component|mux_fpc:auto_generated|l3_w0_n0_mux_dataout~1                ; out0             ;
; |Lab4|lpm_mux0:inst8|lpm_mux:lpm_mux_component|mux_fpc:auto_generated|l3_w0_n0_mux_dataout               ; |Lab4|lpm_mux0:inst8|lpm_mux:lpm_mux_component|mux_fpc:auto_generated|l3_w0_n0_mux_dataout                  ; out0             ;
; |Lab4|lpm_mux0:inst8|lpm_mux:lpm_mux_component|mux_fpc:auto_generated|l3_w1_n0_mux_dataout~0             ; |Lab4|lpm_mux0:inst8|lpm_mux:lpm_mux_component|mux_fpc:auto_generated|l3_w1_n0_mux_dataout~0                ; out0             ;
; |Lab4|lpm_mux0:inst8|lpm_mux:lpm_mux_component|mux_fpc:auto_generated|l3_w1_n0_mux_dataout~1             ; |Lab4|lpm_mux0:inst8|lpm_mux:lpm_mux_component|mux_fpc:auto_generated|l3_w1_n0_mux_dataout~1                ; out0             ;
; |Lab4|lpm_mux0:inst8|lpm_mux:lpm_mux_component|mux_fpc:auto_generated|l3_w1_n0_mux_dataout               ; |Lab4|lpm_mux0:inst8|lpm_mux:lpm_mux_component|mux_fpc:auto_generated|l3_w1_n0_mux_dataout                  ; out0             ;
; |Lab4|lpm_mux0:inst8|lpm_mux:lpm_mux_component|mux_fpc:auto_generated|l3_w2_n0_mux_dataout~0             ; |Lab4|lpm_mux0:inst8|lpm_mux:lpm_mux_component|mux_fpc:auto_generated|l3_w2_n0_mux_dataout~0                ; out0             ;
; |Lab4|lpm_mux0:inst8|lpm_mux:lpm_mux_component|mux_fpc:auto_generated|l3_w2_n0_mux_dataout~1             ; |Lab4|lpm_mux0:inst8|lpm_mux:lpm_mux_component|mux_fpc:auto_generated|l3_w2_n0_mux_dataout~1                ; out0             ;
; |Lab4|lpm_mux0:inst8|lpm_mux:lpm_mux_component|mux_fpc:auto_generated|l3_w2_n0_mux_dataout               ; |Lab4|lpm_mux0:inst8|lpm_mux:lpm_mux_component|mux_fpc:auto_generated|l3_w2_n0_mux_dataout                  ; out0             ;
; |Lab4|lpm_mux0:inst8|lpm_mux:lpm_mux_component|mux_fpc:auto_generated|l3_w3_n0_mux_dataout~0             ; |Lab4|lpm_mux0:inst8|lpm_mux:lpm_mux_component|mux_fpc:auto_generated|l3_w3_n0_mux_dataout~0                ; out0             ;
; |Lab4|lpm_mux0:inst8|lpm_mux:lpm_mux_component|mux_fpc:auto_generated|l3_w3_n0_mux_dataout~1             ; |Lab4|lpm_mux0:inst8|lpm_mux:lpm_mux_component|mux_fpc:auto_generated|l3_w3_n0_mux_dataout~1                ; out0             ;
; |Lab4|lpm_mux0:inst8|lpm_mux:lpm_mux_component|mux_fpc:auto_generated|l3_w3_n0_mux_dataout               ; |Lab4|lpm_mux0:inst8|lpm_mux:lpm_mux_component|mux_fpc:auto_generated|l3_w3_n0_mux_dataout                  ; out0             ;
; |Lab4|lpm_mux0:inst8|lpm_mux:lpm_mux_component|mux_fpc:auto_generated|l3_w4_n0_mux_dataout~0             ; |Lab4|lpm_mux0:inst8|lpm_mux:lpm_mux_component|mux_fpc:auto_generated|l3_w4_n0_mux_dataout~0                ; out0             ;
; |Lab4|lpm_mux0:inst8|lpm_mux:lpm_mux_component|mux_fpc:auto_generated|l3_w4_n0_mux_dataout~1             ; |Lab4|lpm_mux0:inst8|lpm_mux:lpm_mux_component|mux_fpc:auto_generated|l3_w4_n0_mux_dataout~1                ; out0             ;
; |Lab4|lpm_mux0:inst8|lpm_mux:lpm_mux_component|mux_fpc:auto_generated|l3_w4_n0_mux_dataout               ; |Lab4|lpm_mux0:inst8|lpm_mux:lpm_mux_component|mux_fpc:auto_generated|l3_w4_n0_mux_dataout                  ; out0             ;
; |Lab4|lpm_mux0:inst8|lpm_mux:lpm_mux_component|mux_fpc:auto_generated|l3_w5_n0_mux_dataout~0             ; |Lab4|lpm_mux0:inst8|lpm_mux:lpm_mux_component|mux_fpc:auto_generated|l3_w5_n0_mux_dataout~0                ; out0             ;
; |Lab4|lpm_mux0:inst8|lpm_mux:lpm_mux_component|mux_fpc:auto_generated|l3_w5_n0_mux_dataout~1             ; |Lab4|lpm_mux0:inst8|lpm_mux:lpm_mux_component|mux_fpc:auto_generated|l3_w5_n0_mux_dataout~1                ; out0             ;
; |Lab4|lpm_mux0:inst8|lpm_mux:lpm_mux_component|mux_fpc:auto_generated|l3_w5_n0_mux_dataout               ; |Lab4|lpm_mux0:inst8|lpm_mux:lpm_mux_component|mux_fpc:auto_generated|l3_w5_n0_mux_dataout                  ; out0             ;
; |Lab4|lpm_mux0:inst8|lpm_mux:lpm_mux_component|mux_fpc:auto_generated|l3_w6_n0_mux_dataout~0             ; |Lab4|lpm_mux0:inst8|lpm_mux:lpm_mux_component|mux_fpc:auto_generated|l3_w6_n0_mux_dataout~0                ; out0             ;
; |Lab4|lpm_mux0:inst8|lpm_mux:lpm_mux_component|mux_fpc:auto_generated|l3_w6_n0_mux_dataout~1             ; |Lab4|lpm_mux0:inst8|lpm_mux:lpm_mux_component|mux_fpc:auto_generated|l3_w6_n0_mux_dataout~1                ; out0             ;
; |Lab4|lpm_mux0:inst8|lpm_mux:lpm_mux_component|mux_fpc:auto_generated|l3_w6_n0_mux_dataout               ; |Lab4|lpm_mux0:inst8|lpm_mux:lpm_mux_component|mux_fpc:auto_generated|l3_w6_n0_mux_dataout                  ; out0             ;
; |Lab4|lpm_mux0:inst8|lpm_mux:lpm_mux_component|mux_fpc:auto_generated|l3_w7_n0_mux_dataout~0             ; |Lab4|lpm_mux0:inst8|lpm_mux:lpm_mux_component|mux_fpc:auto_generated|l3_w7_n0_mux_dataout~0                ; out0             ;
; |Lab4|lpm_mux0:inst8|lpm_mux:lpm_mux_component|mux_fpc:auto_generated|l3_w7_n0_mux_dataout~1             ; |Lab4|lpm_mux0:inst8|lpm_mux:lpm_mux_component|mux_fpc:auto_generated|l3_w7_n0_mux_dataout~1                ; out0             ;
; |Lab4|lpm_mux0:inst8|lpm_mux:lpm_mux_component|mux_fpc:auto_generated|l3_w7_n0_mux_dataout               ; |Lab4|lpm_mux0:inst8|lpm_mux:lpm_mux_component|mux_fpc:auto_generated|l3_w7_n0_mux_dataout                  ; out0             ;
; |Lab4|lpm_mux0:inst8|lpm_mux:lpm_mux_component|mux_fpc:auto_generated|l3_w8_n0_mux_dataout~0             ; |Lab4|lpm_mux0:inst8|lpm_mux:lpm_mux_component|mux_fpc:auto_generated|l3_w8_n0_mux_dataout~0                ; out0             ;
; |Lab4|lpm_mux0:inst8|lpm_mux:lpm_mux_component|mux_fpc:auto_generated|l3_w8_n0_mux_dataout~1             ; |Lab4|lpm_mux0:inst8|lpm_mux:lpm_mux_component|mux_fpc:auto_generated|l3_w8_n0_mux_dataout~1                ; out0             ;
; |Lab4|lpm_mux0:inst8|lpm_mux:lpm_mux_component|mux_fpc:auto_generated|l3_w8_n0_mux_dataout               ; |Lab4|lpm_mux0:inst8|lpm_mux:lpm_mux_component|mux_fpc:auto_generated|l3_w8_n0_mux_dataout                  ; out0             ;
; |Lab4|lpm_mux0:inst8|lpm_mux:lpm_mux_component|mux_fpc:auto_generated|l3_w9_n0_mux_dataout~0             ; |Lab4|lpm_mux0:inst8|lpm_mux:lpm_mux_component|mux_fpc:auto_generated|l3_w9_n0_mux_dataout~0                ; out0             ;
; |Lab4|lpm_mux0:inst8|lpm_mux:lpm_mux_component|mux_fpc:auto_generated|l3_w9_n0_mux_dataout~1             ; |Lab4|lpm_mux0:inst8|lpm_mux:lpm_mux_component|mux_fpc:auto_generated|l3_w9_n0_mux_dataout~1                ; out0             ;
; |Lab4|lpm_mux0:inst8|lpm_mux:lpm_mux_component|mux_fpc:auto_generated|l3_w9_n0_mux_dataout               ; |Lab4|lpm_mux0:inst8|lpm_mux:lpm_mux_component|mux_fpc:auto_generated|l3_w9_n0_mux_dataout                  ; out0             ;
; |Lab4|lpm_bustri1:inst10|lpm_bustri:lpm_bustri_component|dout[9]                                         ; |Lab4|lpm_bustri1:inst10|lpm_bustri:lpm_bustri_component|dout[9]                                            ; out              ;
; |Lab4|lpm_bustri1:inst10|lpm_bustri:lpm_bustri_component|dout[8]                                         ; |Lab4|lpm_bustri1:inst10|lpm_bustri:lpm_bustri_component|dout[8]                                            ; out              ;
; |Lab4|lpm_bustri1:inst10|lpm_bustri:lpm_bustri_component|dout[7]                                         ; |Lab4|lpm_bustri1:inst10|lpm_bustri:lpm_bustri_component|dout[7]                                            ; out              ;
; |Lab4|lpm_bustri1:inst10|lpm_bustri:lpm_bustri_component|dout[6]                                         ; |Lab4|lpm_bustri1:inst10|lpm_bustri:lpm_bustri_component|dout[6]                                            ; out              ;
; |Lab4|lpm_bustri1:inst10|lpm_bustri:lpm_bustri_component|dout[5]                                         ; |Lab4|lpm_bustri1:inst10|lpm_bustri:lpm_bustri_component|dout[5]                                            ; out              ;
; |Lab4|lpm_bustri1:inst10|lpm_bustri:lpm_bustri_component|dout[4]                                         ; |Lab4|lpm_bustri1:inst10|lpm_bustri:lpm_bustri_component|dout[4]                                            ; out              ;
; |Lab4|lpm_bustri1:inst10|lpm_bustri:lpm_bustri_component|dout[3]                                         ; |Lab4|lpm_bustri1:inst10|lpm_bustri:lpm_bustri_component|dout[3]                                            ; out              ;
; |Lab4|lpm_bustri1:inst10|lpm_bustri:lpm_bustri_component|dout[2]                                         ; |Lab4|lpm_bustri1:inst10|lpm_bustri:lpm_bustri_component|dout[2]                                            ; out              ;
; |Lab4|lpm_bustri1:inst10|lpm_bustri:lpm_bustri_component|dout[1]                                         ; |Lab4|lpm_bustri1:inst10|lpm_bustri:lpm_bustri_component|dout[1]                                            ; out              ;
; |Lab4|lpm_bustri1:inst10|lpm_bustri:lpm_bustri_component|dout[0]                                         ; |Lab4|lpm_bustri1:inst10|lpm_bustri:lpm_bustri_component|dout[0]                                            ; out              ;
; |Lab4|lpm_bustri1:inst10|lpm_bustri:lpm_bustri_component|din[9]                                          ; |Lab4|lpm_bustri1:inst10|lpm_bustri:lpm_bustri_component|din[9]                                             ; out              ;
; |Lab4|lpm_bustri1:inst10|lpm_bustri:lpm_bustri_component|din[8]                                          ; |Lab4|lpm_bustri1:inst10|lpm_bustri:lpm_bustri_component|din[8]                                             ; out              ;
; |Lab4|lpm_bustri1:inst10|lpm_bustri:lpm_bustri_component|din[7]                                          ; |Lab4|lpm_bustri1:inst10|lpm_bustri:lpm_bustri_component|din[7]                                             ; out              ;
; |Lab4|lpm_bustri1:inst10|lpm_bustri:lpm_bustri_component|din[6]                                          ; |Lab4|lpm_bustri1:inst10|lpm_bustri:lpm_bustri_component|din[6]                                             ; out              ;
; |Lab4|lpm_bustri1:inst10|lpm_bustri:lpm_bustri_component|din[5]                                          ; |Lab4|lpm_bustri1:inst10|lpm_bustri:lpm_bustri_component|din[5]                                             ; out              ;
; |Lab4|lpm_bustri1:inst10|lpm_bustri:lpm_bustri_component|din[4]                                          ; |Lab4|lpm_bustri1:inst10|lpm_bustri:lpm_bustri_component|din[4]                                             ; out              ;
; |Lab4|lpm_bustri1:inst10|lpm_bustri:lpm_bustri_component|din[3]                                          ; |Lab4|lpm_bustri1:inst10|lpm_bustri:lpm_bustri_component|din[3]                                             ; out              ;
; |Lab4|lpm_bustri1:inst10|lpm_bustri:lpm_bustri_component|din[2]                                          ; |Lab4|lpm_bustri1:inst10|lpm_bustri:lpm_bustri_component|din[2]                                             ; out              ;
; |Lab4|lpm_bustri1:inst10|lpm_bustri:lpm_bustri_component|din[1]                                          ; |Lab4|lpm_bustri1:inst10|lpm_bustri:lpm_bustri_component|din[1]                                             ; out              ;
; |Lab4|lpm_bustri1:inst10|lpm_bustri:lpm_bustri_component|din[0]                                          ; |Lab4|lpm_bustri1:inst10|lpm_bustri:lpm_bustri_component|din[0]                                             ; out              ;
; |Lab4|lpm_rom0:inst|altsyncram:altsyncram_component|altsyncram_os61:auto_generated|ram_block1a0          ; |Lab4|lpm_rom0:inst|altsyncram:altsyncram_component|altsyncram_os61:auto_generated|q_a[0]                   ; portadataout0    ;
; |Lab4|lpm_rom0:inst|altsyncram:altsyncram_component|altsyncram_os61:auto_generated|ram_block1a2          ; |Lab4|lpm_rom0:inst|altsyncram:altsyncram_component|altsyncram_os61:auto_generated|q_a[2]                   ; portadataout0    ;
; |Lab4|lpm_rom0:inst|altsyncram:altsyncram_component|altsyncram_os61:auto_generated|ram_block1a3          ; |Lab4|lpm_rom0:inst|altsyncram:altsyncram_component|altsyncram_os61:auto_generated|q_a[3]                   ; portadataout0    ;
; |Lab4|lpm_rom0:inst|altsyncram:altsyncram_component|altsyncram_os61:auto_generated|ram_block1a4          ; |Lab4|lpm_rom0:inst|altsyncram:altsyncram_component|altsyncram_os61:auto_generated|q_a[4]                   ; portadataout0    ;
; |Lab4|lpm_rom0:inst|altsyncram:altsyncram_component|altsyncram_os61:auto_generated|ram_block1a5          ; |Lab4|lpm_rom0:inst|altsyncram:altsyncram_component|altsyncram_os61:auto_generated|q_a[5]                   ; portadataout0    ;
; |Lab4|lpm_rom0:inst|altsyncram:altsyncram_component|altsyncram_os61:auto_generated|ram_block1a6          ; |Lab4|lpm_rom0:inst|altsyncram:altsyncram_component|altsyncram_os61:auto_generated|q_a[6]                   ; portadataout0    ;
; |Lab4|lpm_rom0:inst|altsyncram:altsyncram_component|altsyncram_os61:auto_generated|ram_block1a7          ; |Lab4|lpm_rom0:inst|altsyncram:altsyncram_component|altsyncram_os61:auto_generated|q_a[7]                   ; portadataout0    ;
; |Lab4|lpm_rom0:inst|altsyncram:altsyncram_component|altsyncram_os61:auto_generated|ram_block1a8          ; |Lab4|lpm_rom0:inst|altsyncram:altsyncram_component|altsyncram_os61:auto_generated|q_a[8]                   ; portadataout0    ;
; |Lab4|lpm_rom0:inst|altsyncram:altsyncram_component|altsyncram_os61:auto_generated|ram_block1a9          ; |Lab4|lpm_rom0:inst|altsyncram:altsyncram_component|altsyncram_os61:auto_generated|q_a[9]                   ; portadataout0    ;
; |Lab4|lpm_bustri0:inst1|lpm_bustri:lpm_bustri_component|dout[9]                                          ; |Lab4|lpm_bustri0:inst1|lpm_bustri:lpm_bustri_component|dout[9]                                             ; out              ;
; |Lab4|lpm_bustri0:inst1|lpm_bustri:lpm_bustri_component|dout[8]                                          ; |Lab4|lpm_bustri0:inst1|lpm_bustri:lpm_bustri_component|dout[8]                                             ; out              ;
; |Lab4|lpm_bustri0:inst1|lpm_bustri:lpm_bustri_component|dout[7]                                          ; |Lab4|lpm_bustri0:inst1|lpm_bustri:lpm_bustri_component|dout[7]                                             ; out              ;
; |Lab4|lpm_bustri0:inst1|lpm_bustri:lpm_bustri_component|dout[6]                                          ; |Lab4|lpm_bustri0:inst1|lpm_bustri:lpm_bustri_component|dout[6]                                             ; out              ;
; |Lab4|lpm_bustri0:inst1|lpm_bustri:lpm_bustri_component|dout[5]                                          ; |Lab4|lpm_bustri0:inst1|lpm_bustri:lpm_bustri_component|dout[5]                                             ; out              ;
; |Lab4|lpm_bustri0:inst1|lpm_bustri:lpm_bustri_component|dout[4]                                          ; |Lab4|lpm_bustri0:inst1|lpm_bustri:lpm_bustri_component|dout[4]                                             ; out              ;
; |Lab4|lpm_bustri0:inst1|lpm_bustri:lpm_bustri_component|dout[3]                                          ; |Lab4|lpm_bustri0:inst1|lpm_bustri:lpm_bustri_component|dout[3]                                             ; out              ;
; |Lab4|lpm_bustri0:inst1|lpm_bustri:lpm_bustri_component|dout[2]                                          ; |Lab4|lpm_bustri0:inst1|lpm_bustri:lpm_bustri_component|dout[2]                                             ; out              ;
; |Lab4|lpm_bustri0:inst1|lpm_bustri:lpm_bustri_component|dout[0]                                          ; |Lab4|lpm_bustri0:inst1|lpm_bustri:lpm_bustri_component|dout[0]                                             ; out              ;
; |Lab4|lpm_ram_dq0:inst2|altsyncram:altsyncram_component|altsyncram_dvb1:auto_generated|ram_block1a3      ; |Lab4|lpm_ram_dq0:inst2|altsyncram:altsyncram_component|altsyncram_dvb1:auto_generated|q_a[3]               ; portadataout0    ;
; |Lab4|lpm_ram_dq0:inst2|altsyncram:altsyncram_component|altsyncram_dvb1:auto_generated|ram_block1a4      ; |Lab4|lpm_ram_dq0:inst2|altsyncram:altsyncram_component|altsyncram_dvb1:auto_generated|q_a[4]               ; portadataout0    ;
; |Lab4|lpm_ram_dq0:inst2|altsyncram:altsyncram_component|altsyncram_dvb1:auto_generated|ram_block1a5      ; |Lab4|lpm_ram_dq0:inst2|altsyncram:altsyncram_component|altsyncram_dvb1:auto_generated|q_a[5]               ; portadataout0    ;
; |Lab4|lpm_ram_dq0:inst2|altsyncram:altsyncram_component|altsyncram_dvb1:auto_generated|ram_block1a6      ; |Lab4|lpm_ram_dq0:inst2|altsyncram:altsyncram_component|altsyncram_dvb1:auto_generated|q_a[6]               ; portadataout0    ;
; |Lab4|lpm_ram_dq0:inst2|altsyncram:altsyncram_component|altsyncram_dvb1:auto_generated|ram_block1a7      ; |Lab4|lpm_ram_dq0:inst2|altsyncram:altsyncram_component|altsyncram_dvb1:auto_generated|q_a[7]               ; portadataout0    ;
; |Lab4|lpm_ram_dq0:inst2|altsyncram:altsyncram_component|altsyncram_dvb1:auto_generated|ram_block1a8      ; |Lab4|lpm_ram_dq0:inst2|altsyncram:altsyncram_component|altsyncram_dvb1:auto_generated|q_a[8]               ; portadataout0    ;
; |Lab4|lpm_ram_dq0:inst2|altsyncram:altsyncram_component|altsyncram_dvb1:auto_generated|ram_block1a9      ; |Lab4|lpm_ram_dq0:inst2|altsyncram:altsyncram_component|altsyncram_dvb1:auto_generated|q_a[9]               ; portadataout0    ;
; |Lab4|lpm_bustri1:inst3|lpm_bustri:lpm_bustri_component|dout[9]                                          ; |Lab4|lpm_bustri1:inst3|lpm_bustri:lpm_bustri_component|dout[9]                                             ; out              ;
; |Lab4|lpm_bustri1:inst3|lpm_bustri:lpm_bustri_component|dout[8]                                          ; |Lab4|lpm_bustri1:inst3|lpm_bustri:lpm_bustri_component|dout[8]                                             ; out              ;
; |Lab4|lpm_bustri1:inst3|lpm_bustri:lpm_bustri_component|dout[7]                                          ; |Lab4|lpm_bustri1:inst3|lpm_bustri:lpm_bustri_component|dout[7]                                             ; out              ;
; |Lab4|lpm_bustri1:inst3|lpm_bustri:lpm_bustri_component|dout[6]                                          ; |Lab4|lpm_bustri1:inst3|lpm_bustri:lpm_bustri_component|dout[6]                                             ; out              ;
; |Lab4|lpm_bustri1:inst3|lpm_bustri:lpm_bustri_component|dout[5]                                          ; |Lab4|lpm_bustri1:inst3|lpm_bustri:lpm_bustri_component|dout[5]                                             ; out              ;
; |Lab4|lpm_bustri1:inst3|lpm_bustri:lpm_bustri_component|dout[4]                                          ; |Lab4|lpm_bustri1:inst3|lpm_bustri:lpm_bustri_component|dout[4]                                             ; out              ;
; |Lab4|lpm_bustri1:inst3|lpm_bustri:lpm_bustri_component|dout[3]                                          ; |Lab4|lpm_bustri1:inst3|lpm_bustri:lpm_bustri_component|dout[3]                                             ; out              ;
; |Lab4|lpm_bustri1:inst3|lpm_bustri:lpm_bustri_component|din[9]                                           ; |Lab4|lpm_bustri1:inst3|lpm_bustri:lpm_bustri_component|din[9]                                              ; out              ;
; |Lab4|lpm_bustri1:inst3|lpm_bustri:lpm_bustri_component|din[8]                                           ; |Lab4|lpm_bustri1:inst3|lpm_bustri:lpm_bustri_component|din[8]                                              ; out              ;
; |Lab4|lpm_bustri1:inst3|lpm_bustri:lpm_bustri_component|din[7]                                           ; |Lab4|lpm_bustri1:inst3|lpm_bustri:lpm_bustri_component|din[7]                                              ; out              ;
; |Lab4|lpm_bustri1:inst3|lpm_bustri:lpm_bustri_component|din[6]                                           ; |Lab4|lpm_bustri1:inst3|lpm_bustri:lpm_bustri_component|din[6]                                              ; out              ;
; |Lab4|lpm_bustri1:inst3|lpm_bustri:lpm_bustri_component|din[5]                                           ; |Lab4|lpm_bustri1:inst3|lpm_bustri:lpm_bustri_component|din[5]                                              ; out              ;
; |Lab4|lpm_bustri1:inst3|lpm_bustri:lpm_bustri_component|din[4]                                           ; |Lab4|lpm_bustri1:inst3|lpm_bustri:lpm_bustri_component|din[4]                                              ; out              ;
; |Lab4|lpm_bustri1:inst3|lpm_bustri:lpm_bustri_component|din[3]                                           ; |Lab4|lpm_bustri1:inst3|lpm_bustri:lpm_bustri_component|din[3]                                              ; out              ;
; |Lab4|lpm_bustri1:inst3|lpm_bustri:lpm_bustri_component|din[2]                                           ; |Lab4|lpm_bustri1:inst3|lpm_bustri:lpm_bustri_component|din[2]                                              ; out              ;
; |Lab4|lpm_bustri1:inst3|lpm_bustri:lpm_bustri_component|din[1]                                           ; |Lab4|lpm_bustri1:inst3|lpm_bustri:lpm_bustri_component|din[1]                                              ; out              ;
; |Lab4|lpm_bustri1:inst3|lpm_bustri:lpm_bustri_component|din[0]                                           ; |Lab4|lpm_bustri1:inst3|lpm_bustri:lpm_bustri_component|din[0]                                              ; out              ;
; |Lab4|lpm_dff0:inst15|lpm_ff:lpm_ff_component|dffs[9]                                                    ; |Lab4|lpm_dff0:inst15|lpm_ff:lpm_ff_component|dffs[9]                                                       ; regout           ;
; |Lab4|lpm_dff0:inst15|lpm_ff:lpm_ff_component|dffs[8]                                                    ; |Lab4|lpm_dff0:inst15|lpm_ff:lpm_ff_component|dffs[8]                                                       ; regout           ;
; |Lab4|lpm_dff0:inst15|lpm_ff:lpm_ff_component|dffs[7]                                                    ; |Lab4|lpm_dff0:inst15|lpm_ff:lpm_ff_component|dffs[7]                                                       ; regout           ;
; |Lab4|lpm_dff0:inst15|lpm_ff:lpm_ff_component|dffs[6]                                                    ; |Lab4|lpm_dff0:inst15|lpm_ff:lpm_ff_component|dffs[6]                                                       ; regout           ;
; |Lab4|lpm_dff0:inst15|lpm_ff:lpm_ff_component|dffs[5]                                                    ; |Lab4|lpm_dff0:inst15|lpm_ff:lpm_ff_component|dffs[5]                                                       ; regout           ;
; |Lab4|lpm_dff0:inst15|lpm_ff:lpm_ff_component|dffs[4]                                                    ; |Lab4|lpm_dff0:inst15|lpm_ff:lpm_ff_component|dffs[4]                                                       ; regout           ;
; |Lab4|lpm_dff0:inst15|lpm_ff:lpm_ff_component|dffs[3]                                                    ; |Lab4|lpm_dff0:inst15|lpm_ff:lpm_ff_component|dffs[3]                                                       ; regout           ;
; |Lab4|lpm_dff0:inst15|lpm_ff:lpm_ff_component|dffs[1]                                                    ; |Lab4|lpm_dff0:inst15|lpm_ff:lpm_ff_component|dffs[1]                                                       ; regout           ;
; |Lab4|lpm_dff0:inst15|lpm_ff:lpm_ff_component|dffs[0]                                                    ; |Lab4|lpm_dff0:inst15|lpm_ff:lpm_ff_component|dffs[0]                                                       ; regout           ;
; |Lab4|lpm_bustri1:inst16|lpm_bustri:lpm_bustri_component|dout[9]                                         ; |Lab4|lpm_bustri1:inst16|lpm_bustri:lpm_bustri_component|dout[9]                                            ; out              ;
; |Lab4|lpm_bustri1:inst16|lpm_bustri:lpm_bustri_component|dout[8]                                         ; |Lab4|lpm_bustri1:inst16|lpm_bustri:lpm_bustri_component|dout[8]                                            ; out              ;
; |Lab4|lpm_bustri1:inst16|lpm_bustri:lpm_bustri_component|dout[7]                                         ; |Lab4|lpm_bustri1:inst16|lpm_bustri:lpm_bustri_component|dout[7]                                            ; out              ;
; |Lab4|lpm_bustri1:inst16|lpm_bustri:lpm_bustri_component|dout[6]                                         ; |Lab4|lpm_bustri1:inst16|lpm_bustri:lpm_bustri_component|dout[6]                                            ; out              ;
; |Lab4|lpm_bustri1:inst16|lpm_bustri:lpm_bustri_component|dout[5]                                         ; |Lab4|lpm_bustri1:inst16|lpm_bustri:lpm_bustri_component|dout[5]                                            ; out              ;
; |Lab4|lpm_bustri1:inst16|lpm_bustri:lpm_bustri_component|dout[4]                                         ; |Lab4|lpm_bustri1:inst16|lpm_bustri:lpm_bustri_component|dout[4]                                            ; out              ;
; |Lab4|lpm_bustri1:inst16|lpm_bustri:lpm_bustri_component|dout[3]                                         ; |Lab4|lpm_bustri1:inst16|lpm_bustri:lpm_bustri_component|dout[3]                                            ; out              ;
; |Lab4|lpm_bustri1:inst16|lpm_bustri:lpm_bustri_component|dout[2]                                         ; |Lab4|lpm_bustri1:inst16|lpm_bustri:lpm_bustri_component|dout[2]                                            ; out              ;
; |Lab4|lpm_bustri1:inst16|lpm_bustri:lpm_bustri_component|dout[1]                                         ; |Lab4|lpm_bustri1:inst16|lpm_bustri:lpm_bustri_component|dout[1]                                            ; out              ;
; |Lab4|lpm_bustri1:inst16|lpm_bustri:lpm_bustri_component|dout[0]                                         ; |Lab4|lpm_bustri1:inst16|lpm_bustri:lpm_bustri_component|dout[0]                                            ; out              ;
; |Lab4|lpm_bustri1:inst16|lpm_bustri:lpm_bustri_component|din[9]                                          ; |Lab4|lpm_bustri1:inst16|lpm_bustri:lpm_bustri_component|din[9]                                             ; out              ;
; |Lab4|lpm_bustri1:inst16|lpm_bustri:lpm_bustri_component|din[8]                                          ; |Lab4|lpm_bustri1:inst16|lpm_bustri:lpm_bustri_component|din[8]                                             ; out              ;
; |Lab4|lpm_bustri1:inst16|lpm_bustri:lpm_bustri_component|din[7]                                          ; |Lab4|lpm_bustri1:inst16|lpm_bustri:lpm_bustri_component|din[7]                                             ; out              ;
; |Lab4|lpm_bustri1:inst16|lpm_bustri:lpm_bustri_component|din[6]                                          ; |Lab4|lpm_bustri1:inst16|lpm_bustri:lpm_bustri_component|din[6]                                             ; out              ;
; |Lab4|lpm_bustri1:inst16|lpm_bustri:lpm_bustri_component|din[5]                                          ; |Lab4|lpm_bustri1:inst16|lpm_bustri:lpm_bustri_component|din[5]                                             ; out              ;
; |Lab4|lpm_bustri1:inst16|lpm_bustri:lpm_bustri_component|din[4]                                          ; |Lab4|lpm_bustri1:inst16|lpm_bustri:lpm_bustri_component|din[4]                                             ; out              ;
; |Lab4|lpm_bustri1:inst16|lpm_bustri:lpm_bustri_component|din[3]                                          ; |Lab4|lpm_bustri1:inst16|lpm_bustri:lpm_bustri_component|din[3]                                             ; out              ;
; |Lab4|lpm_dff0:inst13|lpm_ff:lpm_ff_component|dffs[9]                                                    ; |Lab4|lpm_dff0:inst13|lpm_ff:lpm_ff_component|dffs[9]                                                       ; regout           ;
; |Lab4|lpm_dff0:inst13|lpm_ff:lpm_ff_component|dffs[8]                                                    ; |Lab4|lpm_dff0:inst13|lpm_ff:lpm_ff_component|dffs[8]                                                       ; regout           ;
; |Lab4|lpm_dff0:inst13|lpm_ff:lpm_ff_component|dffs[7]                                                    ; |Lab4|lpm_dff0:inst13|lpm_ff:lpm_ff_component|dffs[7]                                                       ; regout           ;
; |Lab4|lpm_dff0:inst13|lpm_ff:lpm_ff_component|dffs[6]                                                    ; |Lab4|lpm_dff0:inst13|lpm_ff:lpm_ff_component|dffs[6]                                                       ; regout           ;
; |Lab4|lpm_dff0:inst13|lpm_ff:lpm_ff_component|dffs[5]                                                    ; |Lab4|lpm_dff0:inst13|lpm_ff:lpm_ff_component|dffs[5]                                                       ; regout           ;
; |Lab4|lpm_dff0:inst13|lpm_ff:lpm_ff_component|dffs[4]                                                    ; |Lab4|lpm_dff0:inst13|lpm_ff:lpm_ff_component|dffs[4]                                                       ; regout           ;
; |Lab4|lpm_dff0:inst13|lpm_ff:lpm_ff_component|dffs[3]                                                    ; |Lab4|lpm_dff0:inst13|lpm_ff:lpm_ff_component|dffs[3]                                                       ; regout           ;
; |Lab4|lpm_dff0:inst13|lpm_ff:lpm_ff_component|dffs[2]                                                    ; |Lab4|lpm_dff0:inst13|lpm_ff:lpm_ff_component|dffs[2]                                                       ; regout           ;
; |Lab4|lpm_dff0:inst13|lpm_ff:lpm_ff_component|dffs[0]                                                    ; |Lab4|lpm_dff0:inst13|lpm_ff:lpm_ff_component|dffs[0]                                                       ; regout           ;
; |Lab4|lpm_decode2:inst28|lpm_decode:lpm_decode_component|decode_trf:auto_generated|eq_node[1]            ; |Lab4|lpm_decode2:inst28|lpm_decode:lpm_decode_component|decode_trf:auto_generated|eq_node[1]               ; out0             ;
; |Lab4|lpm_mux1:inst56|lpm_mux:lpm_mux_component|mux_unc:auto_generated|l1_w0_n0_mux_dataout~0            ; |Lab4|lpm_mux1:inst56|lpm_mux:lpm_mux_component|mux_unc:auto_generated|l1_w0_n0_mux_dataout~0               ; out0             ;
; |Lab4|lpm_mux1:inst56|lpm_mux:lpm_mux_component|mux_unc:auto_generated|l1_w2_n0_mux_dataout~0            ; |Lab4|lpm_mux1:inst56|lpm_mux:lpm_mux_component|mux_unc:auto_generated|l1_w2_n0_mux_dataout~0               ; out0             ;
; |Lab4|lpm_mux1:inst56|lpm_mux:lpm_mux_component|mux_unc:auto_generated|l1_w3_n0_mux_dataout~0            ; |Lab4|lpm_mux1:inst56|lpm_mux:lpm_mux_component|mux_unc:auto_generated|l1_w3_n0_mux_dataout~0               ; out0             ;
; |Lab4|lpm_mux1:inst56|lpm_mux:lpm_mux_component|mux_unc:auto_generated|l1_w4_n0_mux_dataout~0            ; |Lab4|lpm_mux1:inst56|lpm_mux:lpm_mux_component|mux_unc:auto_generated|l1_w4_n0_mux_dataout~0               ; out0             ;
; |Lab4|lpm_mux1:inst56|lpm_mux:lpm_mux_component|mux_unc:auto_generated|l1_w5_n0_mux_dataout~0            ; |Lab4|lpm_mux1:inst56|lpm_mux:lpm_mux_component|mux_unc:auto_generated|l1_w5_n0_mux_dataout~0               ; out0             ;
; |Lab4|lpm_mux1:inst56|lpm_mux:lpm_mux_component|mux_unc:auto_generated|l1_w6_n0_mux_dataout~0            ; |Lab4|lpm_mux1:inst56|lpm_mux:lpm_mux_component|mux_unc:auto_generated|l1_w6_n0_mux_dataout~0               ; out0             ;
; |Lab4|lpm_mux1:inst56|lpm_mux:lpm_mux_component|mux_unc:auto_generated|l1_w6_n0_mux_dataout~1            ; |Lab4|lpm_mux1:inst56|lpm_mux:lpm_mux_component|mux_unc:auto_generated|l1_w6_n0_mux_dataout~1               ; out0             ;
; |Lab4|lpm_mux1:inst56|lpm_mux:lpm_mux_component|mux_unc:auto_generated|l1_w6_n0_mux_dataout              ; |Lab4|lpm_mux1:inst56|lpm_mux:lpm_mux_component|mux_unc:auto_generated|l1_w6_n0_mux_dataout                 ; out0             ;
; |Lab4|lpm_mux1:inst56|lpm_mux:lpm_mux_component|mux_unc:auto_generated|l1_w7_n0_mux_dataout~0            ; |Lab4|lpm_mux1:inst56|lpm_mux:lpm_mux_component|mux_unc:auto_generated|l1_w7_n0_mux_dataout~0               ; out0             ;
; |Lab4|lpm_mux1:inst56|lpm_mux:lpm_mux_component|mux_unc:auto_generated|l1_w7_n0_mux_dataout~1            ; |Lab4|lpm_mux1:inst56|lpm_mux:lpm_mux_component|mux_unc:auto_generated|l1_w7_n0_mux_dataout~1               ; out0             ;
; |Lab4|lpm_mux1:inst56|lpm_mux:lpm_mux_component|mux_unc:auto_generated|l1_w7_n0_mux_dataout              ; |Lab4|lpm_mux1:inst56|lpm_mux:lpm_mux_component|mux_unc:auto_generated|l1_w7_n0_mux_dataout                 ; out0             ;
; |Lab4|lpm_add_sub0:inst47|lpm_add_sub:lpm_add_sub_component|add_sub_elh:auto_generated|op_1~1            ; |Lab4|lpm_add_sub0:inst47|lpm_add_sub:lpm_add_sub_component|add_sub_elh:auto_generated|op_1~1               ; out0             ;
; |Lab4|lpm_add_sub0:inst47|lpm_add_sub:lpm_add_sub_component|add_sub_elh:auto_generated|op_1~4            ; |Lab4|lpm_add_sub0:inst47|lpm_add_sub:lpm_add_sub_component|add_sub_elh:auto_generated|op_1~4               ; out0             ;
; |Lab4|lpm_add_sub0:inst47|lpm_add_sub:lpm_add_sub_component|add_sub_elh:auto_generated|op_1~6            ; |Lab4|lpm_add_sub0:inst47|lpm_add_sub:lpm_add_sub_component|add_sub_elh:auto_generated|op_1~6               ; out0             ;
; |Lab4|lpm_add_sub0:inst47|lpm_add_sub:lpm_add_sub_component|add_sub_elh:auto_generated|op_1~9            ; |Lab4|lpm_add_sub0:inst47|lpm_add_sub:lpm_add_sub_component|add_sub_elh:auto_generated|op_1~9               ; out0             ;
; |Lab4|lpm_add_sub0:inst47|lpm_add_sub:lpm_add_sub_component|add_sub_elh:auto_generated|op_1~10           ; |Lab4|lpm_add_sub0:inst47|lpm_add_sub:lpm_add_sub_component|add_sub_elh:auto_generated|op_1~10              ; out0             ;
; |Lab4|lpm_add_sub0:inst47|lpm_add_sub:lpm_add_sub_component|add_sub_elh:auto_generated|op_1~14           ; |Lab4|lpm_add_sub0:inst47|lpm_add_sub:lpm_add_sub_component|add_sub_elh:auto_generated|op_1~14              ; out0             ;
; |Lab4|lpm_add_sub0:inst47|lpm_add_sub:lpm_add_sub_component|add_sub_elh:auto_generated|op_1~15           ; |Lab4|lpm_add_sub0:inst47|lpm_add_sub:lpm_add_sub_component|add_sub_elh:auto_generated|op_1~15              ; out0             ;
; |Lab4|lpm_add_sub0:inst47|lpm_add_sub:lpm_add_sub_component|add_sub_elh:auto_generated|op_1~18           ; |Lab4|lpm_add_sub0:inst47|lpm_add_sub:lpm_add_sub_component|add_sub_elh:auto_generated|op_1~18              ; out0             ;
; |Lab4|lpm_add_sub0:inst47|lpm_add_sub:lpm_add_sub_component|add_sub_elh:auto_generated|op_1~19           ; |Lab4|lpm_add_sub0:inst47|lpm_add_sub:lpm_add_sub_component|add_sub_elh:auto_generated|op_1~19              ; out0             ;
; |Lab4|lpm_add_sub0:inst47|lpm_add_sub:lpm_add_sub_component|add_sub_elh:auto_generated|op_1~20           ; |Lab4|lpm_add_sub0:inst47|lpm_add_sub:lpm_add_sub_component|add_sub_elh:auto_generated|op_1~20              ; out0             ;
; |Lab4|lpm_add_sub0:inst47|lpm_add_sub:lpm_add_sub_component|add_sub_elh:auto_generated|op_1~21           ; |Lab4|lpm_add_sub0:inst47|lpm_add_sub:lpm_add_sub_component|add_sub_elh:auto_generated|op_1~21              ; out0             ;
; |Lab4|lpm_add_sub0:inst47|lpm_add_sub:lpm_add_sub_component|add_sub_elh:auto_generated|op_1~23           ; |Lab4|lpm_add_sub0:inst47|lpm_add_sub:lpm_add_sub_component|add_sub_elh:auto_generated|op_1~23              ; out0             ;
; |Lab4|lpm_add_sub0:inst47|lpm_add_sub:lpm_add_sub_component|add_sub_elh:auto_generated|op_1~24           ; |Lab4|lpm_add_sub0:inst47|lpm_add_sub:lpm_add_sub_component|add_sub_elh:auto_generated|op_1~24              ; out0             ;
; |Lab4|lpm_add_sub0:inst47|lpm_add_sub:lpm_add_sub_component|add_sub_elh:auto_generated|op_1~25           ; |Lab4|lpm_add_sub0:inst47|lpm_add_sub:lpm_add_sub_component|add_sub_elh:auto_generated|op_1~25              ; out0             ;
; |Lab4|lpm_add_sub0:inst47|lpm_add_sub:lpm_add_sub_component|add_sub_elh:auto_generated|op_1~26           ; |Lab4|lpm_add_sub0:inst47|lpm_add_sub:lpm_add_sub_component|add_sub_elh:auto_generated|op_1~26              ; out0             ;
; |Lab4|lpm_add_sub0:inst47|lpm_add_sub:lpm_add_sub_component|add_sub_elh:auto_generated|op_1~27           ; |Lab4|lpm_add_sub0:inst47|lpm_add_sub:lpm_add_sub_component|add_sub_elh:auto_generated|op_1~27              ; out0             ;
; |Lab4|lpm_add_sub0:inst47|lpm_add_sub:lpm_add_sub_component|add_sub_elh:auto_generated|op_1~28           ; |Lab4|lpm_add_sub0:inst47|lpm_add_sub:lpm_add_sub_component|add_sub_elh:auto_generated|op_1~28              ; out0             ;
; |Lab4|lpm_add_sub0:inst47|lpm_add_sub:lpm_add_sub_component|add_sub_elh:auto_generated|op_1~29           ; |Lab4|lpm_add_sub0:inst47|lpm_add_sub:lpm_add_sub_component|add_sub_elh:auto_generated|op_1~29              ; out0             ;
; |Lab4|lpm_add_sub0:inst47|lpm_add_sub:lpm_add_sub_component|add_sub_elh:auto_generated|op_1~30           ; |Lab4|lpm_add_sub0:inst47|lpm_add_sub:lpm_add_sub_component|add_sub_elh:auto_generated|op_1~30              ; out0             ;
; |Lab4|lpm_add_sub0:inst47|lpm_add_sub:lpm_add_sub_component|add_sub_elh:auto_generated|op_1~31           ; |Lab4|lpm_add_sub0:inst47|lpm_add_sub:lpm_add_sub_component|add_sub_elh:auto_generated|op_1~31              ; out0             ;
; |Lab4|lpm_add_sub0:inst47|lpm_add_sub:lpm_add_sub_component|add_sub_elh:auto_generated|op_1~32           ; |Lab4|lpm_add_sub0:inst47|lpm_add_sub:lpm_add_sub_component|add_sub_elh:auto_generated|op_1~32              ; out0             ;
+----------------------------------------------------------------------------------------------------------+-------------------------------------------------------------------------------------------------------------+------------------+


The following table displays output ports that do not toggle to 0 during simulation.
+-------------------------------------------------------------------------------------------------------------------------------------------------------------------------------------------------------------------------------------------+
; Missing 0-Value Coverage                                                                                                                                                                                                                  ;
+----------------------------------------------------------------------------------------------------------+-------------------------------------------------------------------------------------------------------------+------------------+
; Node Name                                                                                                ; Output Port Name                                                                                            ; Output Port Type ;
+----------------------------------------------------------------------------------------------------------+-------------------------------------------------------------------------------------------------------------+------------------+
; |Lab4|address[7]                                                                                         ; |Lab4|address[7]                                                                                            ; pin_out          ;
; |Lab4|address[6]                                                                                         ; |Lab4|address[6]                                                                                            ; pin_out          ;
; |Lab4|first[9]                                                                                           ; |Lab4|first[9]                                                                                              ; pin_out          ;
; |Lab4|first[8]                                                                                           ; |Lab4|first[8]                                                                                              ; pin_out          ;
; |Lab4|first[7]                                                                                           ; |Lab4|first[7]                                                                                              ; pin_out          ;
; |Lab4|first[6]                                                                                           ; |Lab4|first[6]                                                                                              ; pin_out          ;
; |Lab4|first[5]                                                                                           ; |Lab4|first[5]                                                                                              ; pin_out          ;
; |Lab4|first[4]                                                                                           ; |Lab4|first[4]                                                                                              ; pin_out          ;
; |Lab4|first[3]                                                                                           ; |Lab4|first[3]                                                                                              ; pin_out          ;
; |Lab4|first[2]                                                                                           ; |Lab4|first[2]                                                                                              ; pin_out          ;
; |Lab4|first[0]                                                                                           ; |Lab4|first[0]                                                                                              ; pin_out          ;
; |Lab4|third[9]                                                                                           ; |Lab4|third[9]                                                                                              ; pin_out          ;
; |Lab4|third[8]                                                                                           ; |Lab4|third[8]                                                                                              ; pin_out          ;
; |Lab4|third[7]                                                                                           ; |Lab4|third[7]                                                                                              ; pin_out          ;
; |Lab4|third[6]                                                                                           ; |Lab4|third[6]                                                                                              ; pin_out          ;
; |Lab4|third[5]                                                                                           ; |Lab4|third[5]                                                                                              ; pin_out          ;
; |Lab4|third[4]                                                                                           ; |Lab4|third[4]                                                                                              ; pin_out          ;
; |Lab4|third[3]                                                                                           ; |Lab4|third[3]                                                                                              ; pin_out          ;
; |Lab4|third[1]                                                                                           ; |Lab4|third[1]                                                                                              ; pin_out          ;
; |Lab4|third[0]                                                                                           ; |Lab4|third[0]                                                                                              ; pin_out          ;
; |Lab4|gdfx_temp0[9]                                                                                      ; |Lab4|gdfx_temp0[9]                                                                                         ; out0             ;
; |Lab4|gdfx_temp0[8]                                                                                      ; |Lab4|gdfx_temp0[8]                                                                                         ; out0             ;
; |Lab4|gdfx_temp0[7]                                                                                      ; |Lab4|gdfx_temp0[7]                                                                                         ; out0             ;
; |Lab4|gdfx_temp0[6]                                                                                      ; |Lab4|gdfx_temp0[6]                                                                                         ; out0             ;
; |Lab4|gdfx_temp0[5]                                                                                      ; |Lab4|gdfx_temp0[5]                                                                                         ; out0             ;
; |Lab4|gdfx_temp0[4]                                                                                      ; |Lab4|gdfx_temp0[4]                                                                                         ; out0             ;
; |Lab4|gdfx_temp0[3]                                                                                      ; |Lab4|gdfx_temp0[3]                                                                                         ; out0             ;
; |Lab4|inst45                                                                                             ; |Lab4|inst45                                                                                                ; out0             ;
; |Lab4|inst17                                                                                             ; |Lab4|inst17                                                                                                ; out0             ;
; |Lab4|second[9]                                                                                          ; |Lab4|second[9]                                                                                             ; pin_out          ;
; |Lab4|second[8]                                                                                          ; |Lab4|second[8]                                                                                             ; pin_out          ;
; |Lab4|second[7]                                                                                          ; |Lab4|second[7]                                                                                             ; pin_out          ;
; |Lab4|second[6]                                                                                          ; |Lab4|second[6]                                                                                             ; pin_out          ;
; |Lab4|second[5]                                                                                          ; |Lab4|second[5]                                                                                             ; pin_out          ;
; |Lab4|second[4]                                                                                          ; |Lab4|second[4]                                                                                             ; pin_out          ;
; |Lab4|second[3]                                                                                          ; |Lab4|second[3]                                                                                             ; pin_out          ;
; |Lab4|second[2]                                                                                          ; |Lab4|second[2]                                                                                             ; pin_out          ;
; |Lab4|second[0]                                                                                          ; |Lab4|second[0]                                                                                             ; pin_out          ;
; |Lab4|data[9]                                                                                            ; |Lab4|data[9]                                                                                               ; pin_out          ;
; |Lab4|data[8]                                                                                            ; |Lab4|data[8]                                                                                               ; pin_out          ;
; |Lab4|data[7]                                                                                            ; |Lab4|data[7]                                                                                               ; pin_out          ;
; |Lab4|data[6]                                                                                            ; |Lab4|data[6]                                                                                               ; pin_out          ;
; |Lab4|data[5]                                                                                            ; |Lab4|data[5]                                                                                               ; pin_out          ;
; |Lab4|data[4]                                                                                            ; |Lab4|data[4]                                                                                               ; pin_out          ;
; |Lab4|data[3]                                                                                            ; |Lab4|data[3]                                                                                               ; pin_out          ;
; |Lab4|lpm_dff0:inst14|lpm_ff:lpm_ff_component|dffs[9]                                                    ; |Lab4|lpm_dff0:inst14|lpm_ff:lpm_ff_component|dffs[9]                                                       ; regout           ;
; |Lab4|lpm_dff0:inst14|lpm_ff:lpm_ff_component|dffs[8]                                                    ; |Lab4|lpm_dff0:inst14|lpm_ff:lpm_ff_component|dffs[8]                                                       ; regout           ;
; |Lab4|lpm_dff0:inst14|lpm_ff:lpm_ff_component|dffs[7]                                                    ; |Lab4|lpm_dff0:inst14|lpm_ff:lpm_ff_component|dffs[7]                                                       ; regout           ;
; |Lab4|lpm_dff0:inst14|lpm_ff:lpm_ff_component|dffs[6]                                                    ; |Lab4|lpm_dff0:inst14|lpm_ff:lpm_ff_component|dffs[6]                                                       ; regout           ;
; |Lab4|lpm_dff0:inst14|lpm_ff:lpm_ff_component|dffs[5]                                                    ; |Lab4|lpm_dff0:inst14|lpm_ff:lpm_ff_component|dffs[5]                                                       ; regout           ;
; |Lab4|lpm_dff0:inst14|lpm_ff:lpm_ff_component|dffs[4]                                                    ; |Lab4|lpm_dff0:inst14|lpm_ff:lpm_ff_component|dffs[4]                                                       ; regout           ;
; |Lab4|lpm_dff0:inst14|lpm_ff:lpm_ff_component|dffs[3]                                                    ; |Lab4|lpm_dff0:inst14|lpm_ff:lpm_ff_component|dffs[3]                                                       ; regout           ;
; |Lab4|lpm_dff0:inst14|lpm_ff:lpm_ff_component|dffs[2]                                                    ; |Lab4|lpm_dff0:inst14|lpm_ff:lpm_ff_component|dffs[2]                                                       ; regout           ;
; |Lab4|lpm_dff0:inst14|lpm_ff:lpm_ff_component|dffs[0]                                                    ; |Lab4|lpm_dff0:inst14|lpm_ff:lpm_ff_component|dffs[0]                                                       ; regout           ;
; |Lab4|lpm_dff1:inst57|lpm_ff:lpm_ff_component|dffs[7]                                                    ; |Lab4|lpm_dff1:inst57|lpm_ff:lpm_ff_component|dffs[7]                                                       ; regout           ;
; |Lab4|lpm_dff1:inst57|lpm_ff:lpm_ff_component|dffs[6]                                                    ; |Lab4|lpm_dff1:inst57|lpm_ff:lpm_ff_component|dffs[6]                                                       ; regout           ;
; |Lab4|lpm_dff1:inst57|lpm_ff:lpm_ff_component|dffs[5]                                                    ; |Lab4|lpm_dff1:inst57|lpm_ff:lpm_ff_component|dffs[5]                                                       ; regout           ;
; |Lab4|lpm_counter1:inst25|lpm_counter:lpm_counter_component|cntr_g9j:auto_generated|counter_comb_bita6   ; |Lab4|lpm_counter1:inst25|lpm_counter:lpm_counter_component|cntr_g9j:auto_generated|counter_comb_bita6~COUT ; cout             ;
; |Lab4|lpm_counter1:inst25|lpm_counter:lpm_counter_component|cntr_g9j:auto_generated|counter_comb_bita7   ; |Lab4|lpm_counter1:inst25|lpm_counter:lpm_counter_component|cntr_g9j:auto_generated|counter_comb_bita7      ; sumout           ;
; |Lab4|lpm_counter1:inst25|lpm_counter:lpm_counter_component|cntr_g9j:auto_generated|counter_reg_bit1a[7] ; |Lab4|lpm_counter1:inst25|lpm_counter:lpm_counter_component|cntr_g9j:auto_generated|safe_q[7]               ; regout           ;
; |Lab4|lpm_counter1:inst25|lpm_counter:lpm_counter_component|cntr_g9j:auto_generated|counter_reg_bit1a[6] ; |Lab4|lpm_counter1:inst25|lpm_counter:lpm_counter_component|cntr_g9j:auto_generated|safe_q[6]               ; regout           ;
; |Lab4|lpm_counter1:inst25|lpm_counter:lpm_counter_component|cntr_g9j:auto_generated|counter_reg_bit1a[5] ; |Lab4|lpm_counter1:inst25|lpm_counter:lpm_counter_component|cntr_g9j:auto_generated|safe_q[5]               ; regout           ;
; |Lab4|lpm_mux1:inst42|lpm_mux:lpm_mux_component|mux_unc:auto_generated|l1_w0_n0_mux_dataout~0            ; |Lab4|lpm_mux1:inst42|lpm_mux:lpm_mux_component|mux_unc:auto_generated|l1_w0_n0_mux_dataout~0               ; out0             ;
; |Lab4|lpm_mux1:inst42|lpm_mux:lpm_mux_component|mux_unc:auto_generated|l1_w1_n0_mux_dataout~0            ; |Lab4|lpm_mux1:inst42|lpm_mux:lpm_mux_component|mux_unc:auto_generated|l1_w1_n0_mux_dataout~0               ; out0             ;
; |Lab4|lpm_mux1:inst42|lpm_mux:lpm_mux_component|mux_unc:auto_generated|l1_w2_n0_mux_dataout~0            ; |Lab4|lpm_mux1:inst42|lpm_mux:lpm_mux_component|mux_unc:auto_generated|l1_w2_n0_mux_dataout~0               ; out0             ;
; |Lab4|lpm_mux1:inst42|lpm_mux:lpm_mux_component|mux_unc:auto_generated|l1_w6_n0_mux_dataout~1            ; |Lab4|lpm_mux1:inst42|lpm_mux:lpm_mux_component|mux_unc:auto_generated|l1_w6_n0_mux_dataout~1               ; out0             ;
; |Lab4|lpm_mux1:inst42|lpm_mux:lpm_mux_component|mux_unc:auto_generated|l1_w7_n0_mux_dataout~1            ; |Lab4|lpm_mux1:inst42|lpm_mux:lpm_mux_component|mux_unc:auto_generated|l1_w7_n0_mux_dataout~1               ; out0             ;
; |Lab4|lpm_dff0:inst24|lpm_ff:lpm_ff_component|dffs[9]                                                    ; |Lab4|lpm_dff0:inst24|lpm_ff:lpm_ff_component|dffs[9]                                                       ; regout           ;
; |Lab4|lpm_dff0:inst24|lpm_ff:lpm_ff_component|dffs[8]                                                    ; |Lab4|lpm_dff0:inst24|lpm_ff:lpm_ff_component|dffs[8]                                                       ; regout           ;
; |Lab4|lpm_dff0:inst24|lpm_ff:lpm_ff_component|dffs[7]                                                    ; |Lab4|lpm_dff0:inst24|lpm_ff:lpm_ff_component|dffs[7]                                                       ; regout           ;
; |Lab4|lpm_dff0:inst24|lpm_ff:lpm_ff_component|dffs[6]                                                    ; |Lab4|lpm_dff0:inst24|lpm_ff:lpm_ff_component|dffs[6]                                                       ; regout           ;
; |Lab4|lpm_dff0:inst24|lpm_ff:lpm_ff_component|dffs[5]                                                    ; |Lab4|lpm_dff0:inst24|lpm_ff:lpm_ff_component|dffs[5]                                                       ; regout           ;
; |Lab4|lpm_dff0:inst24|lpm_ff:lpm_ff_component|dffs[4]                                                    ; |Lab4|lpm_dff0:inst24|lpm_ff:lpm_ff_component|dffs[4]                                                       ; regout           ;
; |Lab4|lpm_dff0:inst24|lpm_ff:lpm_ff_component|dffs[3]                                                    ; |Lab4|lpm_dff0:inst24|lpm_ff:lpm_ff_component|dffs[3]                                                       ; regout           ;
; |Lab4|lpm_dff0:inst24|lpm_ff:lpm_ff_component|dffs[2]                                                    ; |Lab4|lpm_dff0:inst24|lpm_ff:lpm_ff_component|dffs[2]                                                       ; regout           ;
; |Lab4|lpm_dff0:inst24|lpm_ff:lpm_ff_component|dffs[1]                                                    ; |Lab4|lpm_dff0:inst24|lpm_ff:lpm_ff_component|dffs[1]                                                       ; regout           ;
; |Lab4|lpm_dff0:inst24|lpm_ff:lpm_ff_component|dffs[0]                                                    ; |Lab4|lpm_dff0:inst24|lpm_ff:lpm_ff_component|dffs[0]                                                       ; regout           ;
; |Lab4|lpm_dff0:inst29|lpm_ff:lpm_ff_component|dffs[9]                                                    ; |Lab4|lpm_dff0:inst29|lpm_ff:lpm_ff_component|dffs[9]                                                       ; regout           ;
; |Lab4|lpm_dff0:inst29|lpm_ff:lpm_ff_component|dffs[8]                                                    ; |Lab4|lpm_dff0:inst29|lpm_ff:lpm_ff_component|dffs[8]                                                       ; regout           ;
; |Lab4|lpm_dff0:inst29|lpm_ff:lpm_ff_component|dffs[7]                                                    ; |Lab4|lpm_dff0:inst29|lpm_ff:lpm_ff_component|dffs[7]                                                       ; regout           ;
; |Lab4|lpm_dff0:inst29|lpm_ff:lpm_ff_component|dffs[6]                                                    ; |Lab4|lpm_dff0:inst29|lpm_ff:lpm_ff_component|dffs[6]                                                       ; regout           ;
; |Lab4|lpm_dff0:inst29|lpm_ff:lpm_ff_component|dffs[5]                                                    ; |Lab4|lpm_dff0:inst29|lpm_ff:lpm_ff_component|dffs[5]                                                       ; regout           ;
; |Lab4|lpm_dff0:inst29|lpm_ff:lpm_ff_component|dffs[4]                                                    ; |Lab4|lpm_dff0:inst29|lpm_ff:lpm_ff_component|dffs[4]                                                       ; regout           ;
; |Lab4|lpm_dff0:inst29|lpm_ff:lpm_ff_component|dffs[3]                                                    ; |Lab4|lpm_dff0:inst29|lpm_ff:lpm_ff_component|dffs[3]                                                       ; regout           ;
; |Lab4|lpm_dff0:inst29|lpm_ff:lpm_ff_component|dffs[2]                                                    ; |Lab4|lpm_dff0:inst29|lpm_ff:lpm_ff_component|dffs[2]                                                       ; regout           ;
; |Lab4|lpm_dff0:inst29|lpm_ff:lpm_ff_component|dffs[1]                                                    ; |Lab4|lpm_dff0:inst29|lpm_ff:lpm_ff_component|dffs[1]                                                       ; regout           ;
; |Lab4|lpm_dff0:inst29|lpm_ff:lpm_ff_component|dffs[0]                                                    ; |Lab4|lpm_dff0:inst29|lpm_ff:lpm_ff_component|dffs[0]                                                       ; regout           ;
; |Lab4|lpm_dff0:inst21|lpm_ff:lpm_ff_component|dffs[9]                                                    ; |Lab4|lpm_dff0:inst21|lpm_ff:lpm_ff_component|dffs[9]                                                       ; regout           ;
; |Lab4|lpm_dff0:inst21|lpm_ff:lpm_ff_component|dffs[8]                                                    ; |Lab4|lpm_dff0:inst21|lpm_ff:lpm_ff_component|dffs[8]                                                       ; regout           ;
; |Lab4|lpm_dff0:inst21|lpm_ff:lpm_ff_component|dffs[7]                                                    ; |Lab4|lpm_dff0:inst21|lpm_ff:lpm_ff_component|dffs[7]                                                       ; regout           ;
; |Lab4|lpm_dff0:inst21|lpm_ff:lpm_ff_component|dffs[6]                                                    ; |Lab4|lpm_dff0:inst21|lpm_ff:lpm_ff_component|dffs[6]                                                       ; regout           ;
; |Lab4|lpm_dff0:inst21|lpm_ff:lpm_ff_component|dffs[5]                                                    ; |Lab4|lpm_dff0:inst21|lpm_ff:lpm_ff_component|dffs[5]                                                       ; regout           ;
; |Lab4|lpm_dff0:inst21|lpm_ff:lpm_ff_component|dffs[4]                                                    ; |Lab4|lpm_dff0:inst21|lpm_ff:lpm_ff_component|dffs[4]                                                       ; regout           ;
; |Lab4|lpm_dff0:inst21|lpm_ff:lpm_ff_component|dffs[3]                                                    ; |Lab4|lpm_dff0:inst21|lpm_ff:lpm_ff_component|dffs[3]                                                       ; regout           ;
; |Lab4|lpm_dff0:inst21|lpm_ff:lpm_ff_component|dffs[2]                                                    ; |Lab4|lpm_dff0:inst21|lpm_ff:lpm_ff_component|dffs[2]                                                       ; regout           ;
; |Lab4|lpm_dff0:inst21|lpm_ff:lpm_ff_component|dffs[1]                                                    ; |Lab4|lpm_dff0:inst21|lpm_ff:lpm_ff_component|dffs[1]                                                       ; regout           ;
; |Lab4|lpm_dff0:inst21|lpm_ff:lpm_ff_component|dffs[0]                                                    ; |Lab4|lpm_dff0:inst21|lpm_ff:lpm_ff_component|dffs[0]                                                       ; regout           ;
; |Lab4|lpm_dff0:inst23|lpm_ff:lpm_ff_component|dffs[9]                                                    ; |Lab4|lpm_dff0:inst23|lpm_ff:lpm_ff_component|dffs[9]                                                       ; regout           ;
; |Lab4|lpm_dff0:inst23|lpm_ff:lpm_ff_component|dffs[8]                                                    ; |Lab4|lpm_dff0:inst23|lpm_ff:lpm_ff_component|dffs[8]                                                       ; regout           ;
; |Lab4|lpm_dff0:inst23|lpm_ff:lpm_ff_component|dffs[7]                                                    ; |Lab4|lpm_dff0:inst23|lpm_ff:lpm_ff_component|dffs[7]                                                       ; regout           ;
; |Lab4|lpm_dff0:inst23|lpm_ff:lpm_ff_component|dffs[6]                                                    ; |Lab4|lpm_dff0:inst23|lpm_ff:lpm_ff_component|dffs[6]                                                       ; regout           ;
; |Lab4|lpm_dff0:inst23|lpm_ff:lpm_ff_component|dffs[5]                                                    ; |Lab4|lpm_dff0:inst23|lpm_ff:lpm_ff_component|dffs[5]                                                       ; regout           ;
; |Lab4|lpm_dff0:inst23|lpm_ff:lpm_ff_component|dffs[4]                                                    ; |Lab4|lpm_dff0:inst23|lpm_ff:lpm_ff_component|dffs[4]                                                       ; regout           ;
; |Lab4|lpm_dff0:inst23|lpm_ff:lpm_ff_component|dffs[3]                                                    ; |Lab4|lpm_dff0:inst23|lpm_ff:lpm_ff_component|dffs[3]                                                       ; regout           ;
; |Lab4|lpm_dff0:inst23|lpm_ff:lpm_ff_component|dffs[2]                                                    ; |Lab4|lpm_dff0:inst23|lpm_ff:lpm_ff_component|dffs[2]                                                       ; regout           ;
; |Lab4|lpm_dff0:inst23|lpm_ff:lpm_ff_component|dffs[1]                                                    ; |Lab4|lpm_dff0:inst23|lpm_ff:lpm_ff_component|dffs[1]                                                       ; regout           ;
; |Lab4|lpm_dff0:inst23|lpm_ff:lpm_ff_component|dffs[0]                                                    ; |Lab4|lpm_dff0:inst23|lpm_ff:lpm_ff_component|dffs[0]                                                       ; regout           ;
; |Lab4|lpm_dff0:inst6|lpm_ff:lpm_ff_component|dffs[9]                                                     ; |Lab4|lpm_dff0:inst6|lpm_ff:lpm_ff_component|dffs[9]                                                        ; regout           ;
; |Lab4|lpm_dff0:inst6|lpm_ff:lpm_ff_component|dffs[8]                                                     ; |Lab4|lpm_dff0:inst6|lpm_ff:lpm_ff_component|dffs[8]                                                        ; regout           ;
; |Lab4|lpm_dff0:inst6|lpm_ff:lpm_ff_component|dffs[7]                                                     ; |Lab4|lpm_dff0:inst6|lpm_ff:lpm_ff_component|dffs[7]                                                        ; regout           ;
; |Lab4|lpm_dff0:inst6|lpm_ff:lpm_ff_component|dffs[6]                                                     ; |Lab4|lpm_dff0:inst6|lpm_ff:lpm_ff_component|dffs[6]                                                        ; regout           ;
; |Lab4|lpm_dff0:inst6|lpm_ff:lpm_ff_component|dffs[5]                                                     ; |Lab4|lpm_dff0:inst6|lpm_ff:lpm_ff_component|dffs[5]                                                        ; regout           ;
; |Lab4|lpm_dff0:inst6|lpm_ff:lpm_ff_component|dffs[4]                                                     ; |Lab4|lpm_dff0:inst6|lpm_ff:lpm_ff_component|dffs[4]                                                        ; regout           ;
; |Lab4|lpm_dff0:inst6|lpm_ff:lpm_ff_component|dffs[3]                                                     ; |Lab4|lpm_dff0:inst6|lpm_ff:lpm_ff_component|dffs[3]                                                        ; regout           ;
; |Lab4|lpm_dff0:inst6|lpm_ff:lpm_ff_component|dffs[2]                                                     ; |Lab4|lpm_dff0:inst6|lpm_ff:lpm_ff_component|dffs[2]                                                        ; regout           ;
; |Lab4|lpm_dff0:inst6|lpm_ff:lpm_ff_component|dffs[1]                                                     ; |Lab4|lpm_dff0:inst6|lpm_ff:lpm_ff_component|dffs[1]                                                        ; regout           ;
; |Lab4|lpm_dff0:inst6|lpm_ff:lpm_ff_component|dffs[0]                                                     ; |Lab4|lpm_dff0:inst6|lpm_ff:lpm_ff_component|dffs[0]                                                        ; regout           ;
; |Lab4|lpm_dff0:inst7|lpm_ff:lpm_ff_component|dffs[9]                                                     ; |Lab4|lpm_dff0:inst7|lpm_ff:lpm_ff_component|dffs[9]                                                        ; regout           ;
; |Lab4|lpm_dff0:inst7|lpm_ff:lpm_ff_component|dffs[8]                                                     ; |Lab4|lpm_dff0:inst7|lpm_ff:lpm_ff_component|dffs[8]                                                        ; regout           ;
; |Lab4|lpm_dff0:inst7|lpm_ff:lpm_ff_component|dffs[7]                                                     ; |Lab4|lpm_dff0:inst7|lpm_ff:lpm_ff_component|dffs[7]                                                        ; regout           ;
; |Lab4|lpm_dff0:inst7|lpm_ff:lpm_ff_component|dffs[6]                                                     ; |Lab4|lpm_dff0:inst7|lpm_ff:lpm_ff_component|dffs[6]                                                        ; regout           ;
; |Lab4|lpm_dff0:inst7|lpm_ff:lpm_ff_component|dffs[5]                                                     ; |Lab4|lpm_dff0:inst7|lpm_ff:lpm_ff_component|dffs[5]                                                        ; regout           ;
; |Lab4|lpm_dff0:inst7|lpm_ff:lpm_ff_component|dffs[4]                                                     ; |Lab4|lpm_dff0:inst7|lpm_ff:lpm_ff_component|dffs[4]                                                        ; regout           ;
; |Lab4|lpm_dff0:inst7|lpm_ff:lpm_ff_component|dffs[3]                                                     ; |Lab4|lpm_dff0:inst7|lpm_ff:lpm_ff_component|dffs[3]                                                        ; regout           ;
; |Lab4|lpm_dff0:inst7|lpm_ff:lpm_ff_component|dffs[2]                                                     ; |Lab4|lpm_dff0:inst7|lpm_ff:lpm_ff_component|dffs[2]                                                        ; regout           ;
; |Lab4|lpm_dff0:inst7|lpm_ff:lpm_ff_component|dffs[1]                                                     ; |Lab4|lpm_dff0:inst7|lpm_ff:lpm_ff_component|dffs[1]                                                        ; regout           ;
; |Lab4|lpm_dff0:inst7|lpm_ff:lpm_ff_component|dffs[0]                                                     ; |Lab4|lpm_dff0:inst7|lpm_ff:lpm_ff_component|dffs[0]                                                        ; regout           ;
; |Lab4|lpm_dff0:inst4|lpm_ff:lpm_ff_component|dffs[9]                                                     ; |Lab4|lpm_dff0:inst4|lpm_ff:lpm_ff_component|dffs[9]                                                        ; regout           ;
; |Lab4|lpm_dff0:inst4|lpm_ff:lpm_ff_component|dffs[8]                                                     ; |Lab4|lpm_dff0:inst4|lpm_ff:lpm_ff_component|dffs[8]                                                        ; regout           ;
; |Lab4|lpm_dff0:inst4|lpm_ff:lpm_ff_component|dffs[7]                                                     ; |Lab4|lpm_dff0:inst4|lpm_ff:lpm_ff_component|dffs[7]                                                        ; regout           ;
; |Lab4|lpm_dff0:inst4|lpm_ff:lpm_ff_component|dffs[6]                                                     ; |Lab4|lpm_dff0:inst4|lpm_ff:lpm_ff_component|dffs[6]                                                        ; regout           ;
; |Lab4|lpm_dff0:inst4|lpm_ff:lpm_ff_component|dffs[5]                                                     ; |Lab4|lpm_dff0:inst4|lpm_ff:lpm_ff_component|dffs[5]                                                        ; regout           ;
; |Lab4|lpm_dff0:inst4|lpm_ff:lpm_ff_component|dffs[4]                                                     ; |Lab4|lpm_dff0:inst4|lpm_ff:lpm_ff_component|dffs[4]                                                        ; regout           ;
; |Lab4|lpm_dff0:inst4|lpm_ff:lpm_ff_component|dffs[3]                                                     ; |Lab4|lpm_dff0:inst4|lpm_ff:lpm_ff_component|dffs[3]                                                        ; regout           ;
; |Lab4|lpm_dff0:inst4|lpm_ff:lpm_ff_component|dffs[2]                                                     ; |Lab4|lpm_dff0:inst4|lpm_ff:lpm_ff_component|dffs[2]                                                        ; regout           ;
; |Lab4|lpm_dff0:inst4|lpm_ff:lpm_ff_component|dffs[1]                                                     ; |Lab4|lpm_dff0:inst4|lpm_ff:lpm_ff_component|dffs[1]                                                        ; regout           ;
; |Lab4|lpm_dff0:inst4|lpm_ff:lpm_ff_component|dffs[0]                                                     ; |Lab4|lpm_dff0:inst4|lpm_ff:lpm_ff_component|dffs[0]                                                        ; regout           ;
; |Lab4|lpm_decode0:inst9|lpm_decode:lpm_decode_component|decode_5sf:auto_generated|w_anode18w[3]          ; |Lab4|lpm_decode0:inst9|lpm_decode:lpm_decode_component|decode_5sf:auto_generated|w_anode18w[3]             ; out0             ;
; |Lab4|lpm_decode0:inst9|lpm_decode:lpm_decode_component|decode_5sf:auto_generated|w_anode18w[2]          ; |Lab4|lpm_decode0:inst9|lpm_decode:lpm_decode_component|decode_5sf:auto_generated|w_anode18w[2]             ; out0             ;
; |Lab4|lpm_decode0:inst9|lpm_decode:lpm_decode_component|decode_5sf:auto_generated|w_anode18w[1]          ; |Lab4|lpm_decode0:inst9|lpm_decode:lpm_decode_component|decode_5sf:auto_generated|w_anode18w[1]             ; out0             ;
; |Lab4|lpm_decode0:inst9|lpm_decode:lpm_decode_component|decode_5sf:auto_generated|w_anode38w[3]          ; |Lab4|lpm_decode0:inst9|lpm_decode:lpm_decode_component|decode_5sf:auto_generated|w_anode38w[3]             ; out0             ;
; |Lab4|lpm_decode0:inst9|lpm_decode:lpm_decode_component|decode_5sf:auto_generated|w_anode38w[2]          ; |Lab4|lpm_decode0:inst9|lpm_decode:lpm_decode_component|decode_5sf:auto_generated|w_anode38w[2]             ; out0             ;
; |Lab4|lpm_decode0:inst9|lpm_decode:lpm_decode_component|decode_5sf:auto_generated|w_anode38w[1]          ; |Lab4|lpm_decode0:inst9|lpm_decode:lpm_decode_component|decode_5sf:auto_generated|w_anode38w[1]             ; out0             ;
; |Lab4|lpm_decode0:inst9|lpm_decode:lpm_decode_component|decode_5sf:auto_generated|w_anode58w[3]          ; |Lab4|lpm_decode0:inst9|lpm_decode:lpm_decode_component|decode_5sf:auto_generated|w_anode58w[3]             ; out0             ;
; |Lab4|lpm_decode0:inst9|lpm_decode:lpm_decode_component|decode_5sf:auto_generated|w_anode58w[2]          ; |Lab4|lpm_decode0:inst9|lpm_decode:lpm_decode_component|decode_5sf:auto_generated|w_anode58w[2]             ; out0             ;
; |Lab4|lpm_decode0:inst9|lpm_decode:lpm_decode_component|decode_5sf:auto_generated|w_anode58w[1]          ; |Lab4|lpm_decode0:inst9|lpm_decode:lpm_decode_component|decode_5sf:auto_generated|w_anode58w[1]             ; out0             ;
; |Lab4|lpm_decode0:inst9|lpm_decode:lpm_decode_component|decode_5sf:auto_generated|w_anode68w[3]          ; |Lab4|lpm_decode0:inst9|lpm_decode:lpm_decode_component|decode_5sf:auto_generated|w_anode68w[3]             ; out0             ;
; |Lab4|lpm_decode0:inst9|lpm_decode:lpm_decode_component|decode_5sf:auto_generated|w_anode78w[3]          ; |Lab4|lpm_decode0:inst9|lpm_decode:lpm_decode_component|decode_5sf:auto_generated|w_anode78w[3]             ; out0             ;
; |Lab4|lpm_decode0:inst9|lpm_decode:lpm_decode_component|decode_5sf:auto_generated|w_anode78w[2]          ; |Lab4|lpm_decode0:inst9|lpm_decode:lpm_decode_component|decode_5sf:auto_generated|w_anode78w[2]             ; out0             ;
; |Lab4|lpm_decode0:inst9|lpm_decode:lpm_decode_component|decode_5sf:auto_generated|w_anode78w[1]          ; |Lab4|lpm_decode0:inst9|lpm_decode:lpm_decode_component|decode_5sf:auto_generated|w_anode78w[1]             ; out0             ;
; |Lab4|lpm_dff0:inst5|lpm_ff:lpm_ff_component|dffs[9]                                                     ; |Lab4|lpm_dff0:inst5|lpm_ff:lpm_ff_component|dffs[9]                                                        ; regout           ;
; |Lab4|lpm_dff0:inst5|lpm_ff:lpm_ff_component|dffs[8]                                                     ; |Lab4|lpm_dff0:inst5|lpm_ff:lpm_ff_component|dffs[8]                                                        ; regout           ;
; |Lab4|lpm_dff0:inst5|lpm_ff:lpm_ff_component|dffs[7]                                                     ; |Lab4|lpm_dff0:inst5|lpm_ff:lpm_ff_component|dffs[7]                                                        ; regout           ;
; |Lab4|lpm_dff0:inst5|lpm_ff:lpm_ff_component|dffs[6]                                                     ; |Lab4|lpm_dff0:inst5|lpm_ff:lpm_ff_component|dffs[6]                                                        ; regout           ;
; |Lab4|lpm_dff0:inst5|lpm_ff:lpm_ff_component|dffs[5]                                                     ; |Lab4|lpm_dff0:inst5|lpm_ff:lpm_ff_component|dffs[5]                                                        ; regout           ;
; |Lab4|lpm_dff0:inst5|lpm_ff:lpm_ff_component|dffs[4]                                                     ; |Lab4|lpm_dff0:inst5|lpm_ff:lpm_ff_component|dffs[4]                                                        ; regout           ;
; |Lab4|lpm_dff0:inst5|lpm_ff:lpm_ff_component|dffs[3]                                                     ; |Lab4|lpm_dff0:inst5|lpm_ff:lpm_ff_component|dffs[3]                                                        ; regout           ;
; |Lab4|lpm_dff0:inst5|lpm_ff:lpm_ff_component|dffs[2]                                                     ; |Lab4|lpm_dff0:inst5|lpm_ff:lpm_ff_component|dffs[2]                                                        ; regout           ;
; |Lab4|lpm_dff0:inst5|lpm_ff:lpm_ff_component|dffs[1]                                                     ; |Lab4|lpm_dff0:inst5|lpm_ff:lpm_ff_component|dffs[1]                                                        ; regout           ;
; |Lab4|lpm_dff0:inst5|lpm_ff:lpm_ff_component|dffs[0]                                                     ; |Lab4|lpm_dff0:inst5|lpm_ff:lpm_ff_component|dffs[0]                                                        ; regout           ;
; |Lab4|lpm_mux0:inst8|lpm_mux:lpm_mux_component|mux_fpc:auto_generated|l1_w0_n0_mux_dataout~0             ; |Lab4|lpm_mux0:inst8|lpm_mux:lpm_mux_component|mux_fpc:auto_generated|l1_w0_n0_mux_dataout~0                ; out0             ;
; |Lab4|lpm_mux0:inst8|lpm_mux:lpm_mux_component|mux_fpc:auto_generated|l1_w0_n0_mux_dataout~1             ; |Lab4|lpm_mux0:inst8|lpm_mux:lpm_mux_component|mux_fpc:auto_generated|l1_w0_n0_mux_dataout~1                ; out0             ;
; |Lab4|lpm_mux0:inst8|lpm_mux:lpm_mux_component|mux_fpc:auto_generated|l1_w0_n0_mux_dataout               ; |Lab4|lpm_mux0:inst8|lpm_mux:lpm_mux_component|mux_fpc:auto_generated|l1_w0_n0_mux_dataout                  ; out0             ;
; |Lab4|lpm_mux0:inst8|lpm_mux:lpm_mux_component|mux_fpc:auto_generated|l1_w0_n1_mux_dataout~0             ; |Lab4|lpm_mux0:inst8|lpm_mux:lpm_mux_component|mux_fpc:auto_generated|l1_w0_n1_mux_dataout~0                ; out0             ;
; |Lab4|lpm_mux0:inst8|lpm_mux:lpm_mux_component|mux_fpc:auto_generated|l1_w0_n1_mux_dataout~1             ; |Lab4|lpm_mux0:inst8|lpm_mux:lpm_mux_component|mux_fpc:auto_generated|l1_w0_n1_mux_dataout~1                ; out0             ;
; |Lab4|lpm_mux0:inst8|lpm_mux:lpm_mux_component|mux_fpc:auto_generated|l1_w0_n1_mux_dataout               ; |Lab4|lpm_mux0:inst8|lpm_mux:lpm_mux_component|mux_fpc:auto_generated|l1_w0_n1_mux_dataout                  ; out0             ;
; |Lab4|lpm_mux0:inst8|lpm_mux:lpm_mux_component|mux_fpc:auto_generated|l1_w0_n2_mux_dataout~0             ; |Lab4|lpm_mux0:inst8|lpm_mux:lpm_mux_component|mux_fpc:auto_generated|l1_w0_n2_mux_dataout~0                ; out0             ;
; |Lab4|lpm_mux0:inst8|lpm_mux:lpm_mux_component|mux_fpc:auto_generated|l1_w0_n2_mux_dataout~1             ; |Lab4|lpm_mux0:inst8|lpm_mux:lpm_mux_component|mux_fpc:auto_generated|l1_w0_n2_mux_dataout~1                ; out0             ;
; |Lab4|lpm_mux0:inst8|lpm_mux:lpm_mux_component|mux_fpc:auto_generated|l1_w0_n2_mux_dataout               ; |Lab4|lpm_mux0:inst8|lpm_mux:lpm_mux_component|mux_fpc:auto_generated|l1_w0_n2_mux_dataout                  ; out0             ;
; |Lab4|lpm_mux0:inst8|lpm_mux:lpm_mux_component|mux_fpc:auto_generated|l1_w0_n3_mux_dataout~0             ; |Lab4|lpm_mux0:inst8|lpm_mux:lpm_mux_component|mux_fpc:auto_generated|l1_w0_n3_mux_dataout~0                ; out0             ;
; |Lab4|lpm_mux0:inst8|lpm_mux:lpm_mux_component|mux_fpc:auto_generated|l1_w0_n3_mux_dataout~1             ; |Lab4|lpm_mux0:inst8|lpm_mux:lpm_mux_component|mux_fpc:auto_generated|l1_w0_n3_mux_dataout~1                ; out0             ;
; |Lab4|lpm_mux0:inst8|lpm_mux:lpm_mux_component|mux_fpc:auto_generated|l1_w0_n3_mux_dataout               ; |Lab4|lpm_mux0:inst8|lpm_mux:lpm_mux_component|mux_fpc:auto_generated|l1_w0_n3_mux_dataout                  ; out0             ;
; |Lab4|lpm_mux0:inst8|lpm_mux:lpm_mux_component|mux_fpc:auto_generated|l1_w1_n0_mux_dataout~0             ; |Lab4|lpm_mux0:inst8|lpm_mux:lpm_mux_component|mux_fpc:auto_generated|l1_w1_n0_mux_dataout~0                ; out0             ;
; |Lab4|lpm_mux0:inst8|lpm_mux:lpm_mux_component|mux_fpc:auto_generated|l1_w1_n0_mux_dataout~1             ; |Lab4|lpm_mux0:inst8|lpm_mux:lpm_mux_component|mux_fpc:auto_generated|l1_w1_n0_mux_dataout~1                ; out0             ;
; |Lab4|lpm_mux0:inst8|lpm_mux:lpm_mux_component|mux_fpc:auto_generated|l1_w1_n0_mux_dataout               ; |Lab4|lpm_mux0:inst8|lpm_mux:lpm_mux_component|mux_fpc:auto_generated|l1_w1_n0_mux_dataout                  ; out0             ;
; |Lab4|lpm_mux0:inst8|lpm_mux:lpm_mux_component|mux_fpc:auto_generated|l1_w1_n1_mux_dataout~0             ; |Lab4|lpm_mux0:inst8|lpm_mux:lpm_mux_component|mux_fpc:auto_generated|l1_w1_n1_mux_dataout~0                ; out0             ;
; |Lab4|lpm_mux0:inst8|lpm_mux:lpm_mux_component|mux_fpc:auto_generated|l1_w1_n1_mux_dataout~1             ; |Lab4|lpm_mux0:inst8|lpm_mux:lpm_mux_component|mux_fpc:auto_generated|l1_w1_n1_mux_dataout~1                ; out0             ;
; |Lab4|lpm_mux0:inst8|lpm_mux:lpm_mux_component|mux_fpc:auto_generated|l1_w1_n1_mux_dataout               ; |Lab4|lpm_mux0:inst8|lpm_mux:lpm_mux_component|mux_fpc:auto_generated|l1_w1_n1_mux_dataout                  ; out0             ;
; |Lab4|lpm_mux0:inst8|lpm_mux:lpm_mux_component|mux_fpc:auto_generated|l1_w1_n2_mux_dataout~0             ; |Lab4|lpm_mux0:inst8|lpm_mux:lpm_mux_component|mux_fpc:auto_generated|l1_w1_n2_mux_dataout~0                ; out0             ;
; |Lab4|lpm_mux0:inst8|lpm_mux:lpm_mux_component|mux_fpc:auto_generated|l1_w1_n2_mux_dataout~1             ; |Lab4|lpm_mux0:inst8|lpm_mux:lpm_mux_component|mux_fpc:auto_generated|l1_w1_n2_mux_dataout~1                ; out0             ;
; |Lab4|lpm_mux0:inst8|lpm_mux:lpm_mux_component|mux_fpc:auto_generated|l1_w1_n2_mux_dataout               ; |Lab4|lpm_mux0:inst8|lpm_mux:lpm_mux_component|mux_fpc:auto_generated|l1_w1_n2_mux_dataout                  ; out0             ;
; |Lab4|lpm_mux0:inst8|lpm_mux:lpm_mux_component|mux_fpc:auto_generated|l1_w1_n3_mux_dataout~0             ; |Lab4|lpm_mux0:inst8|lpm_mux:lpm_mux_component|mux_fpc:auto_generated|l1_w1_n3_mux_dataout~0                ; out0             ;
; |Lab4|lpm_mux0:inst8|lpm_mux:lpm_mux_component|mux_fpc:auto_generated|l1_w1_n3_mux_dataout~1             ; |Lab4|lpm_mux0:inst8|lpm_mux:lpm_mux_component|mux_fpc:auto_generated|l1_w1_n3_mux_dataout~1                ; out0             ;
; |Lab4|lpm_mux0:inst8|lpm_mux:lpm_mux_component|mux_fpc:auto_generated|l1_w1_n3_mux_dataout               ; |Lab4|lpm_mux0:inst8|lpm_mux:lpm_mux_component|mux_fpc:auto_generated|l1_w1_n3_mux_dataout                  ; out0             ;
; |Lab4|lpm_mux0:inst8|lpm_mux:lpm_mux_component|mux_fpc:auto_generated|l1_w2_n0_mux_dataout~0             ; |Lab4|lpm_mux0:inst8|lpm_mux:lpm_mux_component|mux_fpc:auto_generated|l1_w2_n0_mux_dataout~0                ; out0             ;
; |Lab4|lpm_mux0:inst8|lpm_mux:lpm_mux_component|mux_fpc:auto_generated|l1_w2_n0_mux_dataout~1             ; |Lab4|lpm_mux0:inst8|lpm_mux:lpm_mux_component|mux_fpc:auto_generated|l1_w2_n0_mux_dataout~1                ; out0             ;
; |Lab4|lpm_mux0:inst8|lpm_mux:lpm_mux_component|mux_fpc:auto_generated|l1_w2_n0_mux_dataout               ; |Lab4|lpm_mux0:inst8|lpm_mux:lpm_mux_component|mux_fpc:auto_generated|l1_w2_n0_mux_dataout                  ; out0             ;
; |Lab4|lpm_mux0:inst8|lpm_mux:lpm_mux_component|mux_fpc:auto_generated|l1_w2_n1_mux_dataout~0             ; |Lab4|lpm_mux0:inst8|lpm_mux:lpm_mux_component|mux_fpc:auto_generated|l1_w2_n1_mux_dataout~0                ; out0             ;
; |Lab4|lpm_mux0:inst8|lpm_mux:lpm_mux_component|mux_fpc:auto_generated|l1_w2_n1_mux_dataout~1             ; |Lab4|lpm_mux0:inst8|lpm_mux:lpm_mux_component|mux_fpc:auto_generated|l1_w2_n1_mux_dataout~1                ; out0             ;
; |Lab4|lpm_mux0:inst8|lpm_mux:lpm_mux_component|mux_fpc:auto_generated|l1_w2_n1_mux_dataout               ; |Lab4|lpm_mux0:inst8|lpm_mux:lpm_mux_component|mux_fpc:auto_generated|l1_w2_n1_mux_dataout                  ; out0             ;
; |Lab4|lpm_mux0:inst8|lpm_mux:lpm_mux_component|mux_fpc:auto_generated|l1_w2_n2_mux_dataout~0             ; |Lab4|lpm_mux0:inst8|lpm_mux:lpm_mux_component|mux_fpc:auto_generated|l1_w2_n2_mux_dataout~0                ; out0             ;
; |Lab4|lpm_mux0:inst8|lpm_mux:lpm_mux_component|mux_fpc:auto_generated|l1_w2_n2_mux_dataout~1             ; |Lab4|lpm_mux0:inst8|lpm_mux:lpm_mux_component|mux_fpc:auto_generated|l1_w2_n2_mux_dataout~1                ; out0             ;
; |Lab4|lpm_mux0:inst8|lpm_mux:lpm_mux_component|mux_fpc:auto_generated|l1_w2_n2_mux_dataout               ; |Lab4|lpm_mux0:inst8|lpm_mux:lpm_mux_component|mux_fpc:auto_generated|l1_w2_n2_mux_dataout                  ; out0             ;
; |Lab4|lpm_mux0:inst8|lpm_mux:lpm_mux_component|mux_fpc:auto_generated|l1_w2_n3_mux_dataout~0             ; |Lab4|lpm_mux0:inst8|lpm_mux:lpm_mux_component|mux_fpc:auto_generated|l1_w2_n3_mux_dataout~0                ; out0             ;
; |Lab4|lpm_mux0:inst8|lpm_mux:lpm_mux_component|mux_fpc:auto_generated|l1_w2_n3_mux_dataout~1             ; |Lab4|lpm_mux0:inst8|lpm_mux:lpm_mux_component|mux_fpc:auto_generated|l1_w2_n3_mux_dataout~1                ; out0             ;
; |Lab4|lpm_mux0:inst8|lpm_mux:lpm_mux_component|mux_fpc:auto_generated|l1_w2_n3_mux_dataout               ; |Lab4|lpm_mux0:inst8|lpm_mux:lpm_mux_component|mux_fpc:auto_generated|l1_w2_n3_mux_dataout                  ; out0             ;
; |Lab4|lpm_mux0:inst8|lpm_mux:lpm_mux_component|mux_fpc:auto_generated|l1_w3_n0_mux_dataout~0             ; |Lab4|lpm_mux0:inst8|lpm_mux:lpm_mux_component|mux_fpc:auto_generated|l1_w3_n0_mux_dataout~0                ; out0             ;
; |Lab4|lpm_mux0:inst8|lpm_mux:lpm_mux_component|mux_fpc:auto_generated|l1_w3_n0_mux_dataout~1             ; |Lab4|lpm_mux0:inst8|lpm_mux:lpm_mux_component|mux_fpc:auto_generated|l1_w3_n0_mux_dataout~1                ; out0             ;
; |Lab4|lpm_mux0:inst8|lpm_mux:lpm_mux_component|mux_fpc:auto_generated|l1_w3_n0_mux_dataout               ; |Lab4|lpm_mux0:inst8|lpm_mux:lpm_mux_component|mux_fpc:auto_generated|l1_w3_n0_mux_dataout                  ; out0             ;
; |Lab4|lpm_mux0:inst8|lpm_mux:lpm_mux_component|mux_fpc:auto_generated|l1_w3_n1_mux_dataout~0             ; |Lab4|lpm_mux0:inst8|lpm_mux:lpm_mux_component|mux_fpc:auto_generated|l1_w3_n1_mux_dataout~0                ; out0             ;
; |Lab4|lpm_mux0:inst8|lpm_mux:lpm_mux_component|mux_fpc:auto_generated|l1_w3_n1_mux_dataout~1             ; |Lab4|lpm_mux0:inst8|lpm_mux:lpm_mux_component|mux_fpc:auto_generated|l1_w3_n1_mux_dataout~1                ; out0             ;
; |Lab4|lpm_mux0:inst8|lpm_mux:lpm_mux_component|mux_fpc:auto_generated|l1_w3_n1_mux_dataout               ; |Lab4|lpm_mux0:inst8|lpm_mux:lpm_mux_component|mux_fpc:auto_generated|l1_w3_n1_mux_dataout                  ; out0             ;
; |Lab4|lpm_mux0:inst8|lpm_mux:lpm_mux_component|mux_fpc:auto_generated|l1_w3_n2_mux_dataout~0             ; |Lab4|lpm_mux0:inst8|lpm_mux:lpm_mux_component|mux_fpc:auto_generated|l1_w3_n2_mux_dataout~0                ; out0             ;
; |Lab4|lpm_mux0:inst8|lpm_mux:lpm_mux_component|mux_fpc:auto_generated|l1_w3_n2_mux_dataout~1             ; |Lab4|lpm_mux0:inst8|lpm_mux:lpm_mux_component|mux_fpc:auto_generated|l1_w3_n2_mux_dataout~1                ; out0             ;
; |Lab4|lpm_mux0:inst8|lpm_mux:lpm_mux_component|mux_fpc:auto_generated|l1_w3_n2_mux_dataout               ; |Lab4|lpm_mux0:inst8|lpm_mux:lpm_mux_component|mux_fpc:auto_generated|l1_w3_n2_mux_dataout                  ; out0             ;
; |Lab4|lpm_mux0:inst8|lpm_mux:lpm_mux_component|mux_fpc:auto_generated|l1_w3_n3_mux_dataout~0             ; |Lab4|lpm_mux0:inst8|lpm_mux:lpm_mux_component|mux_fpc:auto_generated|l1_w3_n3_mux_dataout~0                ; out0             ;
; |Lab4|lpm_mux0:inst8|lpm_mux:lpm_mux_component|mux_fpc:auto_generated|l1_w3_n3_mux_dataout~1             ; |Lab4|lpm_mux0:inst8|lpm_mux:lpm_mux_component|mux_fpc:auto_generated|l1_w3_n3_mux_dataout~1                ; out0             ;
; |Lab4|lpm_mux0:inst8|lpm_mux:lpm_mux_component|mux_fpc:auto_generated|l1_w3_n3_mux_dataout               ; |Lab4|lpm_mux0:inst8|lpm_mux:lpm_mux_component|mux_fpc:auto_generated|l1_w3_n3_mux_dataout                  ; out0             ;
; |Lab4|lpm_mux0:inst8|lpm_mux:lpm_mux_component|mux_fpc:auto_generated|l1_w4_n0_mux_dataout~0             ; |Lab4|lpm_mux0:inst8|lpm_mux:lpm_mux_component|mux_fpc:auto_generated|l1_w4_n0_mux_dataout~0                ; out0             ;
; |Lab4|lpm_mux0:inst8|lpm_mux:lpm_mux_component|mux_fpc:auto_generated|l1_w4_n0_mux_dataout~1             ; |Lab4|lpm_mux0:inst8|lpm_mux:lpm_mux_component|mux_fpc:auto_generated|l1_w4_n0_mux_dataout~1                ; out0             ;
; |Lab4|lpm_mux0:inst8|lpm_mux:lpm_mux_component|mux_fpc:auto_generated|l1_w4_n0_mux_dataout               ; |Lab4|lpm_mux0:inst8|lpm_mux:lpm_mux_component|mux_fpc:auto_generated|l1_w4_n0_mux_dataout                  ; out0             ;
; |Lab4|lpm_mux0:inst8|lpm_mux:lpm_mux_component|mux_fpc:auto_generated|l1_w4_n1_mux_dataout~0             ; |Lab4|lpm_mux0:inst8|lpm_mux:lpm_mux_component|mux_fpc:auto_generated|l1_w4_n1_mux_dataout~0                ; out0             ;
; |Lab4|lpm_mux0:inst8|lpm_mux:lpm_mux_component|mux_fpc:auto_generated|l1_w4_n1_mux_dataout~1             ; |Lab4|lpm_mux0:inst8|lpm_mux:lpm_mux_component|mux_fpc:auto_generated|l1_w4_n1_mux_dataout~1                ; out0             ;
; |Lab4|lpm_mux0:inst8|lpm_mux:lpm_mux_component|mux_fpc:auto_generated|l1_w4_n1_mux_dataout               ; |Lab4|lpm_mux0:inst8|lpm_mux:lpm_mux_component|mux_fpc:auto_generated|l1_w4_n1_mux_dataout                  ; out0             ;
; |Lab4|lpm_mux0:inst8|lpm_mux:lpm_mux_component|mux_fpc:auto_generated|l1_w4_n2_mux_dataout~0             ; |Lab4|lpm_mux0:inst8|lpm_mux:lpm_mux_component|mux_fpc:auto_generated|l1_w4_n2_mux_dataout~0                ; out0             ;
; |Lab4|lpm_mux0:inst8|lpm_mux:lpm_mux_component|mux_fpc:auto_generated|l1_w4_n2_mux_dataout~1             ; |Lab4|lpm_mux0:inst8|lpm_mux:lpm_mux_component|mux_fpc:auto_generated|l1_w4_n2_mux_dataout~1                ; out0             ;
; |Lab4|lpm_mux0:inst8|lpm_mux:lpm_mux_component|mux_fpc:auto_generated|l1_w4_n2_mux_dataout               ; |Lab4|lpm_mux0:inst8|lpm_mux:lpm_mux_component|mux_fpc:auto_generated|l1_w4_n2_mux_dataout                  ; out0             ;
; |Lab4|lpm_mux0:inst8|lpm_mux:lpm_mux_component|mux_fpc:auto_generated|l1_w4_n3_mux_dataout~0             ; |Lab4|lpm_mux0:inst8|lpm_mux:lpm_mux_component|mux_fpc:auto_generated|l1_w4_n3_mux_dataout~0                ; out0             ;
; |Lab4|lpm_mux0:inst8|lpm_mux:lpm_mux_component|mux_fpc:auto_generated|l1_w4_n3_mux_dataout~1             ; |Lab4|lpm_mux0:inst8|lpm_mux:lpm_mux_component|mux_fpc:auto_generated|l1_w4_n3_mux_dataout~1                ; out0             ;
; |Lab4|lpm_mux0:inst8|lpm_mux:lpm_mux_component|mux_fpc:auto_generated|l1_w4_n3_mux_dataout               ; |Lab4|lpm_mux0:inst8|lpm_mux:lpm_mux_component|mux_fpc:auto_generated|l1_w4_n3_mux_dataout                  ; out0             ;
; |Lab4|lpm_mux0:inst8|lpm_mux:lpm_mux_component|mux_fpc:auto_generated|l1_w5_n0_mux_dataout~0             ; |Lab4|lpm_mux0:inst8|lpm_mux:lpm_mux_component|mux_fpc:auto_generated|l1_w5_n0_mux_dataout~0                ; out0             ;
; |Lab4|lpm_mux0:inst8|lpm_mux:lpm_mux_component|mux_fpc:auto_generated|l1_w5_n0_mux_dataout~1             ; |Lab4|lpm_mux0:inst8|lpm_mux:lpm_mux_component|mux_fpc:auto_generated|l1_w5_n0_mux_dataout~1                ; out0             ;
; |Lab4|lpm_mux0:inst8|lpm_mux:lpm_mux_component|mux_fpc:auto_generated|l1_w5_n0_mux_dataout               ; |Lab4|lpm_mux0:inst8|lpm_mux:lpm_mux_component|mux_fpc:auto_generated|l1_w5_n0_mux_dataout                  ; out0             ;
; |Lab4|lpm_mux0:inst8|lpm_mux:lpm_mux_component|mux_fpc:auto_generated|l1_w5_n1_mux_dataout~0             ; |Lab4|lpm_mux0:inst8|lpm_mux:lpm_mux_component|mux_fpc:auto_generated|l1_w5_n1_mux_dataout~0                ; out0             ;
; |Lab4|lpm_mux0:inst8|lpm_mux:lpm_mux_component|mux_fpc:auto_generated|l1_w5_n1_mux_dataout~1             ; |Lab4|lpm_mux0:inst8|lpm_mux:lpm_mux_component|mux_fpc:auto_generated|l1_w5_n1_mux_dataout~1                ; out0             ;
; |Lab4|lpm_mux0:inst8|lpm_mux:lpm_mux_component|mux_fpc:auto_generated|l1_w5_n1_mux_dataout               ; |Lab4|lpm_mux0:inst8|lpm_mux:lpm_mux_component|mux_fpc:auto_generated|l1_w5_n1_mux_dataout                  ; out0             ;
; |Lab4|lpm_mux0:inst8|lpm_mux:lpm_mux_component|mux_fpc:auto_generated|l1_w5_n2_mux_dataout~0             ; |Lab4|lpm_mux0:inst8|lpm_mux:lpm_mux_component|mux_fpc:auto_generated|l1_w5_n2_mux_dataout~0                ; out0             ;
; |Lab4|lpm_mux0:inst8|lpm_mux:lpm_mux_component|mux_fpc:auto_generated|l1_w5_n2_mux_dataout~1             ; |Lab4|lpm_mux0:inst8|lpm_mux:lpm_mux_component|mux_fpc:auto_generated|l1_w5_n2_mux_dataout~1                ; out0             ;
; |Lab4|lpm_mux0:inst8|lpm_mux:lpm_mux_component|mux_fpc:auto_generated|l1_w5_n2_mux_dataout               ; |Lab4|lpm_mux0:inst8|lpm_mux:lpm_mux_component|mux_fpc:auto_generated|l1_w5_n2_mux_dataout                  ; out0             ;
; |Lab4|lpm_mux0:inst8|lpm_mux:lpm_mux_component|mux_fpc:auto_generated|l1_w5_n3_mux_dataout~0             ; |Lab4|lpm_mux0:inst8|lpm_mux:lpm_mux_component|mux_fpc:auto_generated|l1_w5_n3_mux_dataout~0                ; out0             ;
; |Lab4|lpm_mux0:inst8|lpm_mux:lpm_mux_component|mux_fpc:auto_generated|l1_w5_n3_mux_dataout~1             ; |Lab4|lpm_mux0:inst8|lpm_mux:lpm_mux_component|mux_fpc:auto_generated|l1_w5_n3_mux_dataout~1                ; out0             ;
; |Lab4|lpm_mux0:inst8|lpm_mux:lpm_mux_component|mux_fpc:auto_generated|l1_w5_n3_mux_dataout               ; |Lab4|lpm_mux0:inst8|lpm_mux:lpm_mux_component|mux_fpc:auto_generated|l1_w5_n3_mux_dataout                  ; out0             ;
; |Lab4|lpm_mux0:inst8|lpm_mux:lpm_mux_component|mux_fpc:auto_generated|l1_w6_n0_mux_dataout~0             ; |Lab4|lpm_mux0:inst8|lpm_mux:lpm_mux_component|mux_fpc:auto_generated|l1_w6_n0_mux_dataout~0                ; out0             ;
; |Lab4|lpm_mux0:inst8|lpm_mux:lpm_mux_component|mux_fpc:auto_generated|l1_w6_n0_mux_dataout~1             ; |Lab4|lpm_mux0:inst8|lpm_mux:lpm_mux_component|mux_fpc:auto_generated|l1_w6_n0_mux_dataout~1                ; out0             ;
; |Lab4|lpm_mux0:inst8|lpm_mux:lpm_mux_component|mux_fpc:auto_generated|l1_w6_n0_mux_dataout               ; |Lab4|lpm_mux0:inst8|lpm_mux:lpm_mux_component|mux_fpc:auto_generated|l1_w6_n0_mux_dataout                  ; out0             ;
; |Lab4|lpm_mux0:inst8|lpm_mux:lpm_mux_component|mux_fpc:auto_generated|l1_w6_n1_mux_dataout~0             ; |Lab4|lpm_mux0:inst8|lpm_mux:lpm_mux_component|mux_fpc:auto_generated|l1_w6_n1_mux_dataout~0                ; out0             ;
; |Lab4|lpm_mux0:inst8|lpm_mux:lpm_mux_component|mux_fpc:auto_generated|l1_w6_n1_mux_dataout~1             ; |Lab4|lpm_mux0:inst8|lpm_mux:lpm_mux_component|mux_fpc:auto_generated|l1_w6_n1_mux_dataout~1                ; out0             ;
; |Lab4|lpm_mux0:inst8|lpm_mux:lpm_mux_component|mux_fpc:auto_generated|l1_w6_n1_mux_dataout               ; |Lab4|lpm_mux0:inst8|lpm_mux:lpm_mux_component|mux_fpc:auto_generated|l1_w6_n1_mux_dataout                  ; out0             ;
; |Lab4|lpm_mux0:inst8|lpm_mux:lpm_mux_component|mux_fpc:auto_generated|l1_w6_n2_mux_dataout~0             ; |Lab4|lpm_mux0:inst8|lpm_mux:lpm_mux_component|mux_fpc:auto_generated|l1_w6_n2_mux_dataout~0                ; out0             ;
; |Lab4|lpm_mux0:inst8|lpm_mux:lpm_mux_component|mux_fpc:auto_generated|l1_w6_n2_mux_dataout~1             ; |Lab4|lpm_mux0:inst8|lpm_mux:lpm_mux_component|mux_fpc:auto_generated|l1_w6_n2_mux_dataout~1                ; out0             ;
; |Lab4|lpm_mux0:inst8|lpm_mux:lpm_mux_component|mux_fpc:auto_generated|l1_w6_n2_mux_dataout               ; |Lab4|lpm_mux0:inst8|lpm_mux:lpm_mux_component|mux_fpc:auto_generated|l1_w6_n2_mux_dataout                  ; out0             ;
; |Lab4|lpm_mux0:inst8|lpm_mux:lpm_mux_component|mux_fpc:auto_generated|l1_w6_n3_mux_dataout~0             ; |Lab4|lpm_mux0:inst8|lpm_mux:lpm_mux_component|mux_fpc:auto_generated|l1_w6_n3_mux_dataout~0                ; out0             ;
; |Lab4|lpm_mux0:inst8|lpm_mux:lpm_mux_component|mux_fpc:auto_generated|l1_w6_n3_mux_dataout~1             ; |Lab4|lpm_mux0:inst8|lpm_mux:lpm_mux_component|mux_fpc:auto_generated|l1_w6_n3_mux_dataout~1                ; out0             ;
; |Lab4|lpm_mux0:inst8|lpm_mux:lpm_mux_component|mux_fpc:auto_generated|l1_w6_n3_mux_dataout               ; |Lab4|lpm_mux0:inst8|lpm_mux:lpm_mux_component|mux_fpc:auto_generated|l1_w6_n3_mux_dataout                  ; out0             ;
; |Lab4|lpm_mux0:inst8|lpm_mux:lpm_mux_component|mux_fpc:auto_generated|l1_w7_n0_mux_dataout~0             ; |Lab4|lpm_mux0:inst8|lpm_mux:lpm_mux_component|mux_fpc:auto_generated|l1_w7_n0_mux_dataout~0                ; out0             ;
; |Lab4|lpm_mux0:inst8|lpm_mux:lpm_mux_component|mux_fpc:auto_generated|l1_w7_n0_mux_dataout~1             ; |Lab4|lpm_mux0:inst8|lpm_mux:lpm_mux_component|mux_fpc:auto_generated|l1_w7_n0_mux_dataout~1                ; out0             ;
; |Lab4|lpm_mux0:inst8|lpm_mux:lpm_mux_component|mux_fpc:auto_generated|l1_w7_n0_mux_dataout               ; |Lab4|lpm_mux0:inst8|lpm_mux:lpm_mux_component|mux_fpc:auto_generated|l1_w7_n0_mux_dataout                  ; out0             ;
; |Lab4|lpm_mux0:inst8|lpm_mux:lpm_mux_component|mux_fpc:auto_generated|l1_w7_n1_mux_dataout~0             ; |Lab4|lpm_mux0:inst8|lpm_mux:lpm_mux_component|mux_fpc:auto_generated|l1_w7_n1_mux_dataout~0                ; out0             ;
; |Lab4|lpm_mux0:inst8|lpm_mux:lpm_mux_component|mux_fpc:auto_generated|l1_w7_n1_mux_dataout~1             ; |Lab4|lpm_mux0:inst8|lpm_mux:lpm_mux_component|mux_fpc:auto_generated|l1_w7_n1_mux_dataout~1                ; out0             ;
; |Lab4|lpm_mux0:inst8|lpm_mux:lpm_mux_component|mux_fpc:auto_generated|l1_w7_n1_mux_dataout               ; |Lab4|lpm_mux0:inst8|lpm_mux:lpm_mux_component|mux_fpc:auto_generated|l1_w7_n1_mux_dataout                  ; out0             ;
; |Lab4|lpm_mux0:inst8|lpm_mux:lpm_mux_component|mux_fpc:auto_generated|l1_w7_n2_mux_dataout~0             ; |Lab4|lpm_mux0:inst8|lpm_mux:lpm_mux_component|mux_fpc:auto_generated|l1_w7_n2_mux_dataout~0                ; out0             ;
; |Lab4|lpm_mux0:inst8|lpm_mux:lpm_mux_component|mux_fpc:auto_generated|l1_w7_n2_mux_dataout~1             ; |Lab4|lpm_mux0:inst8|lpm_mux:lpm_mux_component|mux_fpc:auto_generated|l1_w7_n2_mux_dataout~1                ; out0             ;
; |Lab4|lpm_mux0:inst8|lpm_mux:lpm_mux_component|mux_fpc:auto_generated|l1_w7_n2_mux_dataout               ; |Lab4|lpm_mux0:inst8|lpm_mux:lpm_mux_component|mux_fpc:auto_generated|l1_w7_n2_mux_dataout                  ; out0             ;
; |Lab4|lpm_mux0:inst8|lpm_mux:lpm_mux_component|mux_fpc:auto_generated|l1_w7_n3_mux_dataout~0             ; |Lab4|lpm_mux0:inst8|lpm_mux:lpm_mux_component|mux_fpc:auto_generated|l1_w7_n3_mux_dataout~0                ; out0             ;
; |Lab4|lpm_mux0:inst8|lpm_mux:lpm_mux_component|mux_fpc:auto_generated|l1_w7_n3_mux_dataout~1             ; |Lab4|lpm_mux0:inst8|lpm_mux:lpm_mux_component|mux_fpc:auto_generated|l1_w7_n3_mux_dataout~1                ; out0             ;
; |Lab4|lpm_mux0:inst8|lpm_mux:lpm_mux_component|mux_fpc:auto_generated|l1_w7_n3_mux_dataout               ; |Lab4|lpm_mux0:inst8|lpm_mux:lpm_mux_component|mux_fpc:auto_generated|l1_w7_n3_mux_dataout                  ; out0             ;
; |Lab4|lpm_mux0:inst8|lpm_mux:lpm_mux_component|mux_fpc:auto_generated|l1_w8_n0_mux_dataout~0             ; |Lab4|lpm_mux0:inst8|lpm_mux:lpm_mux_component|mux_fpc:auto_generated|l1_w8_n0_mux_dataout~0                ; out0             ;
; |Lab4|lpm_mux0:inst8|lpm_mux:lpm_mux_component|mux_fpc:auto_generated|l1_w8_n0_mux_dataout~1             ; |Lab4|lpm_mux0:inst8|lpm_mux:lpm_mux_component|mux_fpc:auto_generated|l1_w8_n0_mux_dataout~1                ; out0             ;
; |Lab4|lpm_mux0:inst8|lpm_mux:lpm_mux_component|mux_fpc:auto_generated|l1_w8_n0_mux_dataout               ; |Lab4|lpm_mux0:inst8|lpm_mux:lpm_mux_component|mux_fpc:auto_generated|l1_w8_n0_mux_dataout                  ; out0             ;
; |Lab4|lpm_mux0:inst8|lpm_mux:lpm_mux_component|mux_fpc:auto_generated|l1_w8_n1_mux_dataout~0             ; |Lab4|lpm_mux0:inst8|lpm_mux:lpm_mux_component|mux_fpc:auto_generated|l1_w8_n1_mux_dataout~0                ; out0             ;
; |Lab4|lpm_mux0:inst8|lpm_mux:lpm_mux_component|mux_fpc:auto_generated|l1_w8_n1_mux_dataout~1             ; |Lab4|lpm_mux0:inst8|lpm_mux:lpm_mux_component|mux_fpc:auto_generated|l1_w8_n1_mux_dataout~1                ; out0             ;
; |Lab4|lpm_mux0:inst8|lpm_mux:lpm_mux_component|mux_fpc:auto_generated|l1_w8_n1_mux_dataout               ; |Lab4|lpm_mux0:inst8|lpm_mux:lpm_mux_component|mux_fpc:auto_generated|l1_w8_n1_mux_dataout                  ; out0             ;
; |Lab4|lpm_mux0:inst8|lpm_mux:lpm_mux_component|mux_fpc:auto_generated|l1_w8_n2_mux_dataout~0             ; |Lab4|lpm_mux0:inst8|lpm_mux:lpm_mux_component|mux_fpc:auto_generated|l1_w8_n2_mux_dataout~0                ; out0             ;
; |Lab4|lpm_mux0:inst8|lpm_mux:lpm_mux_component|mux_fpc:auto_generated|l1_w8_n2_mux_dataout~1             ; |Lab4|lpm_mux0:inst8|lpm_mux:lpm_mux_component|mux_fpc:auto_generated|l1_w8_n2_mux_dataout~1                ; out0             ;
; |Lab4|lpm_mux0:inst8|lpm_mux:lpm_mux_component|mux_fpc:auto_generated|l1_w8_n2_mux_dataout               ; |Lab4|lpm_mux0:inst8|lpm_mux:lpm_mux_component|mux_fpc:auto_generated|l1_w8_n2_mux_dataout                  ; out0             ;
; |Lab4|lpm_mux0:inst8|lpm_mux:lpm_mux_component|mux_fpc:auto_generated|l1_w8_n3_mux_dataout~0             ; |Lab4|lpm_mux0:inst8|lpm_mux:lpm_mux_component|mux_fpc:auto_generated|l1_w8_n3_mux_dataout~0                ; out0             ;
; |Lab4|lpm_mux0:inst8|lpm_mux:lpm_mux_component|mux_fpc:auto_generated|l1_w8_n3_mux_dataout~1             ; |Lab4|lpm_mux0:inst8|lpm_mux:lpm_mux_component|mux_fpc:auto_generated|l1_w8_n3_mux_dataout~1                ; out0             ;
; |Lab4|lpm_mux0:inst8|lpm_mux:lpm_mux_component|mux_fpc:auto_generated|l1_w8_n3_mux_dataout               ; |Lab4|lpm_mux0:inst8|lpm_mux:lpm_mux_component|mux_fpc:auto_generated|l1_w8_n3_mux_dataout                  ; out0             ;
; |Lab4|lpm_mux0:inst8|lpm_mux:lpm_mux_component|mux_fpc:auto_generated|l1_w9_n0_mux_dataout~0             ; |Lab4|lpm_mux0:inst8|lpm_mux:lpm_mux_component|mux_fpc:auto_generated|l1_w9_n0_mux_dataout~0                ; out0             ;
; |Lab4|lpm_mux0:inst8|lpm_mux:lpm_mux_component|mux_fpc:auto_generated|l1_w9_n0_mux_dataout~1             ; |Lab4|lpm_mux0:inst8|lpm_mux:lpm_mux_component|mux_fpc:auto_generated|l1_w9_n0_mux_dataout~1                ; out0             ;
; |Lab4|lpm_mux0:inst8|lpm_mux:lpm_mux_component|mux_fpc:auto_generated|l1_w9_n0_mux_dataout               ; |Lab4|lpm_mux0:inst8|lpm_mux:lpm_mux_component|mux_fpc:auto_generated|l1_w9_n0_mux_dataout                  ; out0             ;
; |Lab4|lpm_mux0:inst8|lpm_mux:lpm_mux_component|mux_fpc:auto_generated|l1_w9_n1_mux_dataout~0             ; |Lab4|lpm_mux0:inst8|lpm_mux:lpm_mux_component|mux_fpc:auto_generated|l1_w9_n1_mux_dataout~0                ; out0             ;
; |Lab4|lpm_mux0:inst8|lpm_mux:lpm_mux_component|mux_fpc:auto_generated|l1_w9_n1_mux_dataout~1             ; |Lab4|lpm_mux0:inst8|lpm_mux:lpm_mux_component|mux_fpc:auto_generated|l1_w9_n1_mux_dataout~1                ; out0             ;
; |Lab4|lpm_mux0:inst8|lpm_mux:lpm_mux_component|mux_fpc:auto_generated|l1_w9_n1_mux_dataout               ; |Lab4|lpm_mux0:inst8|lpm_mux:lpm_mux_component|mux_fpc:auto_generated|l1_w9_n1_mux_dataout                  ; out0             ;
; |Lab4|lpm_mux0:inst8|lpm_mux:lpm_mux_component|mux_fpc:auto_generated|l1_w9_n2_mux_dataout~0             ; |Lab4|lpm_mux0:inst8|lpm_mux:lpm_mux_component|mux_fpc:auto_generated|l1_w9_n2_mux_dataout~0                ; out0             ;
; |Lab4|lpm_mux0:inst8|lpm_mux:lpm_mux_component|mux_fpc:auto_generated|l1_w9_n2_mux_dataout~1             ; |Lab4|lpm_mux0:inst8|lpm_mux:lpm_mux_component|mux_fpc:auto_generated|l1_w9_n2_mux_dataout~1                ; out0             ;
; |Lab4|lpm_mux0:inst8|lpm_mux:lpm_mux_component|mux_fpc:auto_generated|l1_w9_n2_mux_dataout               ; |Lab4|lpm_mux0:inst8|lpm_mux:lpm_mux_component|mux_fpc:auto_generated|l1_w9_n2_mux_dataout                  ; out0             ;
; |Lab4|lpm_mux0:inst8|lpm_mux:lpm_mux_component|mux_fpc:auto_generated|l1_w9_n3_mux_dataout~0             ; |Lab4|lpm_mux0:inst8|lpm_mux:lpm_mux_component|mux_fpc:auto_generated|l1_w9_n3_mux_dataout~0                ; out0             ;
; |Lab4|lpm_mux0:inst8|lpm_mux:lpm_mux_component|mux_fpc:auto_generated|l1_w9_n3_mux_dataout~1             ; |Lab4|lpm_mux0:inst8|lpm_mux:lpm_mux_component|mux_fpc:auto_generated|l1_w9_n3_mux_dataout~1                ; out0             ;
; |Lab4|lpm_mux0:inst8|lpm_mux:lpm_mux_component|mux_fpc:auto_generated|l1_w9_n3_mux_dataout               ; |Lab4|lpm_mux0:inst8|lpm_mux:lpm_mux_component|mux_fpc:auto_generated|l1_w9_n3_mux_dataout                  ; out0             ;
; |Lab4|lpm_mux0:inst8|lpm_mux:lpm_mux_component|mux_fpc:auto_generated|l2_w0_n0_mux_dataout~0             ; |Lab4|lpm_mux0:inst8|lpm_mux:lpm_mux_component|mux_fpc:auto_generated|l2_w0_n0_mux_dataout~0                ; out0             ;
; |Lab4|lpm_mux0:inst8|lpm_mux:lpm_mux_component|mux_fpc:auto_generated|l2_w0_n0_mux_dataout~1             ; |Lab4|lpm_mux0:inst8|lpm_mux:lpm_mux_component|mux_fpc:auto_generated|l2_w0_n0_mux_dataout~1                ; out0             ;
; |Lab4|lpm_mux0:inst8|lpm_mux:lpm_mux_component|mux_fpc:auto_generated|l2_w0_n0_mux_dataout               ; |Lab4|lpm_mux0:inst8|lpm_mux:lpm_mux_component|mux_fpc:auto_generated|l2_w0_n0_mux_dataout                  ; out0             ;
; |Lab4|lpm_mux0:inst8|lpm_mux:lpm_mux_component|mux_fpc:auto_generated|l2_w0_n1_mux_dataout~0             ; |Lab4|lpm_mux0:inst8|lpm_mux:lpm_mux_component|mux_fpc:auto_generated|l2_w0_n1_mux_dataout~0                ; out0             ;
; |Lab4|lpm_mux0:inst8|lpm_mux:lpm_mux_component|mux_fpc:auto_generated|l2_w0_n1_mux_dataout~1             ; |Lab4|lpm_mux0:inst8|lpm_mux:lpm_mux_component|mux_fpc:auto_generated|l2_w0_n1_mux_dataout~1                ; out0             ;
; |Lab4|lpm_mux0:inst8|lpm_mux:lpm_mux_component|mux_fpc:auto_generated|l2_w0_n1_mux_dataout               ; |Lab4|lpm_mux0:inst8|lpm_mux:lpm_mux_component|mux_fpc:auto_generated|l2_w0_n1_mux_dataout                  ; out0             ;
; |Lab4|lpm_mux0:inst8|lpm_mux:lpm_mux_component|mux_fpc:auto_generated|l2_w1_n0_mux_dataout~0             ; |Lab4|lpm_mux0:inst8|lpm_mux:lpm_mux_component|mux_fpc:auto_generated|l2_w1_n0_mux_dataout~0                ; out0             ;
; |Lab4|lpm_mux0:inst8|lpm_mux:lpm_mux_component|mux_fpc:auto_generated|l2_w1_n0_mux_dataout~1             ; |Lab4|lpm_mux0:inst8|lpm_mux:lpm_mux_component|mux_fpc:auto_generated|l2_w1_n0_mux_dataout~1                ; out0             ;
; |Lab4|lpm_mux0:inst8|lpm_mux:lpm_mux_component|mux_fpc:auto_generated|l2_w1_n0_mux_dataout               ; |Lab4|lpm_mux0:inst8|lpm_mux:lpm_mux_component|mux_fpc:auto_generated|l2_w1_n0_mux_dataout                  ; out0             ;
; |Lab4|lpm_mux0:inst8|lpm_mux:lpm_mux_component|mux_fpc:auto_generated|l2_w1_n1_mux_dataout~0             ; |Lab4|lpm_mux0:inst8|lpm_mux:lpm_mux_component|mux_fpc:auto_generated|l2_w1_n1_mux_dataout~0                ; out0             ;
; |Lab4|lpm_mux0:inst8|lpm_mux:lpm_mux_component|mux_fpc:auto_generated|l2_w1_n1_mux_dataout~1             ; |Lab4|lpm_mux0:inst8|lpm_mux:lpm_mux_component|mux_fpc:auto_generated|l2_w1_n1_mux_dataout~1                ; out0             ;
; |Lab4|lpm_mux0:inst8|lpm_mux:lpm_mux_component|mux_fpc:auto_generated|l2_w1_n1_mux_dataout               ; |Lab4|lpm_mux0:inst8|lpm_mux:lpm_mux_component|mux_fpc:auto_generated|l2_w1_n1_mux_dataout                  ; out0             ;
; |Lab4|lpm_mux0:inst8|lpm_mux:lpm_mux_component|mux_fpc:auto_generated|l2_w2_n0_mux_dataout~0             ; |Lab4|lpm_mux0:inst8|lpm_mux:lpm_mux_component|mux_fpc:auto_generated|l2_w2_n0_mux_dataout~0                ; out0             ;
; |Lab4|lpm_mux0:inst8|lpm_mux:lpm_mux_component|mux_fpc:auto_generated|l2_w2_n0_mux_dataout~1             ; |Lab4|lpm_mux0:inst8|lpm_mux:lpm_mux_component|mux_fpc:auto_generated|l2_w2_n0_mux_dataout~1                ; out0             ;
; |Lab4|lpm_mux0:inst8|lpm_mux:lpm_mux_component|mux_fpc:auto_generated|l2_w2_n0_mux_dataout               ; |Lab4|lpm_mux0:inst8|lpm_mux:lpm_mux_component|mux_fpc:auto_generated|l2_w2_n0_mux_dataout                  ; out0             ;
; |Lab4|lpm_mux0:inst8|lpm_mux:lpm_mux_component|mux_fpc:auto_generated|l2_w2_n1_mux_dataout~0             ; |Lab4|lpm_mux0:inst8|lpm_mux:lpm_mux_component|mux_fpc:auto_generated|l2_w2_n1_mux_dataout~0                ; out0             ;
; |Lab4|lpm_mux0:inst8|lpm_mux:lpm_mux_component|mux_fpc:auto_generated|l2_w2_n1_mux_dataout~1             ; |Lab4|lpm_mux0:inst8|lpm_mux:lpm_mux_component|mux_fpc:auto_generated|l2_w2_n1_mux_dataout~1                ; out0             ;
; |Lab4|lpm_mux0:inst8|lpm_mux:lpm_mux_component|mux_fpc:auto_generated|l2_w2_n1_mux_dataout               ; |Lab4|lpm_mux0:inst8|lpm_mux:lpm_mux_component|mux_fpc:auto_generated|l2_w2_n1_mux_dataout                  ; out0             ;
; |Lab4|lpm_mux0:inst8|lpm_mux:lpm_mux_component|mux_fpc:auto_generated|l2_w3_n0_mux_dataout~0             ; |Lab4|lpm_mux0:inst8|lpm_mux:lpm_mux_component|mux_fpc:auto_generated|l2_w3_n0_mux_dataout~0                ; out0             ;
; |Lab4|lpm_mux0:inst8|lpm_mux:lpm_mux_component|mux_fpc:auto_generated|l2_w3_n0_mux_dataout~1             ; |Lab4|lpm_mux0:inst8|lpm_mux:lpm_mux_component|mux_fpc:auto_generated|l2_w3_n0_mux_dataout~1                ; out0             ;
; |Lab4|lpm_mux0:inst8|lpm_mux:lpm_mux_component|mux_fpc:auto_generated|l2_w3_n0_mux_dataout               ; |Lab4|lpm_mux0:inst8|lpm_mux:lpm_mux_component|mux_fpc:auto_generated|l2_w3_n0_mux_dataout                  ; out0             ;
; |Lab4|lpm_mux0:inst8|lpm_mux:lpm_mux_component|mux_fpc:auto_generated|l2_w3_n1_mux_dataout~0             ; |Lab4|lpm_mux0:inst8|lpm_mux:lpm_mux_component|mux_fpc:auto_generated|l2_w3_n1_mux_dataout~0                ; out0             ;
; |Lab4|lpm_mux0:inst8|lpm_mux:lpm_mux_component|mux_fpc:auto_generated|l2_w3_n1_mux_dataout~1             ; |Lab4|lpm_mux0:inst8|lpm_mux:lpm_mux_component|mux_fpc:auto_generated|l2_w3_n1_mux_dataout~1                ; out0             ;
; |Lab4|lpm_mux0:inst8|lpm_mux:lpm_mux_component|mux_fpc:auto_generated|l2_w3_n1_mux_dataout               ; |Lab4|lpm_mux0:inst8|lpm_mux:lpm_mux_component|mux_fpc:auto_generated|l2_w3_n1_mux_dataout                  ; out0             ;
; |Lab4|lpm_mux0:inst8|lpm_mux:lpm_mux_component|mux_fpc:auto_generated|l2_w4_n0_mux_dataout~0             ; |Lab4|lpm_mux0:inst8|lpm_mux:lpm_mux_component|mux_fpc:auto_generated|l2_w4_n0_mux_dataout~0                ; out0             ;
; |Lab4|lpm_mux0:inst8|lpm_mux:lpm_mux_component|mux_fpc:auto_generated|l2_w4_n0_mux_dataout~1             ; |Lab4|lpm_mux0:inst8|lpm_mux:lpm_mux_component|mux_fpc:auto_generated|l2_w4_n0_mux_dataout~1                ; out0             ;
; |Lab4|lpm_mux0:inst8|lpm_mux:lpm_mux_component|mux_fpc:auto_generated|l2_w4_n0_mux_dataout               ; |Lab4|lpm_mux0:inst8|lpm_mux:lpm_mux_component|mux_fpc:auto_generated|l2_w4_n0_mux_dataout                  ; out0             ;
; |Lab4|lpm_mux0:inst8|lpm_mux:lpm_mux_component|mux_fpc:auto_generated|l2_w4_n1_mux_dataout~0             ; |Lab4|lpm_mux0:inst8|lpm_mux:lpm_mux_component|mux_fpc:auto_generated|l2_w4_n1_mux_dataout~0                ; out0             ;
; |Lab4|lpm_mux0:inst8|lpm_mux:lpm_mux_component|mux_fpc:auto_generated|l2_w4_n1_mux_dataout~1             ; |Lab4|lpm_mux0:inst8|lpm_mux:lpm_mux_component|mux_fpc:auto_generated|l2_w4_n1_mux_dataout~1                ; out0             ;
; |Lab4|lpm_mux0:inst8|lpm_mux:lpm_mux_component|mux_fpc:auto_generated|l2_w4_n1_mux_dataout               ; |Lab4|lpm_mux0:inst8|lpm_mux:lpm_mux_component|mux_fpc:auto_generated|l2_w4_n1_mux_dataout                  ; out0             ;
; |Lab4|lpm_mux0:inst8|lpm_mux:lpm_mux_component|mux_fpc:auto_generated|l2_w5_n0_mux_dataout~0             ; |Lab4|lpm_mux0:inst8|lpm_mux:lpm_mux_component|mux_fpc:auto_generated|l2_w5_n0_mux_dataout~0                ; out0             ;
; |Lab4|lpm_mux0:inst8|lpm_mux:lpm_mux_component|mux_fpc:auto_generated|l2_w5_n0_mux_dataout~1             ; |Lab4|lpm_mux0:inst8|lpm_mux:lpm_mux_component|mux_fpc:auto_generated|l2_w5_n0_mux_dataout~1                ; out0             ;
; |Lab4|lpm_mux0:inst8|lpm_mux:lpm_mux_component|mux_fpc:auto_generated|l2_w5_n0_mux_dataout               ; |Lab4|lpm_mux0:inst8|lpm_mux:lpm_mux_component|mux_fpc:auto_generated|l2_w5_n0_mux_dataout                  ; out0             ;
; |Lab4|lpm_mux0:inst8|lpm_mux:lpm_mux_component|mux_fpc:auto_generated|l2_w5_n1_mux_dataout~0             ; |Lab4|lpm_mux0:inst8|lpm_mux:lpm_mux_component|mux_fpc:auto_generated|l2_w5_n1_mux_dataout~0                ; out0             ;
; |Lab4|lpm_mux0:inst8|lpm_mux:lpm_mux_component|mux_fpc:auto_generated|l2_w5_n1_mux_dataout~1             ; |Lab4|lpm_mux0:inst8|lpm_mux:lpm_mux_component|mux_fpc:auto_generated|l2_w5_n1_mux_dataout~1                ; out0             ;
; |Lab4|lpm_mux0:inst8|lpm_mux:lpm_mux_component|mux_fpc:auto_generated|l2_w5_n1_mux_dataout               ; |Lab4|lpm_mux0:inst8|lpm_mux:lpm_mux_component|mux_fpc:auto_generated|l2_w5_n1_mux_dataout                  ; out0             ;
; |Lab4|lpm_mux0:inst8|lpm_mux:lpm_mux_component|mux_fpc:auto_generated|l2_w6_n0_mux_dataout~0             ; |Lab4|lpm_mux0:inst8|lpm_mux:lpm_mux_component|mux_fpc:auto_generated|l2_w6_n0_mux_dataout~0                ; out0             ;
; |Lab4|lpm_mux0:inst8|lpm_mux:lpm_mux_component|mux_fpc:auto_generated|l2_w6_n0_mux_dataout~1             ; |Lab4|lpm_mux0:inst8|lpm_mux:lpm_mux_component|mux_fpc:auto_generated|l2_w6_n0_mux_dataout~1                ; out0             ;
; |Lab4|lpm_mux0:inst8|lpm_mux:lpm_mux_component|mux_fpc:auto_generated|l2_w6_n0_mux_dataout               ; |Lab4|lpm_mux0:inst8|lpm_mux:lpm_mux_component|mux_fpc:auto_generated|l2_w6_n0_mux_dataout                  ; out0             ;
; |Lab4|lpm_mux0:inst8|lpm_mux:lpm_mux_component|mux_fpc:auto_generated|l2_w6_n1_mux_dataout~0             ; |Lab4|lpm_mux0:inst8|lpm_mux:lpm_mux_component|mux_fpc:auto_generated|l2_w6_n1_mux_dataout~0                ; out0             ;
; |Lab4|lpm_mux0:inst8|lpm_mux:lpm_mux_component|mux_fpc:auto_generated|l2_w6_n1_mux_dataout~1             ; |Lab4|lpm_mux0:inst8|lpm_mux:lpm_mux_component|mux_fpc:auto_generated|l2_w6_n1_mux_dataout~1                ; out0             ;
; |Lab4|lpm_mux0:inst8|lpm_mux:lpm_mux_component|mux_fpc:auto_generated|l2_w6_n1_mux_dataout               ; |Lab4|lpm_mux0:inst8|lpm_mux:lpm_mux_component|mux_fpc:auto_generated|l2_w6_n1_mux_dataout                  ; out0             ;
; |Lab4|lpm_mux0:inst8|lpm_mux:lpm_mux_component|mux_fpc:auto_generated|l2_w7_n0_mux_dataout~0             ; |Lab4|lpm_mux0:inst8|lpm_mux:lpm_mux_component|mux_fpc:auto_generated|l2_w7_n0_mux_dataout~0                ; out0             ;
; |Lab4|lpm_mux0:inst8|lpm_mux:lpm_mux_component|mux_fpc:auto_generated|l2_w7_n0_mux_dataout~1             ; |Lab4|lpm_mux0:inst8|lpm_mux:lpm_mux_component|mux_fpc:auto_generated|l2_w7_n0_mux_dataout~1                ; out0             ;
; |Lab4|lpm_mux0:inst8|lpm_mux:lpm_mux_component|mux_fpc:auto_generated|l2_w7_n0_mux_dataout               ; |Lab4|lpm_mux0:inst8|lpm_mux:lpm_mux_component|mux_fpc:auto_generated|l2_w7_n0_mux_dataout                  ; out0             ;
; |Lab4|lpm_mux0:inst8|lpm_mux:lpm_mux_component|mux_fpc:auto_generated|l2_w7_n1_mux_dataout~0             ; |Lab4|lpm_mux0:inst8|lpm_mux:lpm_mux_component|mux_fpc:auto_generated|l2_w7_n1_mux_dataout~0                ; out0             ;
; |Lab4|lpm_mux0:inst8|lpm_mux:lpm_mux_component|mux_fpc:auto_generated|l2_w7_n1_mux_dataout~1             ; |Lab4|lpm_mux0:inst8|lpm_mux:lpm_mux_component|mux_fpc:auto_generated|l2_w7_n1_mux_dataout~1                ; out0             ;
; |Lab4|lpm_mux0:inst8|lpm_mux:lpm_mux_component|mux_fpc:auto_generated|l2_w7_n1_mux_dataout               ; |Lab4|lpm_mux0:inst8|lpm_mux:lpm_mux_component|mux_fpc:auto_generated|l2_w7_n1_mux_dataout                  ; out0             ;
; |Lab4|lpm_mux0:inst8|lpm_mux:lpm_mux_component|mux_fpc:auto_generated|l2_w8_n0_mux_dataout~0             ; |Lab4|lpm_mux0:inst8|lpm_mux:lpm_mux_component|mux_fpc:auto_generated|l2_w8_n0_mux_dataout~0                ; out0             ;
; |Lab4|lpm_mux0:inst8|lpm_mux:lpm_mux_component|mux_fpc:auto_generated|l2_w8_n0_mux_dataout~1             ; |Lab4|lpm_mux0:inst8|lpm_mux:lpm_mux_component|mux_fpc:auto_generated|l2_w8_n0_mux_dataout~1                ; out0             ;
; |Lab4|lpm_mux0:inst8|lpm_mux:lpm_mux_component|mux_fpc:auto_generated|l2_w8_n0_mux_dataout               ; |Lab4|lpm_mux0:inst8|lpm_mux:lpm_mux_component|mux_fpc:auto_generated|l2_w8_n0_mux_dataout                  ; out0             ;
; |Lab4|lpm_mux0:inst8|lpm_mux:lpm_mux_component|mux_fpc:auto_generated|l2_w8_n1_mux_dataout~0             ; |Lab4|lpm_mux0:inst8|lpm_mux:lpm_mux_component|mux_fpc:auto_generated|l2_w8_n1_mux_dataout~0                ; out0             ;
; |Lab4|lpm_mux0:inst8|lpm_mux:lpm_mux_component|mux_fpc:auto_generated|l2_w8_n1_mux_dataout~1             ; |Lab4|lpm_mux0:inst8|lpm_mux:lpm_mux_component|mux_fpc:auto_generated|l2_w8_n1_mux_dataout~1                ; out0             ;
; |Lab4|lpm_mux0:inst8|lpm_mux:lpm_mux_component|mux_fpc:auto_generated|l2_w8_n1_mux_dataout               ; |Lab4|lpm_mux0:inst8|lpm_mux:lpm_mux_component|mux_fpc:auto_generated|l2_w8_n1_mux_dataout                  ; out0             ;
; |Lab4|lpm_mux0:inst8|lpm_mux:lpm_mux_component|mux_fpc:auto_generated|l2_w9_n0_mux_dataout~0             ; |Lab4|lpm_mux0:inst8|lpm_mux:lpm_mux_component|mux_fpc:auto_generated|l2_w9_n0_mux_dataout~0                ; out0             ;
; |Lab4|lpm_mux0:inst8|lpm_mux:lpm_mux_component|mux_fpc:auto_generated|l2_w9_n0_mux_dataout~1             ; |Lab4|lpm_mux0:inst8|lpm_mux:lpm_mux_component|mux_fpc:auto_generated|l2_w9_n0_mux_dataout~1                ; out0             ;
; |Lab4|lpm_mux0:inst8|lpm_mux:lpm_mux_component|mux_fpc:auto_generated|l2_w9_n0_mux_dataout               ; |Lab4|lpm_mux0:inst8|lpm_mux:lpm_mux_component|mux_fpc:auto_generated|l2_w9_n0_mux_dataout                  ; out0             ;
; |Lab4|lpm_mux0:inst8|lpm_mux:lpm_mux_component|mux_fpc:auto_generated|l2_w9_n1_mux_dataout~0             ; |Lab4|lpm_mux0:inst8|lpm_mux:lpm_mux_component|mux_fpc:auto_generated|l2_w9_n1_mux_dataout~0                ; out0             ;
; |Lab4|lpm_mux0:inst8|lpm_mux:lpm_mux_component|mux_fpc:auto_generated|l2_w9_n1_mux_dataout~1             ; |Lab4|lpm_mux0:inst8|lpm_mux:lpm_mux_component|mux_fpc:auto_generated|l2_w9_n1_mux_dataout~1                ; out0             ;
; |Lab4|lpm_mux0:inst8|lpm_mux:lpm_mux_component|mux_fpc:auto_generated|l2_w9_n1_mux_dataout               ; |Lab4|lpm_mux0:inst8|lpm_mux:lpm_mux_component|mux_fpc:auto_generated|l2_w9_n1_mux_dataout                  ; out0             ;
; |Lab4|lpm_mux0:inst8|lpm_mux:lpm_mux_component|mux_fpc:auto_generated|l3_w0_n0_mux_dataout~0             ; |Lab4|lpm_mux0:inst8|lpm_mux:lpm_mux_component|mux_fpc:auto_generated|l3_w0_n0_mux_dataout~0                ; out0             ;
; |Lab4|lpm_mux0:inst8|lpm_mux:lpm_mux_component|mux_fpc:auto_generated|l3_w0_n0_mux_dataout~1             ; |Lab4|lpm_mux0:inst8|lpm_mux:lpm_mux_component|mux_fpc:auto_generated|l3_w0_n0_mux_dataout~1                ; out0             ;
; |Lab4|lpm_mux0:inst8|lpm_mux:lpm_mux_component|mux_fpc:auto_generated|l3_w0_n0_mux_dataout               ; |Lab4|lpm_mux0:inst8|lpm_mux:lpm_mux_component|mux_fpc:auto_generated|l3_w0_n0_mux_dataout                  ; out0             ;
; |Lab4|lpm_mux0:inst8|lpm_mux:lpm_mux_component|mux_fpc:auto_generated|l3_w1_n0_mux_dataout~0             ; |Lab4|lpm_mux0:inst8|lpm_mux:lpm_mux_component|mux_fpc:auto_generated|l3_w1_n0_mux_dataout~0                ; out0             ;
; |Lab4|lpm_mux0:inst8|lpm_mux:lpm_mux_component|mux_fpc:auto_generated|l3_w1_n0_mux_dataout~1             ; |Lab4|lpm_mux0:inst8|lpm_mux:lpm_mux_component|mux_fpc:auto_generated|l3_w1_n0_mux_dataout~1                ; out0             ;
; |Lab4|lpm_mux0:inst8|lpm_mux:lpm_mux_component|mux_fpc:auto_generated|l3_w1_n0_mux_dataout               ; |Lab4|lpm_mux0:inst8|lpm_mux:lpm_mux_component|mux_fpc:auto_generated|l3_w1_n0_mux_dataout                  ; out0             ;
; |Lab4|lpm_mux0:inst8|lpm_mux:lpm_mux_component|mux_fpc:auto_generated|l3_w2_n0_mux_dataout~0             ; |Lab4|lpm_mux0:inst8|lpm_mux:lpm_mux_component|mux_fpc:auto_generated|l3_w2_n0_mux_dataout~0                ; out0             ;
; |Lab4|lpm_mux0:inst8|lpm_mux:lpm_mux_component|mux_fpc:auto_generated|l3_w2_n0_mux_dataout~1             ; |Lab4|lpm_mux0:inst8|lpm_mux:lpm_mux_component|mux_fpc:auto_generated|l3_w2_n0_mux_dataout~1                ; out0             ;
; |Lab4|lpm_mux0:inst8|lpm_mux:lpm_mux_component|mux_fpc:auto_generated|l3_w2_n0_mux_dataout               ; |Lab4|lpm_mux0:inst8|lpm_mux:lpm_mux_component|mux_fpc:auto_generated|l3_w2_n0_mux_dataout                  ; out0             ;
; |Lab4|lpm_mux0:inst8|lpm_mux:lpm_mux_component|mux_fpc:auto_generated|l3_w3_n0_mux_dataout~0             ; |Lab4|lpm_mux0:inst8|lpm_mux:lpm_mux_component|mux_fpc:auto_generated|l3_w3_n0_mux_dataout~0                ; out0             ;
; |Lab4|lpm_mux0:inst8|lpm_mux:lpm_mux_component|mux_fpc:auto_generated|l3_w3_n0_mux_dataout~1             ; |Lab4|lpm_mux0:inst8|lpm_mux:lpm_mux_component|mux_fpc:auto_generated|l3_w3_n0_mux_dataout~1                ; out0             ;
; |Lab4|lpm_mux0:inst8|lpm_mux:lpm_mux_component|mux_fpc:auto_generated|l3_w3_n0_mux_dataout               ; |Lab4|lpm_mux0:inst8|lpm_mux:lpm_mux_component|mux_fpc:auto_generated|l3_w3_n0_mux_dataout                  ; out0             ;
; |Lab4|lpm_mux0:inst8|lpm_mux:lpm_mux_component|mux_fpc:auto_generated|l3_w4_n0_mux_dataout~0             ; |Lab4|lpm_mux0:inst8|lpm_mux:lpm_mux_component|mux_fpc:auto_generated|l3_w4_n0_mux_dataout~0                ; out0             ;
; |Lab4|lpm_mux0:inst8|lpm_mux:lpm_mux_component|mux_fpc:auto_generated|l3_w4_n0_mux_dataout~1             ; |Lab4|lpm_mux0:inst8|lpm_mux:lpm_mux_component|mux_fpc:auto_generated|l3_w4_n0_mux_dataout~1                ; out0             ;
; |Lab4|lpm_mux0:inst8|lpm_mux:lpm_mux_component|mux_fpc:auto_generated|l3_w4_n0_mux_dataout               ; |Lab4|lpm_mux0:inst8|lpm_mux:lpm_mux_component|mux_fpc:auto_generated|l3_w4_n0_mux_dataout                  ; out0             ;
; |Lab4|lpm_mux0:inst8|lpm_mux:lpm_mux_component|mux_fpc:auto_generated|l3_w5_n0_mux_dataout~0             ; |Lab4|lpm_mux0:inst8|lpm_mux:lpm_mux_component|mux_fpc:auto_generated|l3_w5_n0_mux_dataout~0                ; out0             ;
; |Lab4|lpm_mux0:inst8|lpm_mux:lpm_mux_component|mux_fpc:auto_generated|l3_w5_n0_mux_dataout~1             ; |Lab4|lpm_mux0:inst8|lpm_mux:lpm_mux_component|mux_fpc:auto_generated|l3_w5_n0_mux_dataout~1                ; out0             ;
; |Lab4|lpm_mux0:inst8|lpm_mux:lpm_mux_component|mux_fpc:auto_generated|l3_w5_n0_mux_dataout               ; |Lab4|lpm_mux0:inst8|lpm_mux:lpm_mux_component|mux_fpc:auto_generated|l3_w5_n0_mux_dataout                  ; out0             ;
; |Lab4|lpm_mux0:inst8|lpm_mux:lpm_mux_component|mux_fpc:auto_generated|l3_w6_n0_mux_dataout~0             ; |Lab4|lpm_mux0:inst8|lpm_mux:lpm_mux_component|mux_fpc:auto_generated|l3_w6_n0_mux_dataout~0                ; out0             ;
; |Lab4|lpm_mux0:inst8|lpm_mux:lpm_mux_component|mux_fpc:auto_generated|l3_w6_n0_mux_dataout~1             ; |Lab4|lpm_mux0:inst8|lpm_mux:lpm_mux_component|mux_fpc:auto_generated|l3_w6_n0_mux_dataout~1                ; out0             ;
; |Lab4|lpm_mux0:inst8|lpm_mux:lpm_mux_component|mux_fpc:auto_generated|l3_w6_n0_mux_dataout               ; |Lab4|lpm_mux0:inst8|lpm_mux:lpm_mux_component|mux_fpc:auto_generated|l3_w6_n0_mux_dataout                  ; out0             ;
; |Lab4|lpm_mux0:inst8|lpm_mux:lpm_mux_component|mux_fpc:auto_generated|l3_w7_n0_mux_dataout~0             ; |Lab4|lpm_mux0:inst8|lpm_mux:lpm_mux_component|mux_fpc:auto_generated|l3_w7_n0_mux_dataout~0                ; out0             ;
; |Lab4|lpm_mux0:inst8|lpm_mux:lpm_mux_component|mux_fpc:auto_generated|l3_w7_n0_mux_dataout~1             ; |Lab4|lpm_mux0:inst8|lpm_mux:lpm_mux_component|mux_fpc:auto_generated|l3_w7_n0_mux_dataout~1                ; out0             ;
; |Lab4|lpm_mux0:inst8|lpm_mux:lpm_mux_component|mux_fpc:auto_generated|l3_w7_n0_mux_dataout               ; |Lab4|lpm_mux0:inst8|lpm_mux:lpm_mux_component|mux_fpc:auto_generated|l3_w7_n0_mux_dataout                  ; out0             ;
; |Lab4|lpm_mux0:inst8|lpm_mux:lpm_mux_component|mux_fpc:auto_generated|l3_w8_n0_mux_dataout~0             ; |Lab4|lpm_mux0:inst8|lpm_mux:lpm_mux_component|mux_fpc:auto_generated|l3_w8_n0_mux_dataout~0                ; out0             ;
; |Lab4|lpm_mux0:inst8|lpm_mux:lpm_mux_component|mux_fpc:auto_generated|l3_w8_n0_mux_dataout~1             ; |Lab4|lpm_mux0:inst8|lpm_mux:lpm_mux_component|mux_fpc:auto_generated|l3_w8_n0_mux_dataout~1                ; out0             ;
; |Lab4|lpm_mux0:inst8|lpm_mux:lpm_mux_component|mux_fpc:auto_generated|l3_w8_n0_mux_dataout               ; |Lab4|lpm_mux0:inst8|lpm_mux:lpm_mux_component|mux_fpc:auto_generated|l3_w8_n0_mux_dataout                  ; out0             ;
; |Lab4|lpm_mux0:inst8|lpm_mux:lpm_mux_component|mux_fpc:auto_generated|l3_w9_n0_mux_dataout~0             ; |Lab4|lpm_mux0:inst8|lpm_mux:lpm_mux_component|mux_fpc:auto_generated|l3_w9_n0_mux_dataout~0                ; out0             ;
; |Lab4|lpm_mux0:inst8|lpm_mux:lpm_mux_component|mux_fpc:auto_generated|l3_w9_n0_mux_dataout~1             ; |Lab4|lpm_mux0:inst8|lpm_mux:lpm_mux_component|mux_fpc:auto_generated|l3_w9_n0_mux_dataout~1                ; out0             ;
; |Lab4|lpm_mux0:inst8|lpm_mux:lpm_mux_component|mux_fpc:auto_generated|l3_w9_n0_mux_dataout               ; |Lab4|lpm_mux0:inst8|lpm_mux:lpm_mux_component|mux_fpc:auto_generated|l3_w9_n0_mux_dataout                  ; out0             ;
; |Lab4|lpm_bustri1:inst10|lpm_bustri:lpm_bustri_component|dout[9]                                         ; |Lab4|lpm_bustri1:inst10|lpm_bustri:lpm_bustri_component|dout[9]                                            ; out              ;
; |Lab4|lpm_bustri1:inst10|lpm_bustri:lpm_bustri_component|dout[8]                                         ; |Lab4|lpm_bustri1:inst10|lpm_bustri:lpm_bustri_component|dout[8]                                            ; out              ;
; |Lab4|lpm_bustri1:inst10|lpm_bustri:lpm_bustri_component|dout[7]                                         ; |Lab4|lpm_bustri1:inst10|lpm_bustri:lpm_bustri_component|dout[7]                                            ; out              ;
; |Lab4|lpm_bustri1:inst10|lpm_bustri:lpm_bustri_component|dout[6]                                         ; |Lab4|lpm_bustri1:inst10|lpm_bustri:lpm_bustri_component|dout[6]                                            ; out              ;
; |Lab4|lpm_bustri1:inst10|lpm_bustri:lpm_bustri_component|dout[5]                                         ; |Lab4|lpm_bustri1:inst10|lpm_bustri:lpm_bustri_component|dout[5]                                            ; out              ;
; |Lab4|lpm_bustri1:inst10|lpm_bustri:lpm_bustri_component|dout[4]                                         ; |Lab4|lpm_bustri1:inst10|lpm_bustri:lpm_bustri_component|dout[4]                                            ; out              ;
; |Lab4|lpm_bustri1:inst10|lpm_bustri:lpm_bustri_component|dout[3]                                         ; |Lab4|lpm_bustri1:inst10|lpm_bustri:lpm_bustri_component|dout[3]                                            ; out              ;
; |Lab4|lpm_bustri1:inst10|lpm_bustri:lpm_bustri_component|dout[2]                                         ; |Lab4|lpm_bustri1:inst10|lpm_bustri:lpm_bustri_component|dout[2]                                            ; out              ;
; |Lab4|lpm_bustri1:inst10|lpm_bustri:lpm_bustri_component|dout[1]                                         ; |Lab4|lpm_bustri1:inst10|lpm_bustri:lpm_bustri_component|dout[1]                                            ; out              ;
; |Lab4|lpm_bustri1:inst10|lpm_bustri:lpm_bustri_component|dout[0]                                         ; |Lab4|lpm_bustri1:inst10|lpm_bustri:lpm_bustri_component|dout[0]                                            ; out              ;
; |Lab4|lpm_rom0:inst|altsyncram:altsyncram_component|altsyncram_os61:auto_generated|ram_block1a0          ; |Lab4|lpm_rom0:inst|altsyncram:altsyncram_component|altsyncram_os61:auto_generated|q_a[0]                   ; portadataout0    ;
; |Lab4|lpm_rom0:inst|altsyncram:altsyncram_component|altsyncram_os61:auto_generated|ram_block1a2          ; |Lab4|lpm_rom0:inst|altsyncram:altsyncram_component|altsyncram_os61:auto_generated|q_a[2]                   ; portadataout0    ;
; |Lab4|lpm_rom0:inst|altsyncram:altsyncram_component|altsyncram_os61:auto_generated|ram_block1a3          ; |Lab4|lpm_rom0:inst|altsyncram:altsyncram_component|altsyncram_os61:auto_generated|q_a[3]                   ; portadataout0    ;
; |Lab4|lpm_rom0:inst|altsyncram:altsyncram_component|altsyncram_os61:auto_generated|ram_block1a4          ; |Lab4|lpm_rom0:inst|altsyncram:altsyncram_component|altsyncram_os61:auto_generated|q_a[4]                   ; portadataout0    ;
; |Lab4|lpm_rom0:inst|altsyncram:altsyncram_component|altsyncram_os61:auto_generated|ram_block1a5          ; |Lab4|lpm_rom0:inst|altsyncram:altsyncram_component|altsyncram_os61:auto_generated|q_a[5]                   ; portadataout0    ;
; |Lab4|lpm_rom0:inst|altsyncram:altsyncram_component|altsyncram_os61:auto_generated|ram_block1a6          ; |Lab4|lpm_rom0:inst|altsyncram:altsyncram_component|altsyncram_os61:auto_generated|q_a[6]                   ; portadataout0    ;
; |Lab4|lpm_rom0:inst|altsyncram:altsyncram_component|altsyncram_os61:auto_generated|ram_block1a7          ; |Lab4|lpm_rom0:inst|altsyncram:altsyncram_component|altsyncram_os61:auto_generated|q_a[7]                   ; portadataout0    ;
; |Lab4|lpm_rom0:inst|altsyncram:altsyncram_component|altsyncram_os61:auto_generated|ram_block1a8          ; |Lab4|lpm_rom0:inst|altsyncram:altsyncram_component|altsyncram_os61:auto_generated|q_a[8]                   ; portadataout0    ;
; |Lab4|lpm_rom0:inst|altsyncram:altsyncram_component|altsyncram_os61:auto_generated|ram_block1a9          ; |Lab4|lpm_rom0:inst|altsyncram:altsyncram_component|altsyncram_os61:auto_generated|q_a[9]                   ; portadataout0    ;
; |Lab4|lpm_ram_dq0:inst2|altsyncram:altsyncram_component|altsyncram_dvb1:auto_generated|ram_block1a3      ; |Lab4|lpm_ram_dq0:inst2|altsyncram:altsyncram_component|altsyncram_dvb1:auto_generated|q_a[3]               ; portadataout0    ;
; |Lab4|lpm_ram_dq0:inst2|altsyncram:altsyncram_component|altsyncram_dvb1:auto_generated|ram_block1a4      ; |Lab4|lpm_ram_dq0:inst2|altsyncram:altsyncram_component|altsyncram_dvb1:auto_generated|q_a[4]               ; portadataout0    ;
; |Lab4|lpm_ram_dq0:inst2|altsyncram:altsyncram_component|altsyncram_dvb1:auto_generated|ram_block1a5      ; |Lab4|lpm_ram_dq0:inst2|altsyncram:altsyncram_component|altsyncram_dvb1:auto_generated|q_a[5]               ; portadataout0    ;
; |Lab4|lpm_ram_dq0:inst2|altsyncram:altsyncram_component|altsyncram_dvb1:auto_generated|ram_block1a6      ; |Lab4|lpm_ram_dq0:inst2|altsyncram:altsyncram_component|altsyncram_dvb1:auto_generated|q_a[6]               ; portadataout0    ;
; |Lab4|lpm_ram_dq0:inst2|altsyncram:altsyncram_component|altsyncram_dvb1:auto_generated|ram_block1a7      ; |Lab4|lpm_ram_dq0:inst2|altsyncram:altsyncram_component|altsyncram_dvb1:auto_generated|q_a[7]               ; portadataout0    ;
; |Lab4|lpm_ram_dq0:inst2|altsyncram:altsyncram_component|altsyncram_dvb1:auto_generated|ram_block1a8      ; |Lab4|lpm_ram_dq0:inst2|altsyncram:altsyncram_component|altsyncram_dvb1:auto_generated|q_a[8]               ; portadataout0    ;
; |Lab4|lpm_ram_dq0:inst2|altsyncram:altsyncram_component|altsyncram_dvb1:auto_generated|ram_block1a9      ; |Lab4|lpm_ram_dq0:inst2|altsyncram:altsyncram_component|altsyncram_dvb1:auto_generated|q_a[9]               ; portadataout0    ;
; |Lab4|lpm_bustri1:inst3|lpm_bustri:lpm_bustri_component|din[9]                                           ; |Lab4|lpm_bustri1:inst3|lpm_bustri:lpm_bustri_component|din[9]                                              ; out              ;
; |Lab4|lpm_bustri1:inst3|lpm_bustri:lpm_bustri_component|din[8]                                           ; |Lab4|lpm_bustri1:inst3|lpm_bustri:lpm_bustri_component|din[8]                                              ; out              ;
; |Lab4|lpm_bustri1:inst3|lpm_bustri:lpm_bustri_component|din[7]                                           ; |Lab4|lpm_bustri1:inst3|lpm_bustri:lpm_bustri_component|din[7]                                              ; out              ;
; |Lab4|lpm_bustri1:inst3|lpm_bustri:lpm_bustri_component|din[6]                                           ; |Lab4|lpm_bustri1:inst3|lpm_bustri:lpm_bustri_component|din[6]                                              ; out              ;
; |Lab4|lpm_bustri1:inst3|lpm_bustri:lpm_bustri_component|din[5]                                           ; |Lab4|lpm_bustri1:inst3|lpm_bustri:lpm_bustri_component|din[5]                                              ; out              ;
; |Lab4|lpm_bustri1:inst3|lpm_bustri:lpm_bustri_component|din[4]                                           ; |Lab4|lpm_bustri1:inst3|lpm_bustri:lpm_bustri_component|din[4]                                              ; out              ;
; |Lab4|lpm_bustri1:inst3|lpm_bustri:lpm_bustri_component|din[3]                                           ; |Lab4|lpm_bustri1:inst3|lpm_bustri:lpm_bustri_component|din[3]                                              ; out              ;
; |Lab4|lpm_bustri1:inst3|lpm_bustri:lpm_bustri_component|din[2]                                           ; |Lab4|lpm_bustri1:inst3|lpm_bustri:lpm_bustri_component|din[2]                                              ; out              ;
; |Lab4|lpm_bustri1:inst3|lpm_bustri:lpm_bustri_component|din[1]                                           ; |Lab4|lpm_bustri1:inst3|lpm_bustri:lpm_bustri_component|din[1]                                              ; out              ;
; |Lab4|lpm_bustri1:inst3|lpm_bustri:lpm_bustri_component|din[0]                                           ; |Lab4|lpm_bustri1:inst3|lpm_bustri:lpm_bustri_component|din[0]                                              ; out              ;
; |Lab4|lpm_dff0:inst15|lpm_ff:lpm_ff_component|dffs[9]                                                    ; |Lab4|lpm_dff0:inst15|lpm_ff:lpm_ff_component|dffs[9]                                                       ; regout           ;
; |Lab4|lpm_dff0:inst15|lpm_ff:lpm_ff_component|dffs[8]                                                    ; |Lab4|lpm_dff0:inst15|lpm_ff:lpm_ff_component|dffs[8]                                                       ; regout           ;
; |Lab4|lpm_dff0:inst15|lpm_ff:lpm_ff_component|dffs[7]                                                    ; |Lab4|lpm_dff0:inst15|lpm_ff:lpm_ff_component|dffs[7]                                                       ; regout           ;
; |Lab4|lpm_dff0:inst15|lpm_ff:lpm_ff_component|dffs[6]                                                    ; |Lab4|lpm_dff0:inst15|lpm_ff:lpm_ff_component|dffs[6]                                                       ; regout           ;
; |Lab4|lpm_dff0:inst15|lpm_ff:lpm_ff_component|dffs[5]                                                    ; |Lab4|lpm_dff0:inst15|lpm_ff:lpm_ff_component|dffs[5]                                                       ; regout           ;
; |Lab4|lpm_dff0:inst15|lpm_ff:lpm_ff_component|dffs[4]                                                    ; |Lab4|lpm_dff0:inst15|lpm_ff:lpm_ff_component|dffs[4]                                                       ; regout           ;
; |Lab4|lpm_dff0:inst15|lpm_ff:lpm_ff_component|dffs[3]                                                    ; |Lab4|lpm_dff0:inst15|lpm_ff:lpm_ff_component|dffs[3]                                                       ; regout           ;
; |Lab4|lpm_dff0:inst15|lpm_ff:lpm_ff_component|dffs[1]                                                    ; |Lab4|lpm_dff0:inst15|lpm_ff:lpm_ff_component|dffs[1]                                                       ; regout           ;
; |Lab4|lpm_dff0:inst15|lpm_ff:lpm_ff_component|dffs[0]                                                    ; |Lab4|lpm_dff0:inst15|lpm_ff:lpm_ff_component|dffs[0]                                                       ; regout           ;
; |Lab4|lpm_dff0:inst13|lpm_ff:lpm_ff_component|dffs[9]                                                    ; |Lab4|lpm_dff0:inst13|lpm_ff:lpm_ff_component|dffs[9]                                                       ; regout           ;
; |Lab4|lpm_dff0:inst13|lpm_ff:lpm_ff_component|dffs[8]                                                    ; |Lab4|lpm_dff0:inst13|lpm_ff:lpm_ff_component|dffs[8]                                                       ; regout           ;
; |Lab4|lpm_dff0:inst13|lpm_ff:lpm_ff_component|dffs[7]                                                    ; |Lab4|lpm_dff0:inst13|lpm_ff:lpm_ff_component|dffs[7]                                                       ; regout           ;
; |Lab4|lpm_dff0:inst13|lpm_ff:lpm_ff_component|dffs[6]                                                    ; |Lab4|lpm_dff0:inst13|lpm_ff:lpm_ff_component|dffs[6]                                                       ; regout           ;
; |Lab4|lpm_dff0:inst13|lpm_ff:lpm_ff_component|dffs[5]                                                    ; |Lab4|lpm_dff0:inst13|lpm_ff:lpm_ff_component|dffs[5]                                                       ; regout           ;
; |Lab4|lpm_dff0:inst13|lpm_ff:lpm_ff_component|dffs[4]                                                    ; |Lab4|lpm_dff0:inst13|lpm_ff:lpm_ff_component|dffs[4]                                                       ; regout           ;
; |Lab4|lpm_dff0:inst13|lpm_ff:lpm_ff_component|dffs[3]                                                    ; |Lab4|lpm_dff0:inst13|lpm_ff:lpm_ff_component|dffs[3]                                                       ; regout           ;
; |Lab4|lpm_dff0:inst13|lpm_ff:lpm_ff_component|dffs[2]                                                    ; |Lab4|lpm_dff0:inst13|lpm_ff:lpm_ff_component|dffs[2]                                                       ; regout           ;
; |Lab4|lpm_dff0:inst13|lpm_ff:lpm_ff_component|dffs[0]                                                    ; |Lab4|lpm_dff0:inst13|lpm_ff:lpm_ff_component|dffs[0]                                                       ; regout           ;
; |Lab4|lpm_decode2:inst28|lpm_decode:lpm_decode_component|decode_trf:auto_generated|eq_node[1]            ; |Lab4|lpm_decode2:inst28|lpm_decode:lpm_decode_component|decode_trf:auto_generated|eq_node[1]               ; out0             ;
; |Lab4|lpm_mux1:inst56|lpm_mux:lpm_mux_component|mux_unc:auto_generated|l1_w0_n0_mux_dataout~0            ; |Lab4|lpm_mux1:inst56|lpm_mux:lpm_mux_component|mux_unc:auto_generated|l1_w0_n0_mux_dataout~0               ; out0             ;
; |Lab4|lpm_mux1:inst56|lpm_mux:lpm_mux_component|mux_unc:auto_generated|l1_w2_n0_mux_dataout~0            ; |Lab4|lpm_mux1:inst56|lpm_mux:lpm_mux_component|mux_unc:auto_generated|l1_w2_n0_mux_dataout~0               ; out0             ;
; |Lab4|lpm_mux1:inst56|lpm_mux:lpm_mux_component|mux_unc:auto_generated|l1_w3_n0_mux_dataout~0            ; |Lab4|lpm_mux1:inst56|lpm_mux:lpm_mux_component|mux_unc:auto_generated|l1_w3_n0_mux_dataout~0               ; out0             ;
; |Lab4|lpm_mux1:inst56|lpm_mux:lpm_mux_component|mux_unc:auto_generated|l1_w4_n0_mux_dataout~0            ; |Lab4|lpm_mux1:inst56|lpm_mux:lpm_mux_component|mux_unc:auto_generated|l1_w4_n0_mux_dataout~0               ; out0             ;
; |Lab4|lpm_mux1:inst56|lpm_mux:lpm_mux_component|mux_unc:auto_generated|l1_w5_n0_mux_dataout~0            ; |Lab4|lpm_mux1:inst56|lpm_mux:lpm_mux_component|mux_unc:auto_generated|l1_w5_n0_mux_dataout~0               ; out0             ;
; |Lab4|lpm_mux1:inst56|lpm_mux:lpm_mux_component|mux_unc:auto_generated|l1_w6_n0_mux_dataout~0            ; |Lab4|lpm_mux1:inst56|lpm_mux:lpm_mux_component|mux_unc:auto_generated|l1_w6_n0_mux_dataout~0               ; out0             ;
; |Lab4|lpm_mux1:inst56|lpm_mux:lpm_mux_component|mux_unc:auto_generated|l1_w6_n0_mux_dataout~1            ; |Lab4|lpm_mux1:inst56|lpm_mux:lpm_mux_component|mux_unc:auto_generated|l1_w6_n0_mux_dataout~1               ; out0             ;
; |Lab4|lpm_mux1:inst56|lpm_mux:lpm_mux_component|mux_unc:auto_generated|l1_w6_n0_mux_dataout              ; |Lab4|lpm_mux1:inst56|lpm_mux:lpm_mux_component|mux_unc:auto_generated|l1_w6_n0_mux_dataout                 ; out0             ;
; |Lab4|lpm_mux1:inst56|lpm_mux:lpm_mux_component|mux_unc:auto_generated|l1_w7_n0_mux_dataout~0            ; |Lab4|lpm_mux1:inst56|lpm_mux:lpm_mux_component|mux_unc:auto_generated|l1_w7_n0_mux_dataout~0               ; out0             ;
; |Lab4|lpm_mux1:inst56|lpm_mux:lpm_mux_component|mux_unc:auto_generated|l1_w7_n0_mux_dataout~1            ; |Lab4|lpm_mux1:inst56|lpm_mux:lpm_mux_component|mux_unc:auto_generated|l1_w7_n0_mux_dataout~1               ; out0             ;
; |Lab4|lpm_mux1:inst56|lpm_mux:lpm_mux_component|mux_unc:auto_generated|l1_w7_n0_mux_dataout              ; |Lab4|lpm_mux1:inst56|lpm_mux:lpm_mux_component|mux_unc:auto_generated|l1_w7_n0_mux_dataout                 ; out0             ;
; |Lab4|lpm_add_sub0:inst47|lpm_add_sub:lpm_add_sub_component|add_sub_elh:auto_generated|op_1~1            ; |Lab4|lpm_add_sub0:inst47|lpm_add_sub:lpm_add_sub_component|add_sub_elh:auto_generated|op_1~1               ; out0             ;
; |Lab4|lpm_add_sub0:inst47|lpm_add_sub:lpm_add_sub_component|add_sub_elh:auto_generated|op_1~4            ; |Lab4|lpm_add_sub0:inst47|lpm_add_sub:lpm_add_sub_component|add_sub_elh:auto_generated|op_1~4               ; out0             ;
; |Lab4|lpm_add_sub0:inst47|lpm_add_sub:lpm_add_sub_component|add_sub_elh:auto_generated|op_1~6            ; |Lab4|lpm_add_sub0:inst47|lpm_add_sub:lpm_add_sub_component|add_sub_elh:auto_generated|op_1~6               ; out0             ;
; |Lab4|lpm_add_sub0:inst47|lpm_add_sub:lpm_add_sub_component|add_sub_elh:auto_generated|op_1~9            ; |Lab4|lpm_add_sub0:inst47|lpm_add_sub:lpm_add_sub_component|add_sub_elh:auto_generated|op_1~9               ; out0             ;
; |Lab4|lpm_add_sub0:inst47|lpm_add_sub:lpm_add_sub_component|add_sub_elh:auto_generated|op_1~10           ; |Lab4|lpm_add_sub0:inst47|lpm_add_sub:lpm_add_sub_component|add_sub_elh:auto_generated|op_1~10              ; out0             ;
; |Lab4|lpm_add_sub0:inst47|lpm_add_sub:lpm_add_sub_component|add_sub_elh:auto_generated|op_1~14           ; |Lab4|lpm_add_sub0:inst47|lpm_add_sub:lpm_add_sub_component|add_sub_elh:auto_generated|op_1~14              ; out0             ;
; |Lab4|lpm_add_sub0:inst47|lpm_add_sub:lpm_add_sub_component|add_sub_elh:auto_generated|op_1~15           ; |Lab4|lpm_add_sub0:inst47|lpm_add_sub:lpm_add_sub_component|add_sub_elh:auto_generated|op_1~15              ; out0             ;
; |Lab4|lpm_add_sub0:inst47|lpm_add_sub:lpm_add_sub_component|add_sub_elh:auto_generated|op_1~18           ; |Lab4|lpm_add_sub0:inst47|lpm_add_sub:lpm_add_sub_component|add_sub_elh:auto_generated|op_1~18              ; out0             ;
; |Lab4|lpm_add_sub0:inst47|lpm_add_sub:lpm_add_sub_component|add_sub_elh:auto_generated|op_1~19           ; |Lab4|lpm_add_sub0:inst47|lpm_add_sub:lpm_add_sub_component|add_sub_elh:auto_generated|op_1~19              ; out0             ;
; |Lab4|lpm_add_sub0:inst47|lpm_add_sub:lpm_add_sub_component|add_sub_elh:auto_generated|op_1~20           ; |Lab4|lpm_add_sub0:inst47|lpm_add_sub:lpm_add_sub_component|add_sub_elh:auto_generated|op_1~20              ; out0             ;
; |Lab4|lpm_add_sub0:inst47|lpm_add_sub:lpm_add_sub_component|add_sub_elh:auto_generated|op_1~21           ; |Lab4|lpm_add_sub0:inst47|lpm_add_sub:lpm_add_sub_component|add_sub_elh:auto_generated|op_1~21              ; out0             ;
; |Lab4|lpm_add_sub0:inst47|lpm_add_sub:lpm_add_sub_component|add_sub_elh:auto_generated|op_1~22           ; |Lab4|lpm_add_sub0:inst47|lpm_add_sub:lpm_add_sub_component|add_sub_elh:auto_generated|op_1~22              ; out0             ;
; |Lab4|lpm_add_sub0:inst47|lpm_add_sub:lpm_add_sub_component|add_sub_elh:auto_generated|op_1~23           ; |Lab4|lpm_add_sub0:inst47|lpm_add_sub:lpm_add_sub_component|add_sub_elh:auto_generated|op_1~23              ; out0             ;
; |Lab4|lpm_add_sub0:inst47|lpm_add_sub:lpm_add_sub_component|add_sub_elh:auto_generated|op_1~24           ; |Lab4|lpm_add_sub0:inst47|lpm_add_sub:lpm_add_sub_component|add_sub_elh:auto_generated|op_1~24              ; out0             ;
; |Lab4|lpm_add_sub0:inst47|lpm_add_sub:lpm_add_sub_component|add_sub_elh:auto_generated|op_1~25           ; |Lab4|lpm_add_sub0:inst47|lpm_add_sub:lpm_add_sub_component|add_sub_elh:auto_generated|op_1~25              ; out0             ;
; |Lab4|lpm_add_sub0:inst47|lpm_add_sub:lpm_add_sub_component|add_sub_elh:auto_generated|op_1~26           ; |Lab4|lpm_add_sub0:inst47|lpm_add_sub:lpm_add_sub_component|add_sub_elh:auto_generated|op_1~26              ; out0             ;
; |Lab4|lpm_add_sub0:inst47|lpm_add_sub:lpm_add_sub_component|add_sub_elh:auto_generated|op_1~27           ; |Lab4|lpm_add_sub0:inst47|lpm_add_sub:lpm_add_sub_component|add_sub_elh:auto_generated|op_1~27              ; out0             ;
; |Lab4|lpm_add_sub0:inst47|lpm_add_sub:lpm_add_sub_component|add_sub_elh:auto_generated|op_1~28           ; |Lab4|lpm_add_sub0:inst47|lpm_add_sub:lpm_add_sub_component|add_sub_elh:auto_generated|op_1~28              ; out0             ;
; |Lab4|lpm_add_sub0:inst47|lpm_add_sub:lpm_add_sub_component|add_sub_elh:auto_generated|op_1~29           ; |Lab4|lpm_add_sub0:inst47|lpm_add_sub:lpm_add_sub_component|add_sub_elh:auto_generated|op_1~29              ; out0             ;
; |Lab4|lpm_add_sub0:inst47|lpm_add_sub:lpm_add_sub_component|add_sub_elh:auto_generated|op_1~30           ; |Lab4|lpm_add_sub0:inst47|lpm_add_sub:lpm_add_sub_component|add_sub_elh:auto_generated|op_1~30              ; out0             ;
; |Lab4|lpm_add_sub0:inst47|lpm_add_sub:lpm_add_sub_component|add_sub_elh:auto_generated|op_1~31           ; |Lab4|lpm_add_sub0:inst47|lpm_add_sub:lpm_add_sub_component|add_sub_elh:auto_generated|op_1~31              ; out0             ;
; |Lab4|lpm_add_sub0:inst47|lpm_add_sub:lpm_add_sub_component|add_sub_elh:auto_generated|op_1~32           ; |Lab4|lpm_add_sub0:inst47|lpm_add_sub:lpm_add_sub_component|add_sub_elh:auto_generated|op_1~32              ; out0             ;
+----------------------------------------------------------------------------------------------------------+-------------------------------------------------------------------------------------------------------------+------------------+


+---------------------+
; Simulator INI Usage ;
+--------+------------+
; Option ; Usage      ;
+--------+------------+


+--------------------+
; Simulator Messages ;
+--------------------+
Info: *******************************************************************
Info: Running Quartus II Simulator
    Info: Version 9.1 Build 222 10/21/2009 SJ Web Edition
    Info: Processing started: Tue Nov 24 17:44:09 2020
Info: Command: quartus_sim --read_settings_files=on --write_settings_files=off Lab4 -c Lab4
Info: Using vector source file "C:/Users/maxim/OneDrive/Рабочий стол/сифо/Lab4/Lab4.vwf"
Info: Overwriting simulation input file with simulation results
    Info: A backup of Lab4.vwf called Lab4.sim_ori.vwf has been created in the db folder
Info: Option to preserve fewer signal transitions to reduce memory requirements is enabled
    Info: Simulation has been partitioned into sub-simulations according to the maximum transition count determined by the engine. Transitions from memory will be flushed out to disk at the end of each sub-simulation to reduce memory requirements.
Info: Simulation partitioned into 1 sub-simulations
Info: Simulation coverage is      20.48 %
Info: Number of transitions in simulation is 6999
Info: Vector file Lab4.vwf is saved in VWF text format. You can compress it into CVWF format in order to reduce file size. For more details please refer to the Quartus II Help.
Info: Quartus II Simulator was successful. 0 errors, 0 warnings
    Info: Peak virtual memory: 154 megabytes
    Info: Processing ended: Tue Nov 24 17:44:09 2020
    Info: Elapsed time: 00:00:00
    Info: Total CPU time (on all processors): 00:00:00


