Analysis & Synthesis report for Lab4
Tue Nov 24 17:43:53 2020
Quartus II Version 9.1 Build 222 10/21/2009 SJ Web Edition


---------------------
; Table of Contents ;
---------------------
  1. Legal Notice
  2. Analysis & Synthesis Summary
  3. Analysis & Synthesis Settings
  4. Parallel Compilation
  5. Analysis & Synthesis Source Files Read
  6. Analysis & Synthesis Resource Usage Summary
  7. Analysis & Synthesis Resource Utilization by Entity
  8. Analysis & Synthesis RAM Summary
  9. Registers Removed During Synthesis
 10. General Register Statistics
 11. Multiplexer Restructuring Statistics (Restructuring Performed)
 12. Source assignments for lpm_counter0:inst11|lpm_counter:lpm_counter_component
 13. Source assignments for lpm_ram_dq0:inst2|altsyncram:altsyncram_component|altsyncram_dvb1:auto_generated
 14. Source assignments for lpm_rom0:inst|altsyncram:altsyncram_component|altsyncram_os61:auto_generated
 15. Source assignments for lpm_counter1:inst25|lpm_counter:lpm_counter_component
 16. Parameter Settings for User Entity Instance: lpm_mux1:inst56|lpm_mux:lpm_mux_component
 17. Parameter Settings for User Entity Instance: lpm_decode1:inst12|lpm_decode:lpm_decode_component
 18. Parameter Settings for User Entity Instance: lpm_counter0:inst11|lpm_counter:lpm_counter_component
 19. Parameter Settings for User Entity Instance: lpm_decode2:inst28|lpm_decode:lpm_decode_component
 20. Parameter Settings for User Entity Instance: lpm_dff0:inst13|lpm_ff:lpm_ff_component
 21. Parameter Settings for User Entity Instance: lpm_bustri1:inst16|lpm_bustri:lpm_bustri_component
 22. Parameter Settings for User Entity Instance: lpm_dff0:inst15|lpm_ff:lpm_ff_component
 23. Parameter Settings for User Entity Instance: lpm_bustri1:inst3|lpm_bustri:lpm_bustri_component
 24. Parameter Settings for User Entity Instance: lpm_ram_dq0:inst2
 25. Parameter Settings for User Entity Instance: lpm_ram_dq0:inst2|altsyncram:altsyncram_component
 26. Parameter Settings for User Entity Instance: lpm_bustri0:inst1|lpm_bustri:lpm_bustri_component
 27. Parameter Settings for User Entity Instance: lpm_rom0:inst
 28. Parameter Settings for User Entity Instance: lpm_rom0:inst|altsyncram:altsyncram_component
 29. Parameter Settings for User Entity Instance: lpm_bustri1:inst10|lpm_bustri:lpm_bustri_component
 30. Parameter Settings for User Entity Instance: lpm_mux0:inst8|lpm_mux:lpm_mux_component
 31. Parameter Settings for User Entity Instance: lpm_dff0:inst5|lpm_ff:lpm_ff_component
 32. Parameter Settings for User Entity Instance: lpm_decode0:inst9|lpm_decode:lpm_decode_component
 33. Parameter Settings for User Entity Instance: lpm_dff0:inst4|lpm_ff:lpm_ff_component
 34. Parameter Settings for User Entity Instance: lpm_dff0:inst7|lpm_ff:lpm_ff_component
 35. Parameter Settings for User Entity Instance: lpm_dff0:inst6|lpm_ff:lpm_ff_component
 36. Parameter Settings for User Entity Instance: lpm_dff0:inst23|lpm_ff:lpm_ff_component
 37. Parameter Settings for User Entity Instance: lpm_dff0:inst21|lpm_ff:lpm_ff_component
 38. Parameter Settings for User Entity Instance: lpm_dff0:inst29|lpm_ff:lpm_ff_component
 39. Parameter Settings for User Entity Instance: lpm_dff0:inst24|lpm_ff:lpm_ff_component
 40. Parameter Settings for User Entity Instance: lpm_mux1:inst42|lpm_mux:lpm_mux_component
 41. Parameter Settings for User Entity Instance: lpm_counter1:inst25|lpm_counter:lpm_counter_component
 42. Parameter Settings for User Entity Instance: lpm_add_sub0:inst47|lpm_add_sub:lpm_add_sub_component
 43. Parameter Settings for User Entity Instance: lpm_dff1:inst57|lpm_ff:lpm_ff_component
 44. Parameter Settings for User Entity Instance: lpm_dff0:inst14|lpm_ff:lpm_ff_component
 45. altsyncram Parameter Settings by Entity Instance
 46. Analysis & Synthesis Messages



----------------
; Legal Notice ;
----------------
Copyright (C) 1991-2009 Altera Corporation
Your use of Altera Corporation's design tools, logic functions 
and other software and tools, and its AMPP partner logic 
functions, and any output files from any of the foregoing 
(including device programming or simulation files), and any 
associated documentation or information are expressly subject 
to the terms and conditions of the Altera Program License 
Subscription Agreement, Altera MegaCore Function License 
Agreement, or other applicable license agreement, including, 
without limitation, that your use is for the sole purpose of 
programming logic devices manufactured by Altera and sold by 
Altera or its authorized distributors.  Please refer to the 
applicable agreement for further details.



+-------------------------------------------------------------------------+
; Analysis & Synthesis Summary                                            ;
+-------------------------------+-----------------------------------------+
; Analysis & Synthesis Status   ; Successful - Tue Nov 24 17:43:53 2020   ;
; Quartus II Version            ; 9.1 Build 222 10/21/2009 SJ Web Edition ;
; Revision Name                 ; Lab4                                    ;
; Top-level Entity Name         ; Lab4                                    ;
; Family                        ; Stratix II                              ;
; Logic utilization             ; N/A                                     ;
;     Combinational ALUTs       ; 56                                      ;
;     Dedicated logic registers ; 49                                      ;
; Total registers               ; 49                                      ;
; Total pins                    ; 49                                      ;
; Total virtual pins            ; 0                                       ;
; Total block memory bits       ; 5,120                                   ;
; DSP block 9-bit elements      ; 0                                       ;
; Total PLLs                    ; 0                                       ;
; Total DLLs                    ; 0                                       ;
+-------------------------------+-----------------------------------------+


+----------------------------------------------------------------------------------------------------------------------+
; Analysis & Synthesis Settings                                                                                        ;
+----------------------------------------------------------------------------+--------------------+--------------------+
; Option                                                                     ; Setting            ; Default Value      ;
+----------------------------------------------------------------------------+--------------------+--------------------+
; Top-level entity name                                                      ; Lab4               ; Lab4               ;
; Family name                                                                ; Stratix II         ; Stratix II         ;
; Use Generated Physical Constraints File                                    ; Off                ;                    ;
; Use smart compilation                                                      ; Off                ; Off                ;
; Enable parallel Assembler and TimeQuest Timing Analyzer during compilation ; On                 ; On                 ;
; Enable compact report table                                                ; Off                ; Off                ;
; Restructure Multiplexers                                                   ; Auto               ; Auto               ;
; Create Debugging Nodes for IP Cores                                        ; Off                ; Off                ;
; Preserve fewer node names                                                  ; On                 ; On                 ;
; Disable OpenCore Plus hardware evaluation                                  ; Off                ; Off                ;
; Verilog Version                                                            ; Verilog_2001       ; Verilog_2001       ;
; VHDL Version                                                               ; VHDL_1993          ; VHDL_1993          ;
; State Machine Processing                                                   ; Auto               ; Auto               ;
; Safe State Machine                                                         ; Off                ; Off                ;
; Extract Verilog State Machines                                             ; On                 ; On                 ;
; Extract VHDL State Machines                                                ; On                 ; On                 ;
; Ignore Verilog initial constructs                                          ; Off                ; Off                ;
; Iteration limit for constant Verilog loops                                 ; 5000               ; 5000               ;
; Iteration limit for non-constant Verilog loops                             ; 250                ; 250                ;
; Add Pass-Through Logic to Inferred RAMs                                    ; On                 ; On                 ;
; Parallel Synthesis                                                         ; On                 ; On                 ;
; DSP Block Balancing                                                        ; Auto               ; Auto               ;
; NOT Gate Push-Back                                                         ; On                 ; On                 ;
; Power-Up Don't Care                                                        ; On                 ; On                 ;
; Remove Redundant Logic Cells                                               ; Off                ; Off                ;
; Remove Duplicate Registers                                                 ; On                 ; On                 ;
; Ignore CARRY Buffers                                                       ; Off                ; Off                ;
; Ignore CASCADE Buffers                                                     ; Off                ; Off                ;
; Ignore GLOBAL Buffers                                                      ; Off                ; Off                ;
; Ignore ROW GLOBAL Buffers                                                  ; Off                ; Off                ;
; Ignore LCELL Buffers                                                       ; Off                ; Off                ;
; Ignore SOFT Buffers                                                        ; On                 ; On                 ;
; Limit AHDL Integers to 32 Bits                                             ; Off                ; Off                ;
; Optimization Technique                                                     ; Balanced           ; Balanced           ;
; Carry Chain Length                                                         ; 70                 ; 70                 ;
; Auto Carry Chains                                                          ; On                 ; On                 ;
; Auto Open-Drain Pins                                                       ; On                 ; On                 ;
; Perform WYSIWYG Primitive Resynthesis                                      ; Off                ; Off                ;
; Auto ROM Replacement                                                       ; On                 ; On                 ;
; Auto RAM Replacement                                                       ; On                 ; On                 ;
; Auto DSP Block Replacement                                                 ; On                 ; On                 ;
; Auto Shift Register Replacement                                            ; Auto               ; Auto               ;
; Auto Clock Enable Replacement                                              ; On                 ; On                 ;
; Strict RAM Replacement                                                     ; Off                ; Off                ;
; Allow Synchronous Control Signals                                          ; On                 ; On                 ;
; Force Use of Synchronous Clear Signals                                     ; Off                ; Off                ;
; Auto RAM Block Balancing                                                   ; On                 ; On                 ;
; Auto RAM to Logic Cell Conversion                                          ; Off                ; Off                ;
; Auto Resource Sharing                                                      ; Off                ; Off                ;
; Allow Any RAM Size For Recognition                                         ; Off                ; Off                ;
; Allow Any ROM Size For Recognition                                         ; Off                ; Off                ;
; Allow Any Shift Register Size For Recognition                              ; Off                ; Off                ;
; Use LogicLock Constraints during Resource Balancing                        ; On                 ; On                 ;
; Ignore translate_off and synthesis_off directives                          ; Off                ; Off                ;
; Timing-Driven Synthesis                                                    ; Off                ; Off                ;
; Show Parameter Settings Tables in Synthesis Report                         ; On                 ; On                 ;
; Ignore Maximum Fan-Out Assignments                                         ; Off                ; Off                ;
; Synchronization Register Chain Length                                      ; 2                  ; 2                  ;
; PowerPlay Power Optimization                                               ; Normal compilation ; Normal compilation ;
; HDL message level                                                          ; Level2             ; Level2             ;
; Suppress Register Optimization Related Messages                            ; Off                ; Off                ;
; Number of Removed Registers Reported in Synthesis Report                   ; 100                ; 100                ;
; Number of Inverted Registers Reported in Synthesis Report                  ; 100                ; 100                ;
; Clock MUX Protection                                                       ; On                 ; On                 ;
; Auto Gated Clock Conversion                                                ; Off                ; Off                ;
; Block Design Naming                                                        ; Auto               ; Auto               ;
; SDC constraint protection                                                  ; Off                ; Off                ;
; Synthesis Effort                                                           ; Auto               ; Auto               ;
; Shift Register Replacement - Allow Asynchronous Clear Signal               ; On                 ; On                 ;
; Analysis & Synthesis Message Level                                         ; Medium             ; Medium             ;
; Disable Register Merging Across Hierarchies                                ; Auto               ; Auto               ;
; Resource Aware Inference For Block RAM                                     ; On                 ; On                 ;
+----------------------------------------------------------------------------+--------------------+--------------------+


Parallel compilation was disabled, but you have multiple processors available. Enable parallel compilation to reduce compilation time.
+-------------------------------------+
; Parallel Compilation                ;
+----------------------------+--------+
; Processors                 ; Number ;
+----------------------------+--------+
; Number detected on machine ; 6      ;
; Maximum allowed            ; 1      ;
+----------------------------+--------+


+--------------------------------------------------------------------------------------------------------------------------------------------------------------------+
; Analysis & Synthesis Source Files Read                                                                                                                             ;
+----------------------------------+-----------------+---------------------------------------+-----------------------------------------------------------------------+
; File Name with User-Entered Path ; Used in Netlist ; File Type                             ; File Name with Absolute Path                                          ;
+----------------------------------+-----------------+---------------------------------------+-----------------------------------------------------------------------+
; Lab4.bdf                         ; yes             ; User Block Diagram/Schematic File     ; C:/Users/maxim/OneDrive/Рабочий стол/сифо/Lab4/Lab4.bdf               ;
; rom.hex                          ; yes             ; User Hexadecimal (Intel-Format) File  ; C:/Users/maxim/OneDrive/Рабочий стол/сифо/Lab4/rom.hex                ;
; ram.hex                          ; yes             ; User Hexadecimal (Intel-Format) File  ; C:/Users/maxim/OneDrive/Рабочий стол/сифо/Lab4/ram.hex                ;
; lpm_mux1.tdf                     ; yes             ; Auto-Found Wizard-Generated File      ; C:/Users/maxim/OneDrive/Рабочий стол/сифо/Lab4/lpm_mux1.tdf           ;
; lpm_mux.inc                      ; yes             ; Megafunction                          ; c:/altera/91/quartus/libraries/megafunctions/lpm_mux.inc              ;
; lpm_mux.tdf                      ; yes             ; Megafunction                          ; c:/altera/91/quartus/libraries/megafunctions/lpm_mux.tdf              ;
; db/mux_unc.tdf                   ; yes             ; Auto-Generated Megafunction           ; C:/Users/maxim/OneDrive/Рабочий стол/сифо/Lab4/db/mux_unc.tdf         ;
; lpm_decode1.tdf                  ; yes             ; Auto-Found Wizard-Generated File      ; C:/Users/maxim/OneDrive/Рабочий стол/сифо/Lab4/lpm_decode1.tdf        ;
; lpm_decode.inc                   ; yes             ; Megafunction                          ; c:/altera/91/quartus/libraries/megafunctions/lpm_decode.inc           ;
; lpm_decode.tdf                   ; yes             ; Megafunction                          ; c:/altera/91/quartus/libraries/megafunctions/lpm_decode.tdf           ;
; db/decode_u7f.tdf                ; yes             ; Auto-Generated Megafunction           ; C:/Users/maxim/OneDrive/Рабочий стол/сифо/Lab4/db/decode_u7f.tdf      ;
; lpm_counter0.tdf                 ; yes             ; Auto-Found Wizard-Generated File      ; C:/Users/maxim/OneDrive/Рабочий стол/сифо/Lab4/lpm_counter0.tdf       ;
; lpm_counter.inc                  ; yes             ; Megafunction                          ; c:/altera/91/quartus/libraries/megafunctions/lpm_counter.inc          ;
; lpm_counter.tdf                  ; yes             ; Megafunction                          ; c:/altera/91/quartus/libraries/megafunctions/lpm_counter.tdf          ;
; lpm_add_sub.inc                  ; yes             ; Megafunction                          ; c:/altera/91/quartus/libraries/megafunctions/lpm_add_sub.inc          ;
; db/cntr_r3i.tdf                  ; yes             ; Auto-Generated Megafunction           ; C:/Users/maxim/OneDrive/Рабочий стол/сифо/Lab4/db/cntr_r3i.tdf        ;
; lpm_decode2.tdf                  ; yes             ; Auto-Found Wizard-Generated File      ; C:/Users/maxim/OneDrive/Рабочий стол/сифо/Lab4/lpm_decode2.tdf        ;
; db/decode_trf.tdf                ; yes             ; Auto-Generated Megafunction           ; C:/Users/maxim/OneDrive/Рабочий стол/сифо/Lab4/db/decode_trf.tdf      ;
; lpm_dff0.tdf                     ; yes             ; Auto-Found Wizard-Generated File      ; C:/Users/maxim/OneDrive/Рабочий стол/сифо/Lab4/lpm_dff0.tdf           ;
; lpm_ff.inc                       ; yes             ; Auto-Found AHDL File                  ; c:/altera/91/quartus/libraries/megafunctions/lpm_ff.inc               ;
; lpm_ff.tdf                       ; yes             ; Megafunction                          ; c:/altera/91/quartus/libraries/megafunctions/lpm_ff.tdf               ;
; lpm_bustri1.tdf                  ; yes             ; Auto-Found Wizard-Generated File      ; C:/Users/maxim/OneDrive/Рабочий стол/сифо/Lab4/lpm_bustri1.tdf        ;
; lpm_bustri.inc                   ; yes             ; Auto-Found AHDL File                  ; c:/altera/91/quartus/libraries/megafunctions/lpm_bustri.inc           ;
; lpm_bustri.tdf                   ; yes             ; Megafunction                          ; c:/altera/91/quartus/libraries/megafunctions/lpm_bustri.tdf           ;
; lpm_ram_dq0.tdf                  ; yes             ; Auto-Found Wizard-Generated File      ; C:/Users/maxim/OneDrive/Рабочий стол/сифо/Lab4/lpm_ram_dq0.tdf        ;
; altsyncram.inc                   ; yes             ; Auto-Found AHDL File                  ; c:/altera/91/quartus/libraries/megafunctions/altsyncram.inc           ;
; altsyncram.tdf                   ; yes             ; Megafunction                          ; c:/altera/91/quartus/libraries/megafunctions/altsyncram.tdf           ;
; db/altsyncram_dvb1.tdf           ; yes             ; Auto-Generated Megafunction           ; C:/Users/maxim/OneDrive/Рабочий стол/сифо/Lab4/db/altsyncram_dvb1.tdf ;
; lpm_bustri0.tdf                  ; yes             ; Auto-Found Wizard-Generated File      ; C:/Users/maxim/OneDrive/Рабочий стол/сифо/Lab4/lpm_bustri0.tdf        ;
; lpm_rom0.tdf                     ; yes             ; Auto-Found Wizard-Generated File      ; C:/Users/maxim/OneDrive/Рабочий стол/сифо/Lab4/lpm_rom0.tdf           ;
; db/altsyncram_os61.tdf           ; yes             ; Auto-Generated Megafunction           ; C:/Users/maxim/OneDrive/Рабочий стол/сифо/Lab4/db/altsyncram_os61.tdf ;
; lpm_mux0.tdf                     ; yes             ; Auto-Found Wizard-Generated File      ; C:/Users/maxim/OneDrive/Рабочий стол/сифо/Lab4/lpm_mux0.tdf           ;
; db/mux_fpc.tdf                   ; yes             ; Auto-Generated Megafunction           ; C:/Users/maxim/OneDrive/Рабочий стол/сифо/Lab4/db/mux_fpc.tdf         ;
; lpm_decode0.tdf                  ; yes             ; Auto-Found Wizard-Generated File      ; C:/Users/maxim/OneDrive/Рабочий стол/сифо/Lab4/lpm_decode0.tdf        ;
; db/decode_5sf.tdf                ; yes             ; Auto-Generated Megafunction           ; C:/Users/maxim/OneDrive/Рабочий стол/сифо/Lab4/db/decode_5sf.tdf      ;
; lpm_counter1.tdf                 ; yes             ; Auto-Found Wizard-Generated File      ; C:/Users/maxim/OneDrive/Рабочий стол/сифо/Lab4/lpm_counter1.tdf       ;
; db/cntr_g9j.tdf                  ; yes             ; Auto-Generated Megafunction           ; C:/Users/maxim/OneDrive/Рабочий стол/сифо/Lab4/db/cntr_g9j.tdf        ;
; lpm_add_sub0.tdf                 ; yes             ; Auto-Found Wizard-Generated File      ; C:/Users/maxim/OneDrive/Рабочий стол/сифо/Lab4/lpm_add_sub0.tdf       ;
; lpm_add_sub.tdf                  ; yes             ; Megafunction                          ; c:/altera/91/quartus/libraries/megafunctions/lpm_add_sub.tdf          ;
; db/add_sub_elh.tdf               ; yes             ; Auto-Generated Megafunction           ; C:/Users/maxim/OneDrive/Рабочий стол/сифо/Lab4/db/add_sub_elh.tdf     ;
; lpm_dff1.tdf                     ; yes             ; Auto-Found Wizard-Generated File      ; C:/Users/maxim/OneDrive/Рабочий стол/сифо/Lab4/lpm_dff1.tdf           ;
+----------------------------------+-----------------+---------------------------------------+-----------------------------------------------------------------------+


+-------------------------------------------------------+
; Analysis & Synthesis Resource Usage Summary           ;
+-----------------------------------------------+-------+
; Resource                                      ; Usage ;
+-----------------------------------------------+-------+
; Estimated ALUTs Used                          ; 56    ;
; Dedicated logic registers                     ; 49    ;
;                                               ;       ;
; Estimated ALUTs Unavailable                   ; 7     ;
;                                               ;       ;
; Total combinational functions                 ; 56    ;
; Combinational ALUT usage by number of inputs  ;       ;
;     -- 7 input functions                      ; 0     ;
;     -- 6 input functions                      ; 25    ;
;     -- 5 input functions                      ; 3     ;
;     -- 4 input functions                      ; 5     ;
;     -- <=3 input functions                    ; 23    ;
;                                               ;       ;
; Combinational ALUTs by mode                   ;       ;
;     -- normal mode                            ; 37    ;
;     -- extended LUT mode                      ; 0     ;
;     -- arithmetic mode                        ; 19    ;
;     -- shared arithmetic mode                 ; 0     ;
;                                               ;       ;
; Estimated ALUT/register pairs used            ; 85    ;
;                                               ;       ;
; Total registers                               ; 49    ;
;     -- Dedicated logic registers              ; 49    ;
;     -- I/O registers                          ; 0     ;
;                                               ;       ;
; Estimated ALMs:  partially or completely used ; 43    ;
;                                               ;       ;
; I/O pins                                      ; 49    ;
; Total block memory bits                       ; 5120  ;
; Maximum fan-out node                          ; clk   ;
; Maximum fan-out                               ; 69    ;
; Total fan-out                                 ; 632   ;
; Average fan-out                               ; 3.63  ;
+-----------------------------------------------+-------+


+---------------------------------------------------------------------------------------------------------------------------------------------------------------------------------------------------------------------------------------------------------------------------------+
; Analysis & Synthesis Resource Utilization by Entity                                                                                                                                                                                                                             ;
+-------------------------------------------+-------------------+--------------+-------------------+--------------+---------+-----------+-----------+------+--------------+----------------------------------------------------------------------------------------+--------------+
; Compilation Hierarchy Node                ; LC Combinationals ; LC Registers ; Block Memory Bits ; DSP Elements ; DSP 9x9 ; DSP 18x18 ; DSP 36x36 ; Pins ; Virtual Pins ; Full Hierarchy Name                                                                    ; Library Name ;
+-------------------------------------------+-------------------+--------------+-------------------+--------------+---------+-----------+-----------+------+--------------+----------------------------------------------------------------------------------------+--------------+
; |Lab4                                     ; 56 (5)            ; 49 (0)       ; 5120              ; 0            ; 0       ; 0         ; 0         ; 49   ; 0            ; |Lab4                                                                                  ; work         ;
;    |lpm_add_sub0:inst47|                  ; 8 (0)             ; 0 (0)        ; 0                 ; 0            ; 0       ; 0         ; 0         ; 0    ; 0            ; |Lab4|lpm_add_sub0:inst47                                                              ; work         ;
;       |lpm_add_sub:lpm_add_sub_component| ; 8 (0)             ; 0 (0)        ; 0                 ; 0            ; 0       ; 0         ; 0         ; 0    ; 0            ; |Lab4|lpm_add_sub0:inst47|lpm_add_sub:lpm_add_sub_component                            ; work         ;
;          |add_sub_elh:auto_generated|     ; 8 (8)             ; 0 (0)        ; 0                 ; 0            ; 0       ; 0         ; 0         ; 0    ; 0            ; |Lab4|lpm_add_sub0:inst47|lpm_add_sub:lpm_add_sub_component|add_sub_elh:auto_generated ;              ;
;    |lpm_bustri1:inst16|                   ; 10 (0)            ; 0 (0)        ; 0                 ; 0            ; 0       ; 0         ; 0         ; 0    ; 0            ; |Lab4|lpm_bustri1:inst16                                                               ; work         ;
;       |lpm_bustri:lpm_bustri_component|   ; 10 (10)           ; 0 (0)        ; 0                 ; 0            ; 0       ; 0         ; 0         ; 0    ; 0            ; |Lab4|lpm_bustri1:inst16|lpm_bustri:lpm_bustri_component                               ;              ;
;    |lpm_bustri1:inst3|                    ; 11 (0)            ; 0 (0)        ; 0                 ; 0            ; 0       ; 0         ; 0         ; 0    ; 0            ; |Lab4|lpm_bustri1:inst3                                                                ; work         ;
;       |lpm_bustri:lpm_bustri_component|   ; 11 (11)           ; 0 (0)        ; 0                 ; 0            ; 0       ; 0         ; 0         ; 0    ; 0            ; |Lab4|lpm_bustri1:inst3|lpm_bustri:lpm_bustri_component                                ;              ;
;    |lpm_counter0:inst11|                  ; 3 (0)             ; 3 (0)        ; 0                 ; 0            ; 0       ; 0         ; 0         ; 0    ; 0            ; |Lab4|lpm_counter0:inst11                                                              ; work         ;
;       |lpm_counter:lpm_counter_component| ; 3 (0)             ; 3 (0)        ; 0                 ; 0            ; 0       ; 0         ; 0         ; 0    ; 0            ; |Lab4|lpm_counter0:inst11|lpm_counter:lpm_counter_component                            ;              ;
;          |cntr_r3i:auto_generated|        ; 3 (3)             ; 3 (3)        ; 0                 ; 0            ; 0       ; 0         ; 0         ; 0    ; 0            ; |Lab4|lpm_counter0:inst11|lpm_counter:lpm_counter_component|cntr_r3i:auto_generated    ; work         ;
;    |lpm_counter1:inst25|                  ; 8 (0)             ; 8 (0)        ; 0                 ; 0            ; 0       ; 0         ; 0         ; 0    ; 0            ; |Lab4|lpm_counter1:inst25                                                              ; work         ;
;       |lpm_counter:lpm_counter_component| ; 8 (0)             ; 8 (0)        ; 0                 ; 0            ; 0       ; 0         ; 0         ; 0    ; 0            ; |Lab4|lpm_counter1:inst25|lpm_counter:lpm_counter_component                            ; work         ;
;          |cntr_g9j:auto_generated|        ; 8 (8)             ; 8 (8)        ; 0                 ; 0            ; 0       ; 0         ; 0         ; 0    ; 0            ; |Lab4|lpm_counter1:inst25|lpm_counter:lpm_counter_component|cntr_g9j:auto_generated    ; work         ;
;    |lpm_decode1:inst12|                   ; 3 (0)             ; 0 (0)        ; 0                 ; 0            ; 0       ; 0         ; 0         ; 0    ; 0            ; |Lab4|lpm_decode1:inst12                                                               ;              ;
;       |lpm_decode:lpm_decode_component|   ; 3 (0)             ; 0 (0)        ; 0                 ; 0            ; 0       ; 0         ; 0         ; 0    ; 0            ; |Lab4|lpm_decode1:inst12|lpm_decode:lpm_decode_component                               ; work         ;
;          |decode_u7f:auto_generated|      ; 3 (3)             ; 0 (0)        ; 0                 ; 0            ; 0       ; 0         ; 0         ; 0    ; 0            ; |Lab4|lpm_decode1:inst12|lpm_decode:lpm_decode_component|decode_u7f:auto_generated     ; work         ;
;    |lpm_dff0:inst13|                      ; 0 (0)             ; 10 (0)       ; 0                 ; 0            ; 0       ; 0         ; 0         ; 0    ; 0            ; |Lab4|lpm_dff0:inst13                                                                  ; work         ;
;       |lpm_ff:lpm_ff_component|           ; 0 (0)             ; 10 (10)      ; 0                 ; 0            ; 0       ; 0         ; 0         ; 0    ; 0            ; |Lab4|lpm_dff0:inst13|lpm_ff:lpm_ff_component                                          ; work         ;
;    |lpm_dff0:inst14|                      ; 0 (0)             ; 10 (0)       ; 0                 ; 0            ; 0       ; 0         ; 0         ; 0    ; 0            ; |Lab4|lpm_dff0:inst14                                                                  ; work         ;
;       |lpm_ff:lpm_ff_component|           ; 0 (0)             ; 10 (10)      ; 0                 ; 0            ; 0       ; 0         ; 0         ; 0    ; 0            ; |Lab4|lpm_dff0:inst14|lpm_ff:lpm_ff_component                                          ; work         ;
;    |lpm_dff0:inst15|                      ; 0 (0)             ; 10 (0)       ; 0                 ; 0            ; 0       ; 0         ; 0         ; 0    ; 0            ; |Lab4|lpm_dff0:inst15                                                                  ; work         ;
;       |lpm_ff:lpm_ff_component|           ; 0 (0)             ; 10 (10)      ; 0                 ; 0            ; 0       ; 0         ; 0         ; 0    ; 0            ; |Lab4|lpm_dff0:inst15|lpm_ff:lpm_ff_component                                          ; work         ;
;    |lpm_dff1:inst57|                      ; 0 (0)             ; 8 (0)        ; 0                 ; 0            ; 0       ; 0         ; 0         ; 0    ; 0            ; |Lab4|lpm_dff1:inst57                                                                  ; work         ;
;       |lpm_ff:lpm_ff_component|           ; 0 (0)             ; 8 (8)        ; 0                 ; 0            ; 0       ; 0         ; 0         ; 0    ; 0            ; |Lab4|lpm_dff1:inst57|lpm_ff:lpm_ff_component                                          ; work         ;
;    |lpm_mux1:inst56|                      ; 8 (0)             ; 0 (0)        ; 0                 ; 0            ; 0       ; 0         ; 0         ; 0    ; 0            ; |Lab4|lpm_mux1:inst56                                                                  ;              ;
;       |lpm_mux:lpm_mux_component|         ; 8 (0)             ; 0 (0)        ; 0                 ; 0            ; 0       ; 0         ; 0         ; 0    ; 0            ; |Lab4|lpm_mux1:inst56|lpm_mux:lpm_mux_component                                        ; work         ;
;          |mux_unc:auto_generated|         ; 8 (8)             ; 0 (0)        ; 0                 ; 0            ; 0       ; 0         ; 0         ; 0    ; 0            ; |Lab4|lpm_mux1:inst56|lpm_mux:lpm_mux_component|mux_unc:auto_generated                 ; work         ;
;    |lpm_ram_dq0:inst2|                    ; 0 (0)             ; 0 (0)        ; 2560              ; 0            ; 0       ; 0         ; 0         ; 0    ; 0            ; |Lab4|lpm_ram_dq0:inst2                                                                ; work         ;
;       |altsyncram:altsyncram_component|   ; 0 (0)             ; 0 (0)        ; 2560              ; 0            ; 0       ; 0         ; 0         ; 0    ; 0            ; |Lab4|lpm_ram_dq0:inst2|altsyncram:altsyncram_component                                ; work         ;
;          |altsyncram_dvb1:auto_generated| ; 0 (0)             ; 0 (0)        ; 2560              ; 0            ; 0       ; 0         ; 0         ; 0    ; 0            ; |Lab4|lpm_ram_dq0:inst2|altsyncram:altsyncram_component|altsyncram_dvb1:auto_generated ;              ;
;    |lpm_rom0:inst|                        ; 0 (0)             ; 0 (0)        ; 2560              ; 0            ; 0       ; 0         ; 0         ; 0    ; 0            ; |Lab4|lpm_rom0:inst                                                                    ; work         ;
;       |altsyncram:altsyncram_component|   ; 0 (0)             ; 0 (0)        ; 2560              ; 0            ; 0       ; 0         ; 0         ; 0    ; 0            ; |Lab4|lpm_rom0:inst|altsyncram:altsyncram_component                                    ; work         ;
;          |altsyncram_os61:auto_generated| ; 0 (0)             ; 0 (0)        ; 2560              ; 0            ; 0       ; 0         ; 0         ; 0    ; 0            ; |Lab4|lpm_rom0:inst|altsyncram:altsyncram_component|altsyncram_os61:auto_generated     ; work         ;
+-------------------------------------------+-------------------+--------------+-------------------+--------------+---------+-----------+-----------+------+--------------+----------------------------------------------------------------------------------------+--------------+
Note: For table entries with two numbers listed, the numbers in parentheses indicate the number of resources of the given type used by the specific entity alone. The numbers listed outside of parentheses indicate the total resources of the given type used by the specific entity and all of its sub-entities in the hierarchy.


+-----------------------------------------------------------------------------------------------------------------------------------------------------------------------------------------------+
; Analysis & Synthesis RAM Summary                                                                                                                                                              ;
+---------------------------------------------------------------------------------------------+------+-------------+--------------+--------------+--------------+--------------+------+---------+
; Name                                                                                        ; Type ; Mode        ; Port A Depth ; Port A Width ; Port B Depth ; Port B Width ; Size ; MIF     ;
+---------------------------------------------------------------------------------------------+------+-------------+--------------+--------------+--------------+--------------+------+---------+
; lpm_ram_dq0:inst2|altsyncram:altsyncram_component|altsyncram_dvb1:auto_generated|ALTSYNCRAM ; AUTO ; Single Port ; 256          ; 10           ; --           ; --           ; 2560 ; ram.hex ;
; lpm_rom0:inst|altsyncram:altsyncram_component|altsyncram_os61:auto_generated|ALTSYNCRAM     ; AUTO ; ROM         ; 256          ; 10           ; --           ; --           ; 2560 ; rom.hex ;
+---------------------------------------------------------------------------------------------+------+-------------+--------------+--------------+--------------+--------------+------+---------+


+----------------------------------------------------------------------+
; Registers Removed During Synthesis                                   ;
+-------------------------------------------------+--------------------+
; Register name                                   ; Reason for Removal ;
+-------------------------------------------------+--------------------+
; lpm_dff0:inst23|lpm_ff:lpm_ff_component|dffs[9] ; Lost fanout        ;
; lpm_dff0:inst29|lpm_ff:lpm_ff_component|dffs[9] ; Lost fanout        ;
; lpm_dff0:inst21|lpm_ff:lpm_ff_component|dffs[9] ; Lost fanout        ;
; lpm_dff0:inst24|lpm_ff:lpm_ff_component|dffs[9] ; Lost fanout        ;
; lpm_dff0:inst4|lpm_ff:lpm_ff_component|dffs[9]  ; Lost fanout        ;
; lpm_dff0:inst6|lpm_ff:lpm_ff_component|dffs[9]  ; Lost fanout        ;
; lpm_dff0:inst5|lpm_ff:lpm_ff_component|dffs[9]  ; Lost fanout        ;
; lpm_dff0:inst7|lpm_ff:lpm_ff_component|dffs[9]  ; Lost fanout        ;
; lpm_dff0:inst23|lpm_ff:lpm_ff_component|dffs[8] ; Lost fanout        ;
; lpm_dff0:inst29|lpm_ff:lpm_ff_component|dffs[8] ; Lost fanout        ;
; lpm_dff0:inst21|lpm_ff:lpm_ff_component|dffs[8] ; Lost fanout        ;
; lpm_dff0:inst24|lpm_ff:lpm_ff_component|dffs[8] ; Lost fanout        ;
; lpm_dff0:inst4|lpm_ff:lpm_ff_component|dffs[8]  ; Lost fanout        ;
; lpm_dff0:inst6|lpm_ff:lpm_ff_component|dffs[8]  ; Lost fanout        ;
; lpm_dff0:inst5|lpm_ff:lpm_ff_component|dffs[8]  ; Lost fanout        ;
; lpm_dff0:inst7|lpm_ff:lpm_ff_component|dffs[8]  ; Lost fanout        ;
; lpm_dff0:inst23|lpm_ff:lpm_ff_component|dffs[7] ; Lost fanout        ;
; lpm_dff0:inst29|lpm_ff:lpm_ff_component|dffs[7] ; Lost fanout        ;
; lpm_dff0:inst21|lpm_ff:lpm_ff_component|dffs[7] ; Lost fanout        ;
; lpm_dff0:inst24|lpm_ff:lpm_ff_component|dffs[7] ; Lost fanout        ;
; lpm_dff0:inst4|lpm_ff:lpm_ff_component|dffs[7]  ; Lost fanout        ;
; lpm_dff0:inst6|lpm_ff:lpm_ff_component|dffs[7]  ; Lost fanout        ;
; lpm_dff0:inst5|lpm_ff:lpm_ff_component|dffs[7]  ; Lost fanout        ;
; lpm_dff0:inst7|lpm_ff:lpm_ff_component|dffs[7]  ; Lost fanout        ;
; lpm_dff0:inst23|lpm_ff:lpm_ff_component|dffs[6] ; Lost fanout        ;
; lpm_dff0:inst29|lpm_ff:lpm_ff_component|dffs[6] ; Lost fanout        ;
; lpm_dff0:inst21|lpm_ff:lpm_ff_component|dffs[6] ; Lost fanout        ;
; lpm_dff0:inst24|lpm_ff:lpm_ff_component|dffs[6] ; Lost fanout        ;
; lpm_dff0:inst4|lpm_ff:lpm_ff_component|dffs[6]  ; Lost fanout        ;
; lpm_dff0:inst6|lpm_ff:lpm_ff_component|dffs[6]  ; Lost fanout        ;
; lpm_dff0:inst5|lpm_ff:lpm_ff_component|dffs[6]  ; Lost fanout        ;
; lpm_dff0:inst7|lpm_ff:lpm_ff_component|dffs[6]  ; Lost fanout        ;
; lpm_dff0:inst23|lpm_ff:lpm_ff_component|dffs[5] ; Lost fanout        ;
; lpm_dff0:inst29|lpm_ff:lpm_ff_component|dffs[5] ; Lost fanout        ;
; lpm_dff0:inst21|lpm_ff:lpm_ff_component|dffs[5] ; Lost fanout        ;
; lpm_dff0:inst24|lpm_ff:lpm_ff_component|dffs[5] ; Lost fanout        ;
; lpm_dff0:inst4|lpm_ff:lpm_ff_component|dffs[5]  ; Lost fanout        ;
; lpm_dff0:inst6|lpm_ff:lpm_ff_component|dffs[5]  ; Lost fanout        ;
; lpm_dff0:inst5|lpm_ff:lpm_ff_component|dffs[5]  ; Lost fanout        ;
; lpm_dff0:inst7|lpm_ff:lpm_ff_component|dffs[5]  ; Lost fanout        ;
; lpm_dff0:inst23|lpm_ff:lpm_ff_component|dffs[4] ; Lost fanout        ;
; lpm_dff0:inst29|lpm_ff:lpm_ff_component|dffs[4] ; Lost fanout        ;
; lpm_dff0:inst21|lpm_ff:lpm_ff_component|dffs[4] ; Lost fanout        ;
; lpm_dff0:inst24|lpm_ff:lpm_ff_component|dffs[4] ; Lost fanout        ;
; lpm_dff0:inst4|lpm_ff:lpm_ff_component|dffs[4]  ; Lost fanout        ;
; lpm_dff0:inst6|lpm_ff:lpm_ff_component|dffs[4]  ; Lost fanout        ;
; lpm_dff0:inst5|lpm_ff:lpm_ff_component|dffs[4]  ; Lost fanout        ;
; lpm_dff0:inst7|lpm_ff:lpm_ff_component|dffs[4]  ; Lost fanout        ;
; lpm_dff0:inst23|lpm_ff:lpm_ff_component|dffs[3] ; Lost fanout        ;
; lpm_dff0:inst29|lpm_ff:lpm_ff_component|dffs[3] ; Lost fanout        ;
; lpm_dff0:inst21|lpm_ff:lpm_ff_component|dffs[3] ; Lost fanout        ;
; lpm_dff0:inst24|lpm_ff:lpm_ff_component|dffs[3] ; Lost fanout        ;
; lpm_dff0:inst4|lpm_ff:lpm_ff_component|dffs[3]  ; Lost fanout        ;
; lpm_dff0:inst6|lpm_ff:lpm_ff_component|dffs[3]  ; Lost fanout        ;
; lpm_dff0:inst5|lpm_ff:lpm_ff_component|dffs[3]  ; Lost fanout        ;
; lpm_dff0:inst7|lpm_ff:lpm_ff_component|dffs[3]  ; Lost fanout        ;
; lpm_dff0:inst23|lpm_ff:lpm_ff_component|dffs[2] ; Lost fanout        ;
; lpm_dff0:inst29|lpm_ff:lpm_ff_component|dffs[2] ; Lost fanout        ;
; lpm_dff0:inst21|lpm_ff:lpm_ff_component|dffs[2] ; Lost fanout        ;
; lpm_dff0:inst24|lpm_ff:lpm_ff_component|dffs[2] ; Lost fanout        ;
; lpm_dff0:inst4|lpm_ff:lpm_ff_component|dffs[2]  ; Lost fanout        ;
; lpm_dff0:inst6|lpm_ff:lpm_ff_component|dffs[2]  ; Lost fanout        ;
; lpm_dff0:inst5|lpm_ff:lpm_ff_component|dffs[2]  ; Lost fanout        ;
; lpm_dff0:inst7|lpm_ff:lpm_ff_component|dffs[2]  ; Lost fanout        ;
; lpm_dff0:inst23|lpm_ff:lpm_ff_component|dffs[1] ; Lost fanout        ;
; lpm_dff0:inst29|lpm_ff:lpm_ff_component|dffs[1] ; Lost fanout        ;
; lpm_dff0:inst21|lpm_ff:lpm_ff_component|dffs[1] ; Lost fanout        ;
; lpm_dff0:inst24|lpm_ff:lpm_ff_component|dffs[1] ; Lost fanout        ;
; lpm_dff0:inst4|lpm_ff:lpm_ff_component|dffs[1]  ; Lost fanout        ;
; lpm_dff0:inst6|lpm_ff:lpm_ff_component|dffs[1]  ; Lost fanout        ;
; lpm_dff0:inst5|lpm_ff:lpm_ff_component|dffs[1]  ; Lost fanout        ;
; lpm_dff0:inst7|lpm_ff:lpm_ff_component|dffs[1]  ; Lost fanout        ;
; lpm_dff0:inst23|lpm_ff:lpm_ff_component|dffs[0] ; Lost fanout        ;
; lpm_dff0:inst29|lpm_ff:lpm_ff_component|dffs[0] ; Lost fanout        ;
; lpm_dff0:inst21|lpm_ff:lpm_ff_component|dffs[0] ; Lost fanout        ;
; lpm_dff0:inst24|lpm_ff:lpm_ff_component|dffs[0] ; Lost fanout        ;
; lpm_dff0:inst4|lpm_ff:lpm_ff_component|dffs[0]  ; Lost fanout        ;
; lpm_dff0:inst6|lpm_ff:lpm_ff_component|dffs[0]  ; Lost fanout        ;
; lpm_dff0:inst5|lpm_ff:lpm_ff_component|dffs[0]  ; Lost fanout        ;
; lpm_dff0:inst7|lpm_ff:lpm_ff_component|dffs[0]  ; Lost fanout        ;
; Total Number of Removed Registers = 80          ;                    ;
+-------------------------------------------------+--------------------+


+------------------------------------------------------+
; General Register Statistics                          ;
+----------------------------------------------+-------+
; Statistic                                    ; Value ;
+----------------------------------------------+-------+
; Total registers                              ; 49    ;
; Number of registers using Synchronous Clear  ; 0     ;
; Number of registers using Synchronous Load   ; 0     ;
; Number of registers using Asynchronous Clear ; 3     ;
; Number of registers using Asynchronous Load  ; 8     ;
; Number of registers using Clock Enable       ; 38    ;
; Number of registers using Preset             ; 0     ;
+----------------------------------------------+-------+


+-----------------------------------------------------------------------------------------------------------------------------------------------------------------------------------------------------------+
; Multiplexer Restructuring Statistics (Restructuring Performed)                                                                                                                                            ;
+--------------------+-----------+---------------+----------------------+------------------------+------------+---------------------------------------------------------------------------------------------+
; Multiplexer Inputs ; Bus Width ; Baseline Area ; Area if Restructured ; Saving if Restructured ; Registered ; Example Multiplexer Output                                                                  ;
+--------------------+-----------+---------------+----------------------+------------------------+------------+---------------------------------------------------------------------------------------------+
; 3:1                ; 3 bits    ; 6 ALUTs       ; 6 ALUTs              ; 0 ALUTs                ; No         ; |Lab4|lpm_mux1:inst56|lpm_mux:lpm_mux_component|mux_unc:auto_generated|l1_w2_n0_mux_dataout ;
; 8:1                ; 10 bits   ; 50 ALUTs      ; 50 ALUTs             ; 0 ALUTs                ; No         ; |Lab4|lpm_mux0:inst8|lpm_mux:lpm_mux_component|mux_fpc:auto_generated|l3_w9_n0_mux_dataout  ;
+--------------------+-----------+---------------+----------------------+------------------------+------------+---------------------------------------------------------------------------------------------+


+------------------------------------------------------------------------------+
; Source assignments for lpm_counter0:inst11|lpm_counter:lpm_counter_component ;
+---------------------------+-------+------+-----------------------------------+
; Assignment                ; Value ; From ; To                                ;
+---------------------------+-------+------+-----------------------------------+
; SUPPRESS_DA_RULE_INTERNAL ; a101  ; -    ; -                                 ;
; SUPPRESS_DA_RULE_INTERNAL ; s102  ; -    ; -                                 ;
; SUPPRESS_DA_RULE_INTERNAL ; s103  ; -    ; -                                 ;
+---------------------------+-------+------+-----------------------------------+


+---------------------------------------------------------------------------------------------------------+
; Source assignments for lpm_ram_dq0:inst2|altsyncram:altsyncram_component|altsyncram_dvb1:auto_generated ;
+---------------------------------+--------------------+------+-------------------------------------------+
; Assignment                      ; Value              ; From ; To                                        ;
+---------------------------------+--------------------+------+-------------------------------------------+
; OPTIMIZE_POWER_DURING_SYNTHESIS ; NORMAL_COMPILATION ; -    ; -                                         ;
+---------------------------------+--------------------+------+-------------------------------------------+


+-----------------------------------------------------------------------------------------------------+
; Source assignments for lpm_rom0:inst|altsyncram:altsyncram_component|altsyncram_os61:auto_generated ;
+---------------------------------+--------------------+------+---------------------------------------+
; Assignment                      ; Value              ; From ; To                                    ;
+---------------------------------+--------------------+------+---------------------------------------+
; OPTIMIZE_POWER_DURING_SYNTHESIS ; NORMAL_COMPILATION ; -    ; -                                     ;
+---------------------------------+--------------------+------+---------------------------------------+


+------------------------------------------------------------------------------+
; Source assignments for lpm_counter1:inst25|lpm_counter:lpm_counter_component ;
+---------------------------+-------+------+-----------------------------------+
; Assignment                ; Value ; From ; To                                ;
+---------------------------+-------+------+-----------------------------------+
; SUPPRESS_DA_RULE_INTERNAL ; a101  ; -    ; -                                 ;
; SUPPRESS_DA_RULE_INTERNAL ; s102  ; -    ; -                                 ;
; SUPPRESS_DA_RULE_INTERNAL ; s103  ; -    ; -                                 ;
+---------------------------+-------+------+-----------------------------------+


+----------------------------------------------------------------------------------------+
; Parameter Settings for User Entity Instance: lpm_mux1:inst56|lpm_mux:lpm_mux_component ;
+------------------------+------------+--------------------------------------------------+
; Parameter Name         ; Value      ; Type                                             ;
+------------------------+------------+--------------------------------------------------+
; AUTO_CARRY_CHAINS      ; ON         ; AUTO_CARRY                                       ;
; IGNORE_CARRY_BUFFERS   ; OFF        ; IGNORE_CARRY                                     ;
; AUTO_CASCADE_CHAINS    ; ON         ; AUTO_CASCADE                                     ;
; IGNORE_CASCADE_BUFFERS ; OFF        ; IGNORE_CASCADE                                   ;
; LPM_WIDTH              ; 8          ; Untyped                                          ;
; LPM_SIZE               ; 2          ; Untyped                                          ;
; LPM_WIDTHS             ; 1          ; Untyped                                          ;
; LPM_PIPELINE           ; 0          ; Untyped                                          ;
; CBXI_PARAMETER         ; mux_unc    ; Untyped                                          ;
; DEVICE_FAMILY          ; Stratix II ; Untyped                                          ;
+------------------------+------------+--------------------------------------------------+
Note: In order to hide this table in the UI and the text report file, please set the "Show Parameter Settings Tables in Synthesis Report" option in "Analysis and Synthesis Settings -> More Settings" to "Off".


+-------------------------------------------------------------------------------------------------+
; Parameter Settings for User Entity Instance: lpm_decode1:inst12|lpm_decode:lpm_decode_component ;
+------------------------+------------+-----------------------------------------------------------+
; Parameter Name         ; Value      ; Type                                                      ;
+------------------------+------------+-----------------------------------------------------------+
; LPM_WIDTH              ; 3          ; Untyped                                                   ;
; LPM_DECODES            ; 8          ; Untyped                                                   ;
; LPM_PIPELINE           ; 0          ; Untyped                                                   ;
; CASCADE_CHAIN          ; MANUAL     ; Untyped                                                   ;
; DEVICE_FAMILY          ; Stratix II ; Untyped                                                   ;
; CBXI_PARAMETER         ; decode_u7f ; Untyped                                                   ;
; AUTO_CARRY_CHAINS      ; ON         ; AUTO_CARRY                                                ;
; IGNORE_CARRY_BUFFERS   ; OFF        ; IGNORE_CARRY                                              ;
; AUTO_CASCADE_CHAINS    ; ON         ; AUTO_CASCADE                                              ;
; IGNORE_CASCADE_BUFFERS ; OFF        ; IGNORE_CASCADE                                            ;
+------------------------+------------+-----------------------------------------------------------+
Note: In order to hide this table in the UI and the text report file, please set the "Show Parameter Settings Tables in Synthesis Report" option in "Analysis and Synthesis Settings -> More Settings" to "Off".


+----------------------------------------------------------------------------------------------------+
; Parameter Settings for User Entity Instance: lpm_counter0:inst11|lpm_counter:lpm_counter_component ;
+------------------------+-------------+-------------------------------------------------------------+
; Parameter Name         ; Value       ; Type                                                        ;
+------------------------+-------------+-------------------------------------------------------------+
; AUTO_CARRY_CHAINS      ; ON          ; AUTO_CARRY                                                  ;
; IGNORE_CARRY_BUFFERS   ; OFF         ; IGNORE_CARRY                                                ;
; AUTO_CASCADE_CHAINS    ; ON          ; AUTO_CASCADE                                                ;
; IGNORE_CASCADE_BUFFERS ; OFF         ; IGNORE_CASCADE                                              ;
; LPM_WIDTH              ; 3           ; Untyped                                                     ;
; LPM_DIRECTION          ; UP          ; Untyped                                                     ;
; LPM_MODULUS            ; 0           ; Untyped                                                     ;
; LPM_AVALUE             ; UNUSED      ; Untyped                                                     ;
; LPM_SVALUE             ; UNUSED      ; Untyped                                                     ;
; LPM_PORT_UPDOWN        ; PORT_UNUSED ; Untyped                                                     ;
; DEVICE_FAMILY          ; Stratix II  ; Untyped                                                     ;
; CARRY_CHAIN            ; MANUAL      ; Untyped                                                     ;
; CARRY_CHAIN_LENGTH     ; 48          ; CARRY_CHAIN_LENGTH                                          ;
; NOT_GATE_PUSH_BACK     ; ON          ; NOT_GATE_PUSH_BACK                                          ;
; CARRY_CNT_EN           ; SMART       ; Untyped                                                     ;
; LABWIDE_SCLR           ; ON          ; Untyped                                                     ;
; USE_NEW_VERSION        ; TRUE        ; Untyped                                                     ;
; CBXI_PARAMETER         ; cntr_r3i    ; Untyped                                                     ;
+------------------------+-------------+-------------------------------------------------------------+
Note: In order to hide this table in the UI and the text report file, please set the "Show Parameter Settings Tables in Synthesis Report" option in "Analysis and Synthesis Settings -> More Settings" to "Off".


+-------------------------------------------------------------------------------------------------+
; Parameter Settings for User Entity Instance: lpm_decode2:inst28|lpm_decode:lpm_decode_component ;
+------------------------+------------+-----------------------------------------------------------+
; Parameter Name         ; Value      ; Type                                                      ;
+------------------------+------------+-----------------------------------------------------------+
; LPM_WIDTH              ; 1          ; Untyped                                                   ;
; LPM_DECODES            ; 2          ; Untyped                                                   ;
; LPM_PIPELINE           ; 0          ; Untyped                                                   ;
; CASCADE_CHAIN          ; MANUAL     ; Untyped                                                   ;
; DEVICE_FAMILY          ; Stratix II ; Untyped                                                   ;
; CBXI_PARAMETER         ; decode_trf ; Untyped                                                   ;
; AUTO_CARRY_CHAINS      ; ON         ; AUTO_CARRY                                                ;
; IGNORE_CARRY_BUFFERS   ; OFF        ; IGNORE_CARRY                                              ;
; AUTO_CASCADE_CHAINS    ; ON         ; AUTO_CASCADE                                              ;
; IGNORE_CASCADE_BUFFERS ; OFF        ; IGNORE_CASCADE                                            ;
+------------------------+------------+-----------------------------------------------------------+
Note: In order to hide this table in the UI and the text report file, please set the "Show Parameter Settings Tables in Synthesis Report" option in "Analysis and Synthesis Settings -> More Settings" to "Off".


+--------------------------------------------------------------------------------------+
; Parameter Settings for User Entity Instance: lpm_dff0:inst13|lpm_ff:lpm_ff_component ;
+------------------------+------------+------------------------------------------------+
; Parameter Name         ; Value      ; Type                                           ;
+------------------------+------------+------------------------------------------------+
; LPM_WIDTH              ; 10         ; Untyped                                        ;
; LPM_AVALUE             ; UNUSED     ; Untyped                                        ;
; LPM_SVALUE             ; UNUSED     ; Untyped                                        ;
; LPM_FFTYPE             ; DFF        ; Untyped                                        ;
; DEVICE_FAMILY          ; Stratix II ; Untyped                                        ;
; CBXI_PARAMETER         ; NOTHING    ; Untyped                                        ;
; AUTO_CARRY_CHAINS      ; ON         ; AUTO_CARRY                                     ;
; IGNORE_CARRY_BUFFERS   ; OFF        ; IGNORE_CARRY                                   ;
; AUTO_CASCADE_CHAINS    ; ON         ; AUTO_CASCADE                                   ;
; IGNORE_CASCADE_BUFFERS ; OFF        ; IGNORE_CASCADE                                 ;
+------------------------+------------+------------------------------------------------+
Note: In order to hide this table in the UI and the text report file, please set the "Show Parameter Settings Tables in Synthesis Report" option in "Analysis and Synthesis Settings -> More Settings" to "Off".


+-------------------------------------------------------------------------------------------------+
; Parameter Settings for User Entity Instance: lpm_bustri1:inst16|lpm_bustri:lpm_bustri_component ;
+----------------+-------+------------------------------------------------------------------------+
; Parameter Name ; Value ; Type                                                                   ;
+----------------+-------+------------------------------------------------------------------------+
; LPM_WIDTH      ; 10    ; Untyped                                                                ;
+----------------+-------+------------------------------------------------------------------------+
Note: In order to hide this table in the UI and the text report file, please set the "Show Parameter Settings Tables in Synthesis Report" option in "Analysis and Synthesis Settings -> More Settings" to "Off".


+--------------------------------------------------------------------------------------+
; Parameter Settings for User Entity Instance: lpm_dff0:inst15|lpm_ff:lpm_ff_component ;
+------------------------+------------+------------------------------------------------+
; Parameter Name         ; Value      ; Type                                           ;
+------------------------+------------+------------------------------------------------+
; LPM_WIDTH              ; 10         ; Untyped                                        ;
; LPM_AVALUE             ; UNUSED     ; Untyped                                        ;
; LPM_SVALUE             ; UNUSED     ; Untyped                                        ;
; LPM_FFTYPE             ; DFF        ; Untyped                                        ;
; DEVICE_FAMILY          ; Stratix II ; Untyped                                        ;
; CBXI_PARAMETER         ; NOTHING    ; Untyped                                        ;
; AUTO_CARRY_CHAINS      ; ON         ; AUTO_CARRY                                     ;
; IGNORE_CARRY_BUFFERS   ; OFF        ; IGNORE_CARRY                                   ;
; AUTO_CASCADE_CHAINS    ; ON         ; AUTO_CASCADE                                   ;
; IGNORE_CASCADE_BUFFERS ; OFF        ; IGNORE_CASCADE                                 ;
+------------------------+------------+------------------------------------------------+
Note: In order to hide this table in the UI and the text report file, please set the "Show Parameter Settings Tables in Synthesis Report" option in "Analysis and Synthesis Settings -> More Settings" to "Off".


+------------------------------------------------------------------------------------------------+
; Parameter Settings for User Entity Instance: lpm_bustri1:inst3|lpm_bustri:lpm_bustri_component ;
+----------------+-------+-----------------------------------------------------------------------+
; Parameter Name ; Value ; Type                                                                  ;
+----------------+-------+-----------------------------------------------------------------------+
; LPM_WIDTH      ; 10    ; Untyped                                                               ;
+----------------+-------+-----------------------------------------------------------------------+
Note: In order to hide this table in the UI and the text report file, please set the "Show Parameter Settings Tables in Synthesis Report" option in "Analysis and Synthesis Settings -> More Settings" to "Off".


+----------------------------------------------------------------+
; Parameter Settings for User Entity Instance: lpm_ram_dq0:inst2 ;
+-----------------+-------+--------------------------------------+
; Parameter Name  ; Value ; Type                                 ;
+-----------------+-------+--------------------------------------+
; WIDTH_BYTEENA_A ; 1     ; Untyped                              ;
; WIDTH_BYTEENA_B ; 1     ; Untyped                              ;
+-----------------+-------+--------------------------------------+
Note: In order to hide this table in the UI and the text report file, please set the "Show Parameter Settings Tables in Synthesis Report" option in "Analysis and Synthesis Settings -> More Settings" to "Off".


+------------------------------------------------------------------------------------------------+
; Parameter Settings for User Entity Instance: lpm_ram_dq0:inst2|altsyncram:altsyncram_component ;
+------------------------------------+----------------------+------------------------------------+
; Parameter Name                     ; Value                ; Type                               ;
+------------------------------------+----------------------+------------------------------------+
; BYTE_SIZE_BLOCK                    ; 8                    ; Untyped                            ;
; AUTO_CARRY_CHAINS                  ; ON                   ; AUTO_CARRY                         ;
; IGNORE_CARRY_BUFFERS               ; OFF                  ; IGNORE_CARRY                       ;
; AUTO_CASCADE_CHAINS                ; ON                   ; AUTO_CASCADE                       ;
; IGNORE_CASCADE_BUFFERS             ; OFF                  ; IGNORE_CASCADE                     ;
; WIDTH_BYTEENA                      ; 1                    ; Untyped                            ;
; OPERATION_MODE                     ; SINGLE_PORT          ; Untyped                            ;
; WIDTH_A                            ; 10                   ; Untyped                            ;
; WIDTHAD_A                          ; 8                    ; Untyped                            ;
; NUMWORDS_A                         ; 256                  ; Untyped                            ;
; OUTDATA_REG_A                      ; CLOCK0               ; Untyped                            ;
; ADDRESS_ACLR_A                     ; NONE                 ; Untyped                            ;
; OUTDATA_ACLR_A                     ; NONE                 ; Untyped                            ;
; WRCONTROL_ACLR_A                   ; NONE                 ; Untyped                            ;
; INDATA_ACLR_A                      ; NONE                 ; Untyped                            ;
; BYTEENA_ACLR_A                     ; NONE                 ; Untyped                            ;
; WIDTH_B                            ; 1                    ; Untyped                            ;
; WIDTHAD_B                          ; 1                    ; Untyped                            ;
; NUMWORDS_B                         ; 1                    ; Untyped                            ;
; INDATA_REG_B                       ; CLOCK1               ; Untyped                            ;
; WRCONTROL_WRADDRESS_REG_B          ; CLOCK1               ; Untyped                            ;
; RDCONTROL_REG_B                    ; CLOCK1               ; Untyped                            ;
; ADDRESS_REG_B                      ; CLOCK1               ; Untyped                            ;
; OUTDATA_REG_B                      ; UNREGISTERED         ; Untyped                            ;
; BYTEENA_REG_B                      ; CLOCK1               ; Untyped                            ;
; INDATA_ACLR_B                      ; NONE                 ; Untyped                            ;
; WRCONTROL_ACLR_B                   ; NONE                 ; Untyped                            ;
; ADDRESS_ACLR_B                     ; NONE                 ; Untyped                            ;
; OUTDATA_ACLR_B                     ; NONE                 ; Untyped                            ;
; RDCONTROL_ACLR_B                   ; NONE                 ; Untyped                            ;
; BYTEENA_ACLR_B                     ; NONE                 ; Untyped                            ;
; WIDTH_BYTEENA_A                    ; 1                    ; Untyped                            ;
; WIDTH_BYTEENA_B                    ; 1                    ; Untyped                            ;
; RAM_BLOCK_TYPE                     ; AUTO                 ; Untyped                            ;
; BYTE_SIZE                          ; 8                    ; Untyped                            ;
; READ_DURING_WRITE_MODE_MIXED_PORTS ; DONT_CARE            ; Untyped                            ;
; READ_DURING_WRITE_MODE_PORT_A      ; NEW_DATA_NO_NBE_READ ; Untyped                            ;
; READ_DURING_WRITE_MODE_PORT_B      ; NEW_DATA_NO_NBE_READ ; Untyped                            ;
; INIT_FILE                          ; ram.hex              ; Untyped                            ;
; INIT_FILE_LAYOUT                   ; PORT_A               ; Untyped                            ;
; MAXIMUM_DEPTH                      ; 0                    ; Untyped                            ;
; CLOCK_ENABLE_INPUT_A               ; BYPASS               ; Untyped                            ;
; CLOCK_ENABLE_INPUT_B               ; NORMAL               ; Untyped                            ;
; CLOCK_ENABLE_OUTPUT_A              ; BYPASS               ; Untyped                            ;
; CLOCK_ENABLE_OUTPUT_B              ; NORMAL               ; Untyped                            ;
; CLOCK_ENABLE_CORE_A                ; USE_INPUT_CLKEN      ; Untyped                            ;
; CLOCK_ENABLE_CORE_B                ; USE_INPUT_CLKEN      ; Untyped                            ;
; ENABLE_ECC                         ; FALSE                ; Untyped                            ;
; DEVICE_FAMILY                      ; Stratix II           ; Untyped                            ;
; CBXI_PARAMETER                     ; altsyncram_dvb1      ; Untyped                            ;
+------------------------------------+----------------------+------------------------------------+
Note: In order to hide this table in the UI and the text report file, please set the "Show Parameter Settings Tables in Synthesis Report" option in "Analysis and Synthesis Settings -> More Settings" to "Off".


+------------------------------------------------------------------------------------------------+
; Parameter Settings for User Entity Instance: lpm_bustri0:inst1|lpm_bustri:lpm_bustri_component ;
+----------------+-------+-----------------------------------------------------------------------+
; Parameter Name ; Value ; Type                                                                  ;
+----------------+-------+-----------------------------------------------------------------------+
; LPM_WIDTH      ; 10    ; Untyped                                                               ;
+----------------+-------+-----------------------------------------------------------------------+
Note: In order to hide this table in the UI and the text report file, please set the "Show Parameter Settings Tables in Synthesis Report" option in "Analysis and Synthesis Settings -> More Settings" to "Off".


+------------------------------------------------------------+
; Parameter Settings for User Entity Instance: lpm_rom0:inst ;
+-----------------+-------+----------------------------------+
; Parameter Name  ; Value ; Type                             ;
+-----------------+-------+----------------------------------+
; WIDTH_BYTEENA_A ; 1     ; Untyped                          ;
; WIDTH_BYTEENA_B ; 1     ; Untyped                          ;
+-----------------+-------+----------------------------------+
Note: In order to hide this table in the UI and the text report file, please set the "Show Parameter Settings Tables in Synthesis Report" option in "Analysis and Synthesis Settings -> More Settings" to "Off".


+--------------------------------------------------------------------------------------------+
; Parameter Settings for User Entity Instance: lpm_rom0:inst|altsyncram:altsyncram_component ;
+------------------------------------+----------------------+--------------------------------+
; Parameter Name                     ; Value                ; Type                           ;
+------------------------------------+----------------------+--------------------------------+
; BYTE_SIZE_BLOCK                    ; 8                    ; Untyped                        ;
; AUTO_CARRY_CHAINS                  ; ON                   ; AUTO_CARRY                     ;
; IGNORE_CARRY_BUFFERS               ; OFF                  ; IGNORE_CARRY                   ;
; AUTO_CASCADE_CHAINS                ; ON                   ; AUTO_CASCADE                   ;
; IGNORE_CASCADE_BUFFERS             ; OFF                  ; IGNORE_CASCADE                 ;
; WIDTH_BYTEENA                      ; 1                    ; Untyped                        ;
; OPERATION_MODE                     ; ROM                  ; Untyped                        ;
; WIDTH_A                            ; 10                   ; Untyped                        ;
; WIDTHAD_A                          ; 8                    ; Untyped                        ;
; NUMWORDS_A                         ; 256                  ; Untyped                        ;
; OUTDATA_REG_A                      ; CLOCK0               ; Untyped                        ;
; ADDRESS_ACLR_A                     ; NONE                 ; Untyped                        ;
; OUTDATA_ACLR_A                     ; NONE                 ; Untyped                        ;
; WRCONTROL_ACLR_A                   ; NONE                 ; Untyped                        ;
; INDATA_ACLR_A                      ; NONE                 ; Untyped                        ;
; BYTEENA_ACLR_A                     ; NONE                 ; Untyped                        ;
; WIDTH_B                            ; 1                    ; Untyped                        ;
; WIDTHAD_B                          ; 1                    ; Untyped                        ;
; NUMWORDS_B                         ; 1                    ; Untyped                        ;
; INDATA_REG_B                       ; CLOCK1               ; Untyped                        ;
; WRCONTROL_WRADDRESS_REG_B          ; CLOCK1               ; Untyped                        ;
; RDCONTROL_REG_B                    ; CLOCK1               ; Untyped                        ;
; ADDRESS_REG_B                      ; CLOCK1               ; Untyped                        ;
; OUTDATA_REG_B                      ; UNREGISTERED         ; Untyped                        ;
; BYTEENA_REG_B                      ; CLOCK1               ; Untyped                        ;
; INDATA_ACLR_B                      ; NONE                 ; Untyped                        ;
; WRCONTROL_ACLR_B                   ; NONE                 ; Untyped                        ;
; ADDRESS_ACLR_B                     ; NONE                 ; Untyped                        ;
; OUTDATA_ACLR_B                     ; NONE                 ; Untyped                        ;
; RDCONTROL_ACLR_B                   ; NONE                 ; Untyped                        ;
; BYTEENA_ACLR_B                     ; NONE                 ; Untyped                        ;
; WIDTH_BYTEENA_A                    ; 1                    ; Untyped                        ;
; WIDTH_BYTEENA_B                    ; 1                    ; Untyped                        ;
; RAM_BLOCK_TYPE                     ; AUTO                 ; Untyped                        ;
; BYTE_SIZE                          ; 8                    ; Untyped                        ;
; READ_DURING_WRITE_MODE_MIXED_PORTS ; DONT_CARE            ; Untyped                        ;
; READ_DURING_WRITE_MODE_PORT_A      ; NEW_DATA_NO_NBE_READ ; Untyped                        ;
; READ_DURING_WRITE_MODE_PORT_B      ; NEW_DATA_NO_NBE_READ ; Untyped                        ;
; INIT_FILE                          ; rom.hex              ; Untyped                        ;
; INIT_FILE_LAYOUT                   ; PORT_A               ; Untyped                        ;
; MAXIMUM_DEPTH                      ; 0                    ; Untyped                        ;
; CLOCK_ENABLE_INPUT_A               ; BYPASS               ; Untyped                        ;
; CLOCK_ENABLE_INPUT_B               ; NORMAL               ; Untyped                        ;
; CLOCK_ENABLE_OUTPUT_A              ; BYPASS               ; Untyped                        ;
; CLOCK_ENABLE_OUTPUT_B              ; NORMAL               ; Untyped                        ;
; CLOCK_ENABLE_CORE_A                ; USE_INPUT_CLKEN      ; Untyped                        ;
; CLOCK_ENABLE_CORE_B                ; USE_INPUT_CLKEN      ; Untyped                        ;
; ENABLE_ECC                         ; FALSE                ; Untyped                        ;
; DEVICE_FAMILY                      ; Stratix II           ; Untyped                        ;
; CBXI_PARAMETER                     ; altsyncram_os61      ; Untyped                        ;
+------------------------------------+----------------------+--------------------------------+
Note: In order to hide this table in the UI and the text report file, please set the "Show Parameter Settings Tables in Synthesis Report" option in "Analysis and Synthesis Settings -> More Settings" to "Off".


+-------------------------------------------------------------------------------------------------+
; Parameter Settings for User Entity Instance: lpm_bustri1:inst10|lpm_bustri:lpm_bustri_component ;
+----------------+-------+------------------------------------------------------------------------+
; Parameter Name ; Value ; Type                                                                   ;
+----------------+-------+------------------------------------------------------------------------+
; LPM_WIDTH      ; 10    ; Untyped                                                                ;
+----------------+-------+------------------------------------------------------------------------+
Note: In order to hide this table in the UI and the text report file, please set the "Show Parameter Settings Tables in Synthesis Report" option in "Analysis and Synthesis Settings -> More Settings" to "Off".


+---------------------------------------------------------------------------------------+
; Parameter Settings for User Entity Instance: lpm_mux0:inst8|lpm_mux:lpm_mux_component ;
+------------------------+------------+-------------------------------------------------+
; Parameter Name         ; Value      ; Type                                            ;
+------------------------+------------+-------------------------------------------------+
; AUTO_CARRY_CHAINS      ; ON         ; AUTO_CARRY                                      ;
; IGNORE_CARRY_BUFFERS   ; OFF        ; IGNORE_CARRY                                    ;
; AUTO_CASCADE_CHAINS    ; ON         ; AUTO_CASCADE                                    ;
; IGNORE_CASCADE_BUFFERS ; OFF        ; IGNORE_CASCADE                                  ;
; LPM_WIDTH              ; 10         ; Untyped                                         ;
; LPM_SIZE               ; 8          ; Untyped                                         ;
; LPM_WIDTHS             ; 3          ; Untyped                                         ;
; LPM_PIPELINE           ; 0          ; Untyped                                         ;
; CBXI_PARAMETER         ; mux_fpc    ; Untyped                                         ;
; DEVICE_FAMILY          ; Stratix II ; Untyped                                         ;
+------------------------+------------+-------------------------------------------------+
Note: In order to hide this table in the UI and the text report file, please set the "Show Parameter Settings Tables in Synthesis Report" option in "Analysis and Synthesis Settings -> More Settings" to "Off".


+-------------------------------------------------------------------------------------+
; Parameter Settings for User Entity Instance: lpm_dff0:inst5|lpm_ff:lpm_ff_component ;
+------------------------+------------+-----------------------------------------------+
; Parameter Name         ; Value      ; Type                                          ;
+------------------------+------------+-----------------------------------------------+
; LPM_WIDTH              ; 10         ; Untyped                                       ;
; LPM_AVALUE             ; UNUSED     ; Untyped                                       ;
; LPM_SVALUE             ; UNUSED     ; Untyped                                       ;
; LPM_FFTYPE             ; DFF        ; Untyped                                       ;
; DEVICE_FAMILY          ; Stratix II ; Untyped                                       ;
; CBXI_PARAMETER         ; NOTHING    ; Untyped                                       ;
; AUTO_CARRY_CHAINS      ; ON         ; AUTO_CARRY                                    ;
; IGNORE_CARRY_BUFFERS   ; OFF        ; IGNORE_CARRY                                  ;
; AUTO_CASCADE_CHAINS    ; ON         ; AUTO_CASCADE                                  ;
; IGNORE_CASCADE_BUFFERS ; OFF        ; IGNORE_CASCADE                                ;
+------------------------+------------+-----------------------------------------------+
Note: In order to hide this table in the UI and the text report file, please set the "Show Parameter Settings Tables in Synthesis Report" option in "Analysis and Synthesis Settings -> More Settings" to "Off".


+------------------------------------------------------------------------------------------------+
; Parameter Settings for User Entity Instance: lpm_decode0:inst9|lpm_decode:lpm_decode_component ;
+------------------------+------------+----------------------------------------------------------+
; Parameter Name         ; Value      ; Type                                                     ;
+------------------------+------------+----------------------------------------------------------+
; LPM_WIDTH              ; 3          ; Untyped                                                  ;
; LPM_DECODES            ; 8          ; Untyped                                                  ;
; LPM_PIPELINE           ; 0          ; Untyped                                                  ;
; CASCADE_CHAIN          ; MANUAL     ; Untyped                                                  ;
; DEVICE_FAMILY          ; Stratix II ; Untyped                                                  ;
; CBXI_PARAMETER         ; decode_5sf ; Untyped                                                  ;
; AUTO_CARRY_CHAINS      ; ON         ; AUTO_CARRY                                               ;
; IGNORE_CARRY_BUFFERS   ; OFF        ; IGNORE_CARRY                                             ;
; AUTO_CASCADE_CHAINS    ; ON         ; AUTO_CASCADE                                             ;
; IGNORE_CASCADE_BUFFERS ; OFF        ; IGNORE_CASCADE                                           ;
+------------------------+------------+----------------------------------------------------------+
Note: In order to hide this table in the UI and the text report file, please set the "Show Parameter Settings Tables in Synthesis Report" option in "Analysis and Synthesis Settings -> More Settings" to "Off".


+-------------------------------------------------------------------------------------+
; Parameter Settings for User Entity Instance: lpm_dff0:inst4|lpm_ff:lpm_ff_component ;
+------------------------+------------+-----------------------------------------------+
; Parameter Name         ; Value      ; Type                                          ;
+------------------------+------------+-----------------------------------------------+
; LPM_WIDTH              ; 10         ; Untyped                                       ;
; LPM_AVALUE             ; UNUSED     ; Untyped                                       ;
; LPM_SVALUE             ; UNUSED     ; Untyped                                       ;
; LPM_FFTYPE             ; DFF        ; Untyped                                       ;
; DEVICE_FAMILY          ; Stratix II ; Untyped                                       ;
; CBXI_PARAMETER         ; NOTHING    ; Untyped                                       ;
; AUTO_CARRY_CHAINS      ; ON         ; AUTO_CARRY                                    ;
; IGNORE_CARRY_BUFFERS   ; OFF        ; IGNORE_CARRY                                  ;
; AUTO_CASCADE_CHAINS    ; ON         ; AUTO_CASCADE                                  ;
; IGNORE_CASCADE_BUFFERS ; OFF        ; IGNORE_CASCADE                                ;
+------------------------+------------+-----------------------------------------------+
Note: In order to hide this table in the UI and the text report file, please set the "Show Parameter Settings Tables in Synthesis Report" option in "Analysis and Synthesis Settings -> More Settings" to "Off".


+-------------------------------------------------------------------------------------+
; Parameter Settings for User Entity Instance: lpm_dff0:inst7|lpm_ff:lpm_ff_component ;
+------------------------+------------+-----------------------------------------------+
; Parameter Name         ; Value      ; Type                                          ;
+------------------------+------------+-----------------------------------------------+
; LPM_WIDTH              ; 10         ; Untyped                                       ;
; LPM_AVALUE             ; UNUSED     ; Untyped                                       ;
; LPM_SVALUE             ; UNUSED     ; Untyped                                       ;
; LPM_FFTYPE             ; DFF        ; Untyped                                       ;
; DEVICE_FAMILY          ; Stratix II ; Untyped                                       ;
; CBXI_PARAMETER         ; NOTHING    ; Untyped                                       ;
; AUTO_CARRY_CHAINS      ; ON         ; AUTO_CARRY                                    ;
; IGNORE_CARRY_BUFFERS   ; OFF        ; IGNORE_CARRY                                  ;
; AUTO_CASCADE_CHAINS    ; ON         ; AUTO_CASCADE                                  ;
; IGNORE_CASCADE_BUFFERS ; OFF        ; IGNORE_CASCADE                                ;
+------------------------+------------+-----------------------------------------------+
Note: In order to hide this table in the UI and the text report file, please set the "Show Parameter Settings Tables in Synthesis Report" option in "Analysis and Synthesis Settings -> More Settings" to "Off".


+-------------------------------------------------------------------------------------+
; Parameter Settings for User Entity Instance: lpm_dff0:inst6|lpm_ff:lpm_ff_component ;
+------------------------+------------+-----------------------------------------------+
; Parameter Name         ; Value      ; Type                                          ;
+------------------------+------------+-----------------------------------------------+
; LPM_WIDTH              ; 10         ; Untyped                                       ;
; LPM_AVALUE             ; UNUSED     ; Untyped                                       ;
; LPM_SVALUE             ; UNUSED     ; Untyped                                       ;
; LPM_FFTYPE             ; DFF        ; Untyped                                       ;
; DEVICE_FAMILY          ; Stratix II ; Untyped                                       ;
; CBXI_PARAMETER         ; NOTHING    ; Untyped                                       ;
; AUTO_CARRY_CHAINS      ; ON         ; AUTO_CARRY                                    ;
; IGNORE_CARRY_BUFFERS   ; OFF        ; IGNORE_CARRY                                  ;
; AUTO_CASCADE_CHAINS    ; ON         ; AUTO_CASCADE                                  ;
; IGNORE_CASCADE_BUFFERS ; OFF        ; IGNORE_CASCADE                                ;
+------------------------+------------+-----------------------------------------------+
Note: In order to hide this table in the UI and the text report file, please set the "Show Parameter Settings Tables in Synthesis Report" option in "Analysis and Synthesis Settings -> More Settings" to "Off".


+--------------------------------------------------------------------------------------+
; Parameter Settings for User Entity Instance: lpm_dff0:inst23|lpm_ff:lpm_ff_component ;
+------------------------+------------+------------------------------------------------+
; Parameter Name         ; Value      ; Type                                           ;
+------------------------+------------+------------------------------------------------+
; LPM_WIDTH              ; 10         ; Untyped                                        ;
; LPM_AVALUE             ; UNUSED     ; Untyped                                        ;
; LPM_SVALUE             ; UNUSED     ; Untyped                                        ;
; LPM_FFTYPE             ; DFF        ; Untyped                                        ;
; DEVICE_FAMILY          ; Stratix II ; Untyped                                        ;
; CBXI_PARAMETER         ; NOTHING    ; Untyped                                        ;
; AUTO_CARRY_CHAINS      ; ON         ; AUTO_CARRY                                     ;
; IGNORE_CARRY_BUFFERS   ; OFF        ; IGNORE_CARRY                                   ;
; AUTO_CASCADE_CHAINS    ; ON         ; AUTO_CASCADE                                   ;
; IGNORE_CASCADE_BUFFERS ; OFF        ; IGNORE_CASCADE                                 ;
+------------------------+------------+------------------------------------------------+
Note: In order to hide this table in the UI and the text report file, please set the "Show Parameter Settings Tables in Synthesis Report" option in "Analysis and Synthesis Settings -> More Settings" to "Off".


+--------------------------------------------------------------------------------------+
; Parameter Settings for User Entity Instance: lpm_dff0:inst21|lpm_ff:lpm_ff_component ;
+------------------------+------------+------------------------------------------------+
; Parameter Name         ; Value      ; Type                                           ;
+------------------------+------------+------------------------------------------------+
; LPM_WIDTH              ; 10         ; Untyped                                        ;
; LPM_AVALUE             ; UNUSED     ; Untyped                                        ;
; LPM_SVALUE             ; UNUSED     ; Untyped                                        ;
; LPM_FFTYPE             ; DFF        ; Untyped                                        ;
; DEVICE_FAMILY          ; Stratix II ; Untyped                                        ;
; CBXI_PARAMETER         ; NOTHING    ; Untyped                                        ;
; AUTO_CARRY_CHAINS      ; ON         ; AUTO_CARRY                                     ;
; IGNORE_CARRY_BUFFERS   ; OFF        ; IGNORE_CARRY                                   ;
; AUTO_CASCADE_CHAINS    ; ON         ; AUTO_CASCADE                                   ;
; IGNORE_CASCADE_BUFFERS ; OFF        ; IGNORE_CASCADE                                 ;
+------------------------+------------+------------------------------------------------+
Note: In order to hide this table in the UI and the text report file, please set the "Show Parameter Settings Tables in Synthesis Report" option in "Analysis and Synthesis Settings -> More Settings" to "Off".


+--------------------------------------------------------------------------------------+
; Parameter Settings for User Entity Instance: lpm_dff0:inst29|lpm_ff:lpm_ff_component ;
+------------------------+------------+------------------------------------------------+
; Parameter Name         ; Value      ; Type                                           ;
+------------------------+------------+------------------------------------------------+
; LPM_WIDTH              ; 10         ; Untyped                                        ;
; LPM_AVALUE             ; UNUSED     ; Untyped                                        ;
; LPM_SVALUE             ; UNUSED     ; Untyped                                        ;
; LPM_FFTYPE             ; DFF        ; Untyped                                        ;
; DEVICE_FAMILY          ; Stratix II ; Untyped                                        ;
; CBXI_PARAMETER         ; NOTHING    ; Untyped                                        ;
; AUTO_CARRY_CHAINS      ; ON         ; AUTO_CARRY                                     ;
; IGNORE_CARRY_BUFFERS   ; OFF        ; IGNORE_CARRY                                   ;
; AUTO_CASCADE_CHAINS    ; ON         ; AUTO_CASCADE                                   ;
; IGNORE_CASCADE_BUFFERS ; OFF        ; IGNORE_CASCADE                                 ;
+------------------------+------------+------------------------------------------------+
Note: In order to hide this table in the UI and the text report file, please set the "Show Parameter Settings Tables in Synthesis Report" option in "Analysis and Synthesis Settings -> More Settings" to "Off".


+--------------------------------------------------------------------------------------+
; Parameter Settings for User Entity Instance: lpm_dff0:inst24|lpm_ff:lpm_ff_component ;
+------------------------+------------+------------------------------------------------+
; Parameter Name         ; Value      ; Type                                           ;
+------------------------+------------+------------------------------------------------+
; LPM_WIDTH              ; 10         ; Untyped                                        ;
; LPM_AVALUE             ; UNUSED     ; Untyped                                        ;
; LPM_SVALUE             ; UNUSED     ; Untyped                                        ;
; LPM_FFTYPE             ; DFF        ; Untyped                                        ;
; DEVICE_FAMILY          ; Stratix II ; Untyped                                        ;
; CBXI_PARAMETER         ; NOTHING    ; Untyped                                        ;
; AUTO_CARRY_CHAINS      ; ON         ; AUTO_CARRY                                     ;
; IGNORE_CARRY_BUFFERS   ; OFF        ; IGNORE_CARRY                                   ;
; AUTO_CASCADE_CHAINS    ; ON         ; AUTO_CASCADE                                   ;
; IGNORE_CASCADE_BUFFERS ; OFF        ; IGNORE_CASCADE                                 ;
+------------------------+------------+------------------------------------------------+
Note: In order to hide this table in the UI and the text report file, please set the "Show Parameter Settings Tables in Synthesis Report" option in "Analysis and Synthesis Settings -> More Settings" to "Off".


+----------------------------------------------------------------------------------------+
; Parameter Settings for User Entity Instance: lpm_mux1:inst42|lpm_mux:lpm_mux_component ;
+------------------------+------------+--------------------------------------------------+
; Parameter Name         ; Value      ; Type                                             ;
+------------------------+------------+--------------------------------------------------+
; AUTO_CARRY_CHAINS      ; ON         ; AUTO_CARRY                                       ;
; IGNORE_CARRY_BUFFERS   ; OFF        ; IGNORE_CARRY                                     ;
; AUTO_CASCADE_CHAINS    ; ON         ; AUTO_CASCADE                                     ;
; IGNORE_CASCADE_BUFFERS ; OFF        ; IGNORE_CASCADE                                   ;
; LPM_WIDTH              ; 8          ; Untyped                                          ;
; LPM_SIZE               ; 2          ; Untyped                                          ;
; LPM_WIDTHS             ; 1          ; Untyped                                          ;
; LPM_PIPELINE           ; 0          ; Untyped                                          ;
; CBXI_PARAMETER         ; mux_unc    ; Untyped                                          ;
; DEVICE_FAMILY          ; Stratix II ; Untyped                                          ;
+------------------------+------------+--------------------------------------------------+
Note: In order to hide this table in the UI and the text report file, please set the "Show Parameter Settings Tables in Synthesis Report" option in "Analysis and Synthesis Settings -> More Settings" to "Off".


+----------------------------------------------------------------------------------------------------+
; Parameter Settings for User Entity Instance: lpm_counter1:inst25|lpm_counter:lpm_counter_component ;
+------------------------+-------------+-------------------------------------------------------------+
; Parameter Name         ; Value       ; Type                                                        ;
+------------------------+-------------+-------------------------------------------------------------+
; AUTO_CARRY_CHAINS      ; ON          ; AUTO_CARRY                                                  ;
; IGNORE_CARRY_BUFFERS   ; OFF         ; IGNORE_CARRY                                                ;
; AUTO_CASCADE_CHAINS    ; ON          ; AUTO_CASCADE                                                ;
; IGNORE_CASCADE_BUFFERS ; OFF         ; IGNORE_CASCADE                                              ;
; LPM_WIDTH              ; 8           ; Untyped                                                     ;
; LPM_DIRECTION          ; UP          ; Untyped                                                     ;
; LPM_MODULUS            ; 0           ; Untyped                                                     ;
; LPM_AVALUE             ; UNUSED      ; Untyped                                                     ;
; LPM_SVALUE             ; UNUSED      ; Untyped                                                     ;
; LPM_PORT_UPDOWN        ; PORT_UNUSED ; Untyped                                                     ;
; DEVICE_FAMILY          ; Stratix II  ; Untyped                                                     ;
; CARRY_CHAIN            ; MANUAL      ; Untyped                                                     ;
; CARRY_CHAIN_LENGTH     ; 48          ; CARRY_CHAIN_LENGTH                                          ;
; NOT_GATE_PUSH_BACK     ; ON          ; NOT_GATE_PUSH_BACK                                          ;
; CARRY_CNT_EN           ; SMART       ; Untyped                                                     ;
; LABWIDE_SCLR           ; ON          ; Untyped                                                     ;
; USE_NEW_VERSION        ; TRUE        ; Untyped                                                     ;
; CBXI_PARAMETER         ; cntr_g9j    ; Untyped                                                     ;
+------------------------+-------------+-------------------------------------------------------------+
Note: In order to hide this table in the UI and the text report file, please set the "Show Parameter Settings Tables in Synthesis Report" option in "Analysis and Synthesis Settings -> More Settings" to "Off".


+----------------------------------------------------------------------------------------------------+
; Parameter Settings for User Entity Instance: lpm_add_sub0:inst47|lpm_add_sub:lpm_add_sub_component ;
+------------------------+-------------+-------------------------------------------------------------+
; Parameter Name         ; Value       ; Type                                                        ;
+------------------------+-------------+-------------------------------------------------------------+
; LPM_WIDTH              ; 8           ; Untyped                                                     ;
; LPM_REPRESENTATION     ; UNSIGNED    ; Untyped                                                     ;
; LPM_DIRECTION          ; ADD         ; Untyped                                                     ;
; ONE_INPUT_IS_CONSTANT  ; NO          ; Untyped                                                     ;
; LPM_PIPELINE           ; 0           ; Untyped                                                     ;
; MAXIMIZE_SPEED         ; 5           ; Untyped                                                     ;
; REGISTERED_AT_END      ; 0           ; Untyped                                                     ;
; OPTIMIZE_FOR_SPEED     ; 5           ; Untyped                                                     ;
; USE_CS_BUFFERS         ; 1           ; Untyped                                                     ;
; CARRY_CHAIN            ; MANUAL      ; Untyped                                                     ;
; CARRY_CHAIN_LENGTH     ; 48          ; CARRY_CHAIN_LENGTH                                          ;
; DEVICE_FAMILY          ; Stratix II  ; Untyped                                                     ;
; USE_WYS                ; OFF         ; Untyped                                                     ;
; STYLE                  ; FAST        ; Untyped                                                     ;
; CBXI_PARAMETER         ; add_sub_elh ; Untyped                                                     ;
; AUTO_CARRY_CHAINS      ; ON          ; AUTO_CARRY                                                  ;
; IGNORE_CARRY_BUFFERS   ; OFF         ; IGNORE_CARRY                                                ;
; AUTO_CASCADE_CHAINS    ; ON          ; AUTO_CASCADE                                                ;
; IGNORE_CASCADE_BUFFERS ; OFF         ; IGNORE_CASCADE                                              ;
+------------------------+-------------+-------------------------------------------------------------+
Note: In order to hide this table in the UI and the text report file, please set the "Show Parameter Settings Tables in Synthesis Report" option in "Analysis and Synthesis Settings -> More Settings" to "Off".


+--------------------------------------------------------------------------------------+
; Parameter Settings for User Entity Instance: lpm_dff1:inst57|lpm_ff:lpm_ff_component ;
+------------------------+------------+------------------------------------------------+
; Parameter Name         ; Value      ; Type                                           ;
+------------------------+------------+------------------------------------------------+
; LPM_WIDTH              ; 8          ; Untyped                                        ;
; LPM_AVALUE             ; UNUSED     ; Untyped                                        ;
; LPM_SVALUE             ; UNUSED     ; Untyped                                        ;
; LPM_FFTYPE             ; DFF        ; Untyped                                        ;
; DEVICE_FAMILY          ; Stratix II ; Untyped                                        ;
; CBXI_PARAMETER         ; NOTHING    ; Untyped                                        ;
; AUTO_CARRY_CHAINS      ; ON         ; AUTO_CARRY                                     ;
; IGNORE_CARRY_BUFFERS   ; OFF        ; IGNORE_CARRY                                   ;
; AUTO_CASCADE_CHAINS    ; ON         ; AUTO_CASCADE                                   ;
; IGNORE_CASCADE_BUFFERS ; OFF        ; IGNORE_CASCADE                                 ;
+------------------------+------------+------------------------------------------------+
Note: In order to hide this table in the UI and the text report file, please set the "Show Parameter Settings Tables in Synthesis Report" option in "Analysis and Synthesis Settings -> More Settings" to "Off".


+--------------------------------------------------------------------------------------+
; Parameter Settings for User Entity Instance: lpm_dff0:inst14|lpm_ff:lpm_ff_component ;
+------------------------+------------+------------------------------------------------+
; Parameter Name         ; Value      ; Type                                           ;
+------------------------+------------+------------------------------------------------+
; LPM_WIDTH              ; 10         ; Untyped                                        ;
; LPM_AVALUE             ; UNUSED     ; Untyped                                        ;
; LPM_SVALUE             ; UNUSED     ; Untyped                                        ;
; LPM_FFTYPE             ; DFF        ; Untyped                                        ;
; DEVICE_FAMILY          ; Stratix II ; Untyped                                        ;
; CBXI_PARAMETER         ; NOTHING    ; Untyped                                        ;
; AUTO_CARRY_CHAINS      ; ON         ; AUTO_CARRY                                     ;
; IGNORE_CARRY_BUFFERS   ; OFF        ; IGNORE_CARRY                                   ;
; AUTO_CASCADE_CHAINS    ; ON         ; AUTO_CASCADE                                   ;
; IGNORE_CASCADE_BUFFERS ; OFF        ; IGNORE_CASCADE                                 ;
+------------------------+------------+------------------------------------------------+
Note: In order to hide this table in the UI and the text report file, please set the "Show Parameter Settings Tables in Synthesis Report" option in "Analysis and Synthesis Settings -> More Settings" to "Off".


+-----------------------------------------------------------------------------------------------+
; altsyncram Parameter Settings by Entity Instance                                              ;
+-------------------------------------------+---------------------------------------------------+
; Name                                      ; Value                                             ;
+-------------------------------------------+---------------------------------------------------+
; Number of entity instances                ; 2                                                 ;
; Entity Instance                           ; lpm_ram_dq0:inst2|altsyncram:altsyncram_component ;
;     -- OPERATION_MODE                     ; SINGLE_PORT                                       ;
;     -- WIDTH_A                            ; 10                                                ;
;     -- NUMWORDS_A                         ; 256                                               ;
;     -- OUTDATA_REG_A                      ; CLOCK0                                            ;
;     -- WIDTH_B                            ; 1                                                 ;
;     -- NUMWORDS_B                         ; 1                                                 ;
;     -- ADDRESS_REG_B                      ; CLOCK1                                            ;
;     -- OUTDATA_REG_B                      ; UNREGISTERED                                      ;
;     -- RAM_BLOCK_TYPE                     ; AUTO                                              ;
;     -- READ_DURING_WRITE_MODE_MIXED_PORTS ; DONT_CARE                                         ;
; Entity Instance                           ; lpm_rom0:inst|altsyncram:altsyncram_component     ;
;     -- OPERATION_MODE                     ; ROM                                               ;
;     -- WIDTH_A                            ; 10                                                ;
;     -- NUMWORDS_A                         ; 256                                               ;
;     -- OUTDATA_REG_A                      ; CLOCK0                                            ;
;     -- WIDTH_B                            ; 1                                                 ;
;     -- NUMWORDS_B                         ; 1                                                 ;
;     -- ADDRESS_REG_B                      ; CLOCK1                                            ;
;     -- OUTDATA_REG_B                      ; UNREGISTERED                                      ;
;     -- RAM_BLOCK_TYPE                     ; AUTO                                              ;
;     -- READ_DURING_WRITE_MODE_MIXED_PORTS ; DONT_CARE                                         ;
+-------------------------------------------+---------------------------------------------------+


+-------------------------------+
; Analysis & Synthesis Messages ;
+-------------------------------+
Info: *******************************************************************
Info: Running Quartus II Analysis & Synthesis
    Info: Version 9.1 Build 222 10/21/2009 SJ Web Edition
    Info: Processing started: Tue Nov 24 17:43:50 2020
Info: Command: quartus_map --read_settings_files=on --write_settings_files=off Lab4 -c Lab4
Info: Found 1 design units, including 1 entities, in source file lab4.bdf
    Info: Found entity 1: Lab4
Info: Elaborating entity "Lab4" for the top level hierarchy
Warning: Using design file lpm_mux1.tdf, which is not specified as a design file for the current project, but contains definitions for 1 design units and 1 entities in project
    Info: Found entity 1: lpm_mux1
Info: Elaborating entity "lpm_mux1" for hierarchy "lpm_mux1:inst56"
Info: Elaborating entity "lpm_mux" for hierarchy "lpm_mux1:inst56|lpm_mux:lpm_mux_component"
Info: Elaborated megafunction instantiation "lpm_mux1:inst56|lpm_mux:lpm_mux_component"
Info: Instantiated megafunction "lpm_mux1:inst56|lpm_mux:lpm_mux_component" with the following parameter:
    Info: Parameter "LPM_TYPE" = "LPM_MUX"
    Info: Parameter "LPM_WIDTH" = "8"
    Info: Parameter "LPM_SIZE" = "2"
    Info: Parameter "LPM_WIDTHS" = "1"
Info: Found 1 design units, including 1 entities, in source file db/mux_unc.tdf
    Info: Found entity 1: mux_unc
Info: Elaborating entity "mux_unc" for hierarchy "lpm_mux1:inst56|lpm_mux:lpm_mux_component|mux_unc:auto_generated"
Warning: Using design file lpm_decode1.tdf, which is not specified as a design file for the current project, but contains definitions for 1 design units and 1 entities in project
    Info: Found entity 1: lpm_decode1
Info: Elaborating entity "lpm_decode1" for hierarchy "lpm_decode1:inst12"
Info: Elaborating entity "lpm_decode" for hierarchy "lpm_decode1:inst12|lpm_decode:lpm_decode_component"
Info: Elaborated megafunction instantiation "lpm_decode1:inst12|lpm_decode:lpm_decode_component"
Info: Instantiated megafunction "lpm_decode1:inst12|lpm_decode:lpm_decode_component" with the following parameter:
    Info: Parameter "LPM_TYPE" = "LPM_DECODE"
    Info: Parameter "LPM_WIDTH" = "3"
    Info: Parameter "LPM_DECODES" = "8"
Info: Found 1 design units, including 1 entities, in source file db/decode_u7f.tdf
    Info: Found entity 1: decode_u7f
Info: Elaborating entity "decode_u7f" for hierarchy "lpm_decode1:inst12|lpm_decode:lpm_decode_component|decode_u7f:auto_generated"
Warning: Using design file lpm_counter0.tdf, which is not specified as a design file for the current project, but contains definitions for 1 design units and 1 entities in project
    Info: Found entity 1: lpm_counter0
Info: Elaborating entity "lpm_counter0" for hierarchy "lpm_counter0:inst11"
Info: Elaborating entity "lpm_counter" for hierarchy "lpm_counter0:inst11|lpm_counter:lpm_counter_component"
Info: Elaborated megafunction instantiation "lpm_counter0:inst11|lpm_counter:lpm_counter_component"
Info: Instantiated megafunction "lpm_counter0:inst11|lpm_counter:lpm_counter_component" with the following parameter:
    Info: Parameter "LPM_TYPE" = "LPM_COUNTER"
    Info: Parameter "LPM_WIDTH" = "3"
    Info: Parameter "LPM_DIRECTION" = "UP"
    Info: Parameter "LPM_PORT_UPDOWN" = "PORT_UNUSED"
Info: Found 1 design units, including 1 entities, in source file db/cntr_r3i.tdf
    Info: Found entity 1: cntr_r3i
Info: Elaborating entity "cntr_r3i" for hierarchy "lpm_counter0:inst11|lpm_counter:lpm_counter_component|cntr_r3i:auto_generated"
Warning: Using design file lpm_decode2.tdf, which is not specified as a design file for the current project, but contains definitions for 1 design units and 1 entities in project
    Info: Found entity 1: lpm_decode2
Info: Elaborating entity "lpm_decode2" for hierarchy "lpm_decode2:inst28"
Info: Elaborating entity "lpm_decode" for hierarchy "lpm_decode2:inst28|lpm_decode:lpm_decode_component"
Info: Elaborated megafunction instantiation "lpm_decode2:inst28|lpm_decode:lpm_decode_component"
Info: Instantiated megafunction "lpm_decode2:inst28|lpm_decode:lpm_decode_component" with the following parameter:
    Info: Parameter "LPM_TYPE" = "LPM_DECODE"
    Info: Parameter "LPM_WIDTH" = "1"
    Info: Parameter "LPM_DECODES" = "2"
Info: Found 1 design units, including 1 entities, in source file db/decode_trf.tdf
    Info: Found entity 1: decode_trf
Info: Elaborating entity "decode_trf" for hierarchy "lpm_decode2:inst28|lpm_decode:lpm_decode_component|decode_trf:auto_generated"
Warning: Using design file lpm_dff0.tdf, which is not specified as a design file for the current project, but contains definitions for 1 design units and 1 entities in project
    Info: Found entity 1: lpm_dff0
Info: Elaborating entity "lpm_dff0" for hierarchy "lpm_dff0:inst13"
Info: Elaborating entity "lpm_ff" for hierarchy "lpm_dff0:inst13|lpm_ff:lpm_ff_component"
Info: Elaborated megafunction instantiation "lpm_dff0:inst13|lpm_ff:lpm_ff_component"
Info: Instantiated megafunction "lpm_dff0:inst13|lpm_ff:lpm_ff_component" with the following parameter:
    Info: Parameter "LPM_TYPE" = "LPM_FF"
    Info: Parameter "LPM_WIDTH" = "10"
    Info: Parameter "LPM_FFTYPE" = "DFF"
Warning: Using design file lpm_bustri1.tdf, which is not specified as a design file for the current project, but contains definitions for 1 design units and 1 entities in project
    Info: Found entity 1: lpm_bustri1
Info: Elaborating entity "lpm_bustri1" for hierarchy "lpm_bustri1:inst16"
Info: Elaborating entity "lpm_bustri" for hierarchy "lpm_bustri1:inst16|lpm_bustri:lpm_bustri_component"
Info: Elaborated megafunction instantiation "lpm_bustri1:inst16|lpm_bustri:lpm_bustri_component"
Info: Instantiated megafunction "lpm_bustri1:inst16|lpm_bustri:lpm_bustri_component" with the following parameter:
    Info: Parameter "LPM_TYPE" = "LPM_BUSTRI"
    Info: Parameter "LPM_WIDTH" = "10"
Info: Elaborating entity "lpm_bustri1" for hierarchy "lpm_bustri1:inst3"
Warning: Using design file lpm_ram_dq0.tdf, which is not specified as a design file for the current project, but contains definitions for 1 design units and 1 entities in project
    Info: Found entity 1: lpm_ram_dq0
Info: Elaborating entity "lpm_ram_dq0" for hierarchy "lpm_ram_dq0:inst2"
Info: Elaborating entity "altsyncram" for hierarchy "lpm_ram_dq0:inst2|altsyncram:altsyncram_component"
Info: Elaborated megafunction instantiation "lpm_ram_dq0:inst2|altsyncram:altsyncram_component"
Info: Instantiated megafunction "lpm_ram_dq0:inst2|altsyncram:altsyncram_component" with the following parameter:
    Info: Parameter "POWER_UP_UNINITIALIZED" = "FALSE"
    Info: Parameter "LPM_TYPE" = "altsyncram"
    Info: Parameter "LPM_HINT" = "ENABLE_RUNTIME_MOD=NO"
    Info: Parameter "INTENDED_DEVICE_FAMILY" = "Stratix II"
    Info: Parameter "OPERATION_MODE" = "SINGLE_PORT"
    Info: Parameter "WIDTH_A" = "10"
    Info: Parameter "WIDTHAD_A" = "8"
    Info: Parameter "NUMWORDS_A" = "256"
    Info: Parameter "OUTDATA_REG_A" = "CLOCK0"
    Info: Parameter "OUTDATA_ACLR_A" = "NONE"
    Info: Parameter "INIT_FILE" = "ram.hex"
    Info: Parameter "WIDTH_BYTEENA_A" = "1"
    Info: Parameter "CLOCK_ENABLE_INPUT_A" = "BYPASS"
    Info: Parameter "CLOCK_ENABLE_OUTPUT_A" = "BYPASS"
Info: Found 1 design units, including 1 entities, in source file db/altsyncram_dvb1.tdf
    Info: Found entity 1: altsyncram_dvb1
Info: Elaborating entity "altsyncram_dvb1" for hierarchy "lpm_ram_dq0:inst2|altsyncram:altsyncram_component|altsyncram_dvb1:auto_generated"
Warning: Using design file lpm_bustri0.tdf, which is not specified as a design file for the current project, but contains definitions for 1 design units and 1 entities in project
    Info: Found entity 1: lpm_bustri0
Info: Elaborating entity "lpm_bustri0" for hierarchy "lpm_bustri0:inst1"
Info: Elaborating entity "lpm_bustri" for hierarchy "lpm_bustri0:inst1|lpm_bustri:lpm_bustri_component"
Info: Elaborated megafunction instantiation "lpm_bustri0:inst1|lpm_bustri:lpm_bustri_component"
Info: Instantiated megafunction "lpm_bustri0:inst1|lpm_bustri:lpm_bustri_component" with the following parameter:
    Info: Parameter "LPM_TYPE" = "LPM_BUSTRI"
    Info: Parameter "LPM_WIDTH" = "10"
Warning: Using design file lpm_rom0.tdf, which is not specified as a design file for the current project, but contains definitions for 1 design units and 1 entities in project
    Info: Found entity 1: lpm_rom0
Info: Elaborating entity "lpm_rom0" for hierarchy "lpm_rom0:inst"
Info: Elaborating entity "altsyncram" for hierarchy "lpm_rom0:inst|altsyncram:altsyncram_component"
Info: Elaborated megafunction instantiation "lpm_rom0:inst|altsyncram:altsyncram_component"
Info: Instantiated megafunction "lpm_rom0:inst|altsyncram:altsyncram_component" with the following parameter:
    Info: Parameter "LPM_TYPE" = "altsyncram"
    Info: Parameter "LPM_HINT" = "ENABLE_RUNTIME_MOD=NO"
    Info: Parameter "INTENDED_DEVICE_FAMILY" = "Stratix II"
    Info: Parameter "OPERATION_MODE" = "ROM"
    Info: Parameter "WIDTH_A" = "10"
    Info: Parameter "WIDTHAD_A" = "8"
    Info: Parameter "NUMWORDS_A" = "256"
    Info: Parameter "OUTDATA_REG_A" = "CLOCK0"
    Info: Parameter "OUTDATA_ACLR_A" = "NONE"
    Info: Parameter "INIT_FILE" = "rom.hex"
    Info: Parameter "WIDTH_BYTEENA_A" = "1"
    Info: Parameter "CLOCK_ENABLE_INPUT_A" = "BYPASS"
    Info: Parameter "CLOCK_ENABLE_OUTPUT_A" = "BYPASS"
Info: Found 1 design units, including 1 entities, in source file db/altsyncram_os61.tdf
    Info: Found entity 1: altsyncram_os61
Info: Elaborating entity "altsyncram_os61" for hierarchy "lpm_rom0:inst|altsyncram:altsyncram_component|altsyncram_os61:auto_generated"
Warning: Byte addressed memory initialization file "rom.hex" was read in the word-addressed format
Warning: Width of data items in "rom.hex" is smaller than the memory width. Padding data items to fit in memory. Found 257 warnings, reporting 10 .
    Warning: Data width of the data at line (1) of memory initialization file "rom.hex" is smaller than that of the memory word. Padding with "0" on the MSB.
    Warning: Data width of the data at line (2) of memory initialization file "rom.hex" is smaller than that of the memory word. Padding with "0" on the MSB.
    Warning: Data width of the data at line (3) of memory initialization file "rom.hex" is smaller than that of the memory word. Padding with "0" on the MSB.
    Warning: Data width of the data at line (4) of memory initialization file "rom.hex" is smaller than that of the memory word. Padding with "0" on the MSB.
    Warning: Data width of the data at line (5) of memory initialization file "rom.hex" is smaller than that of the memory word. Padding with "0" on the MSB.
    Warning: Data width of the data at line (6) of memory initialization file "rom.hex" is smaller than that of the memory word. Padding with "0" on the MSB.
    Warning: Data width of the data at line (7) of memory initialization file "rom.hex" is smaller than that of the memory word. Padding with "0" on the MSB.
    Warning: Data width of the data at line (8) of memory initialization file "rom.hex" is smaller than that of the memory word. Padding with "0" on the MSB.
    Warning: Data width of the data at line (9) of memory initialization file "rom.hex" is smaller than that of the memory word. Padding with "0" on the MSB.
    Warning: Data width of the data at line (10) of memory initialization file "rom.hex" is smaller than that of the memory word. Padding with "0" on the MSB.
Critical Warning: Memory depth (256) in the design file differs from memory depth (257) in the Memory Initialization File "rom.hex" -- truncated remaining initial content value to fit RAM
Info: Elaborating entity "lpm_bustri1" for hierarchy "lpm_bustri1:inst10"
Warning: Using design file lpm_mux0.tdf, which is not specified as a design file for the current project, but contains definitions for 1 design units and 1 entities in project
    Info: Found entity 1: lpm_mux0
Info: Elaborating entity "lpm_mux0" for hierarchy "lpm_mux0:inst8"
Info: Elaborating entity "lpm_mux" for hierarchy "lpm_mux0:inst8|lpm_mux:lpm_mux_component"
Info: Elaborated megafunction instantiation "lpm_mux0:inst8|lpm_mux:lpm_mux_component"
Info: Instantiated megafunction "lpm_mux0:inst8|lpm_mux:lpm_mux_component" with the following parameter:
    Info: Parameter "LPM_TYPE" = "LPM_MUX"
    Info: Parameter "LPM_WIDTH" = "10"
    Info: Parameter "LPM_SIZE" = "8"
    Info: Parameter "LPM_WIDTHS" = "3"
Info: Found 1 design units, including 1 entities, in source file db/mux_fpc.tdf
    Info: Found entity 1: mux_fpc
Info: Elaborating entity "mux_fpc" for hierarchy "lpm_mux0:inst8|lpm_mux:lpm_mux_component|mux_fpc:auto_generated"
Warning: Using design file lpm_decode0.tdf, which is not specified as a design file for the current project, but contains definitions for 1 design units and 1 entities in project
    Info: Found entity 1: lpm_decode0
Info: Elaborating entity "lpm_decode0" for hierarchy "lpm_decode0:inst9"
Info: Elaborating entity "lpm_decode" for hierarchy "lpm_decode0:inst9|lpm_decode:lpm_decode_component"
Info: Elaborated megafunction instantiation "lpm_decode0:inst9|lpm_decode:lpm_decode_component"
Info: Instantiated megafunction "lpm_decode0:inst9|lpm_decode:lpm_decode_component" with the following parameter:
    Info: Parameter "LPM_TYPE" = "LPM_DECODE"
    Info: Parameter "LPM_WIDTH" = "3"
    Info: Parameter "LPM_DECODES" = "8"
Info: Found 1 design units, including 1 entities, in source file db/decode_5sf.tdf
    Info: Found entity 1: decode_5sf
Info: Elaborating entity "decode_5sf" for hierarchy "lpm_decode0:inst9|lpm_decode:lpm_decode_component|decode_5sf:auto_generated"
Info: Elaborating entity "lpm_mux1" for hierarchy "lpm_mux1:inst42"
Warning: Using design file lpm_counter1.tdf, which is not specified as a design file for the current project, but contains definitions for 1 design units and 1 entities in project
    Info: Found entity 1: lpm_counter1
Info: Elaborating entity "lpm_counter1" for hierarchy "lpm_counter1:inst25"
Info: Elaborating entity "lpm_counter" for hierarchy "lpm_counter1:inst25|lpm_counter:lpm_counter_component"
Info: Elaborated megafunction instantiation "lpm_counter1:inst25|lpm_counter:lpm_counter_component"
Info: Instantiated megafunction "lpm_counter1:inst25|lpm_counter:lpm_counter_component" with the following parameter:
    Info: Parameter "LPM_TYPE" = "LPM_COUNTER"
    Info: Parameter "LPM_WIDTH" = "8"
    Info: Parameter "LPM_DIRECTION" = "UP"
    Info: Parameter "LPM_PORT_UPDOWN" = "PORT_UNUSED"
Info: Found 1 design units, including 1 entities, in source file db/cntr_g9j.tdf
    Info: Found entity 1: cntr_g9j
Info: Elaborating entity "cntr_g9j" for hierarchy "lpm_counter1:inst25|lpm_counter:lpm_counter_component|cntr_g9j:auto_generated"
Warning: Using design file lpm_add_sub0.tdf, which is not specified as a design file for the current project, but contains definitions for 1 design units and 1 entities in project
    Info: Found entity 1: lpm_add_sub0
Info: Elaborating entity "lpm_add_sub0" for hierarchy "lpm_add_sub0:inst47"
Info: Elaborating entity "lpm_add_sub" for hierarchy "lpm_add_sub0:inst47|lpm_add_sub:lpm_add_sub_component"
Info: Elaborated megafunction instantiation "lpm_add_sub0:inst47|lpm_add_sub:lpm_add_sub_component"
Info: Instantiated megafunction "lpm_add_sub0:inst47|lpm_add_sub:lpm_add_sub_component" with the following parameter:
    Info: Parameter "LPM_TYPE" = "LPM_ADD_SUB"
    Info: Parameter "LPM_HINT" = "ONE_INPUT_IS_CONSTANT=NO,CIN_USED=NO"
    Info: Parameter "LPM_WIDTH" = "8"
    Info: Parameter "LPM_REPRESENTATION" = "UNSIGNED"
    Info: Parameter "LPM_DIRECTION" = "ADD"
Info: Found 1 design units, including 1 entities, in source file db/add_sub_elh.tdf
    Info: Found entity 1: add_sub_elh
Info: Elaborating entity "add_sub_elh" for hierarchy "lpm_add_sub0:inst47|lpm_add_sub:lpm_add_sub_component|add_sub_elh:auto_generated"
Warning: Using design file lpm_dff1.tdf, which is not specified as a design file for the current project, but contains definitions for 1 design units and 1 entities in project
    Info: Found entity 1: lpm_dff1
Info: Elaborating entity "lpm_dff1" for hierarchy "lpm_dff1:inst57"
Info: Elaborating entity "lpm_ff" for hierarchy "lpm_dff1:inst57|lpm_ff:lpm_ff_component"
Info: Elaborated megafunction instantiation "lpm_dff1:inst57|lpm_ff:lpm_ff_component"
Info: Instantiated megafunction "lpm_dff1:inst57|lpm_ff:lpm_ff_component" with the following parameter:
    Info: Parameter "LPM_TYPE" = "LPM_FF"
    Info: Parameter "LPM_WIDTH" = "8"
    Info: Parameter "LPM_FFTYPE" = "DFF"
Warning: Removed fan-outs from the following always-disabled I/O buffers
    Warning: Removed fan-out from the always-disabled I/O buffer "lpm_bustri1:inst10|lpm_bustri:lpm_bustri_component|dout[9]" to the node "data[9]"
    Warning: Removed fan-out from the always-disabled I/O buffer "lpm_bustri1:inst10|lpm_bustri:lpm_bustri_component|dout[8]" to the node "data[8]"
    Warning: Removed fan-out from the always-disabled I/O buffer "lpm_bustri1:inst10|lpm_bustri:lpm_bustri_component|dout[7]" to the node "data[7]"
    Warning: Removed fan-out from the always-disabled I/O buffer "lpm_bustri1:inst10|lpm_bustri:lpm_bustri_component|dout[6]" to the node "data[6]"
    Warning: Removed fan-out from the always-disabled I/O buffer "lpm_bustri1:inst10|lpm_bustri:lpm_bustri_component|dout[5]" to the node "data[5]"
    Warning: Removed fan-out from the always-disabled I/O buffer "lpm_bustri1:inst10|lpm_bustri:lpm_bustri_component|dout[4]" to the node "data[4]"
    Warning: Removed fan-out from the always-disabled I/O buffer "lpm_bustri1:inst10|lpm_bustri:lpm_bustri_component|dout[3]" to the node "data[3]"
    Warning: Removed fan-out from the always-disabled I/O buffer "lpm_bustri1:inst10|lpm_bustri:lpm_bustri_component|dout[2]" to the node "data[2]"
    Warning: Removed fan-out from the always-disabled I/O buffer "lpm_bustri1:inst10|lpm_bustri:lpm_bustri_component|dout[1]" to the node "data[1]"
    Warning: Removed fan-out from the always-disabled I/O buffer "lpm_bustri1:inst10|lpm_bustri:lpm_bustri_component|dout[0]" to the node "data[0]"
Warning: Tri-state node(s) do not directly drive top-level pin(s)
    Warning: Converted the fan-out from the tri-state buffer "lpm_bustri1:inst16|lpm_bustri:lpm_bustri_component|din[7]" to the node "lpm_dff0:inst13|lpm_ff:lpm_ff_component|dffs[7]" into an OR gate
    Warning: Converted the fan-out from the tri-state buffer "lpm_bustri1:inst16|lpm_bustri:lpm_bustri_component|din[9]" to the node "lpm_dff0:inst13|lpm_ff:lpm_ff_component|dffs[9]" into an OR gate
    Warning: Converted the fan-out from the tri-state buffer "lpm_bustri1:inst16|lpm_bustri:lpm_bustri_component|din[6]" to the node "lpm_dff0:inst13|lpm_ff:lpm_ff_component|dffs[6]" into an OR gate
    Warning: Converted the fan-out from the tri-state buffer "lpm_bustri1:inst16|lpm_bustri:lpm_bustri_component|din[5]" to the node "lpm_dff0:inst13|lpm_ff:lpm_ff_component|dffs[5]" into an OR gate
    Warning: Converted the fan-out from the tri-state buffer "lpm_bustri1:inst16|lpm_bustri:lpm_bustri_component|din[4]" to the node "lpm_dff0:inst13|lpm_ff:lpm_ff_component|dffs[4]" into an OR gate
    Warning: Converted the fan-out from the tri-state buffer "lpm_bustri1:inst16|lpm_bustri:lpm_bustri_component|din[3]" to the node "lpm_dff0:inst13|lpm_ff:lpm_ff_component|dffs[3]" into an OR gate
    Warning: Converted the fan-out from the tri-state buffer "lpm_bustri1:inst16|lpm_bustri:lpm_bustri_component|din[2]" to the node "lpm_dff0:inst13|lpm_ff:lpm_ff_component|dffs[2]" into an OR gate
    Warning: Converted the fan-out from the tri-state buffer "lpm_bustri1:inst16|lpm_bustri:lpm_bustri_component|din[1]" to the node "lpm_dff0:inst13|lpm_ff:lpm_ff_component|dffs[1]" into an OR gate
    Warning: Converted the fan-out from the tri-state buffer "lpm_bustri1:inst16|lpm_bustri:lpm_bustri_component|din[8]" to the node "lpm_dff0:inst13|lpm_ff:lpm_ff_component|dffs[8]" into an OR gate
    Warning: Converted the fan-out from the tri-state buffer "lpm_bustri1:inst16|lpm_bustri:lpm_bustri_component|din[0]" to the node "lpm_dff0:inst13|lpm_ff:lpm_ff_component|dffs[0]" into an OR gate
    Warning: Converted the fan-out from the tri-state buffer "lpm_bustri1:inst3|lpm_bustri:lpm_bustri_component|din[9]" to the node "lpm_ram_dq0:inst2|altsyncram:altsyncram_component|altsyncram_dvb1:auto_generated|q_a[9]" into an OR gate
    Warning: Converted the fan-out from the tri-state buffer "lpm_bustri1:inst10|lpm_bustri:lpm_bustri_component|din[9]" to the node "lpm_dff0:inst5|lpm_ff:lpm_ff_component|dffs[9]" into an OR gate
    Warning: Converted the fan-out from the tri-state buffer "lpm_bustri1:inst3|lpm_bustri:lpm_bustri_component|din[8]" to the node "lpm_ram_dq0:inst2|altsyncram:altsyncram_component|altsyncram_dvb1:auto_generated|q_a[8]" into an OR gate
    Warning: Converted the fan-out from the tri-state buffer "lpm_bustri1:inst10|lpm_bustri:lpm_bustri_component|din[8]" to the node "lpm_dff0:inst5|lpm_ff:lpm_ff_component|dffs[8]" into an OR gate
    Warning: Converted the fan-out from the tri-state buffer "lpm_bustri1:inst3|lpm_bustri:lpm_bustri_component|din[7]" to the node "lpm_ram_dq0:inst2|altsyncram:altsyncram_component|altsyncram_dvb1:auto_generated|q_a[7]" into an OR gate
    Warning: Converted the fan-out from the tri-state buffer "lpm_bustri1:inst10|lpm_bustri:lpm_bustri_component|din[7]" to the node "lpm_dff0:inst5|lpm_ff:lpm_ff_component|dffs[7]" into an OR gate
    Warning: Converted the fan-out from the tri-state buffer "lpm_bustri1:inst3|lpm_bustri:lpm_bustri_component|din[6]" to the node "lpm_ram_dq0:inst2|altsyncram:altsyncram_component|altsyncram_dvb1:auto_generated|q_a[6]" into an OR gate
    Warning: Converted the fan-out from the tri-state buffer "lpm_bustri1:inst10|lpm_bustri:lpm_bustri_component|din[6]" to the node "lpm_dff0:inst5|lpm_ff:lpm_ff_component|dffs[6]" into an OR gate
    Warning: Converted the fan-out from the tri-state buffer "lpm_bustri1:inst3|lpm_bustri:lpm_bustri_component|din[5]" to the node "lpm_ram_dq0:inst2|altsyncram:altsyncram_component|altsyncram_dvb1:auto_generated|q_a[5]" into an OR gate
    Warning: Converted the fan-out from the tri-state buffer "lpm_bustri1:inst10|lpm_bustri:lpm_bustri_component|din[5]" to the node "lpm_dff0:inst5|lpm_ff:lpm_ff_component|dffs[5]" into an OR gate
    Warning: Converted the fan-out from the tri-state buffer "lpm_bustri1:inst3|lpm_bustri:lpm_bustri_component|din[4]" to the node "lpm_ram_dq0:inst2|altsyncram:altsyncram_component|altsyncram_dvb1:auto_generated|q_a[4]" into an OR gate
    Warning: Converted the fan-out from the tri-state buffer "lpm_bustri1:inst10|lpm_bustri:lpm_bustri_component|din[4]" to the node "lpm_dff0:inst5|lpm_ff:lpm_ff_component|dffs[4]" into an OR gate
    Warning: Converted the fan-out from the tri-state buffer "lpm_bustri1:inst3|lpm_bustri:lpm_bustri_component|din[3]" to the node "lpm_ram_dq0:inst2|altsyncram:altsyncram_component|altsyncram_dvb1:auto_generated|q_a[3]" into an OR gate
    Warning: Converted the fan-out from the tri-state buffer "lpm_bustri1:inst10|lpm_bustri:lpm_bustri_component|din[3]" to the node "lpm_dff0:inst5|lpm_ff:lpm_ff_component|dffs[3]" into an OR gate
    Warning: Converted the fan-out from the tri-state buffer "lpm_bustri1:inst3|lpm_bustri:lpm_bustri_component|din[2]" to the node "lpm_ram_dq0:inst2|altsyncram:altsyncram_component|altsyncram_dvb1:auto_generated|q_a[2]" into an OR gate
    Warning: Converted the fan-out from the tri-state buffer "lpm_bustri1:inst10|lpm_bustri:lpm_bustri_component|din[2]" to the node "lpm_dff0:inst5|lpm_ff:lpm_ff_component|dffs[2]" into an OR gate
    Warning: Converted the fan-out from the tri-state buffer "lpm_bustri1:inst3|lpm_bustri:lpm_bustri_component|din[1]" to the node "lpm_ram_dq0:inst2|altsyncram:altsyncram_component|altsyncram_dvb1:auto_generated|q_a[1]" into an OR gate
    Warning: Converted the fan-out from the tri-state buffer "lpm_bustri1:inst10|lpm_bustri:lpm_bustri_component|din[1]" to the node "lpm_dff0:inst5|lpm_ff:lpm_ff_component|dffs[1]" into an OR gate
    Warning: Converted the fan-out from the tri-state buffer "lpm_bustri1:inst3|lpm_bustri:lpm_bustri_component|din[0]" to the node "lpm_ram_dq0:inst2|altsyncram:altsyncram_component|altsyncram_dvb1:auto_generated|q_a[0]" into an OR gate
    Warning: Converted the fan-out from the tri-state buffer "lpm_bustri1:inst10|lpm_bustri:lpm_bustri_component|din[0]" to the node "lpm_dff0:inst5|lpm_ff:lpm_ff_component|dffs[0]" into an OR gate
Warning: Tri-state node(s) do not directly drive top-level pin(s)
    Warning: Converted the fan-out from the tri-state buffer "lpm_bustri1:inst3|lpm_bustri:lpm_bustri_component|dout[9]" to the node "lpm_bustri1:inst16|lpm_bustri:lpm_bustri_component|din[9]" into an OR gate
    Warning: Converted the fan-out from the tri-state buffer "lpm_bustri1:inst3|lpm_bustri:lpm_bustri_component|dout[8]" to the node "lpm_bustri1:inst16|lpm_bustri:lpm_bustri_component|din[8]" into an OR gate
    Warning: Converted the fan-out from the tri-state buffer "lpm_bustri1:inst3|lpm_bustri:lpm_bustri_component|dout[7]" to the node "lpm_bustri1:inst16|lpm_bustri:lpm_bustri_component|din[7]" into an OR gate
    Warning: Converted the fan-out from the tri-state buffer "lpm_bustri1:inst3|lpm_bustri:lpm_bustri_component|dout[6]" to the node "lpm_bustri1:inst16|lpm_bustri:lpm_bustri_component|din[6]" into an OR gate
    Warning: Converted the fan-out from the tri-state buffer "lpm_bustri1:inst3|lpm_bustri:lpm_bustri_component|dout[5]" to the node "lpm_bustri1:inst16|lpm_bustri:lpm_bustri_component|din[5]" into an OR gate
    Warning: Converted the fan-out from the tri-state buffer "lpm_bustri1:inst3|lpm_bustri:lpm_bustri_component|dout[4]" to the node "lpm_bustri1:inst16|lpm_bustri:lpm_bustri_component|din[4]" into an OR gate
    Warning: Converted the fan-out from the tri-state buffer "lpm_bustri1:inst3|lpm_bustri:lpm_bustri_component|dout[3]" to the node "lpm_bustri1:inst16|lpm_bustri:lpm_bustri_component|din[3]" into an OR gate
    Warning: Converted the fan-out from the tri-state buffer "lpm_bustri1:inst3|lpm_bustri:lpm_bustri_component|dout[2]" to the node "lpm_bustri1:inst16|lpm_bustri:lpm_bustri_component|din[2]" into an OR gate
    Warning: Converted the fan-out from the tri-state buffer "lpm_bustri1:inst3|lpm_bustri:lpm_bustri_component|dout[1]" to the node "lpm_bustri1:inst16|lpm_bustri:lpm_bustri_component|din[1]" into an OR gate
    Warning: Converted the fan-out from the tri-state buffer "lpm_bustri1:inst3|lpm_bustri:lpm_bustri_component|dout[0]" to the node "lpm_bustri1:inst16|lpm_bustri:lpm_bustri_component|din[0]" into an OR gate
Info: 80 registers lost all their fanouts during netlist optimizations. The first 80 are displayed below.
    Info: Register "lpm_dff0:inst23|lpm_ff:lpm_ff_component|dffs[9]" lost all its fanouts during netlist optimizations.
    Info: Register "lpm_dff0:inst29|lpm_ff:lpm_ff_component|dffs[9]" lost all its fanouts during netlist optimizations.
    Info: Register "lpm_dff0:inst21|lpm_ff:lpm_ff_component|dffs[9]" lost all its fanouts during netlist optimizations.
    Info: Register "lpm_dff0:inst24|lpm_ff:lpm_ff_component|dffs[9]" lost all its fanouts during netlist optimizations.
    Info: Register "lpm_dff0:inst4|lpm_ff:lpm_ff_component|dffs[9]" lost all its fanouts during netlist optimizations.
    Info: Register "lpm_dff0:inst6|lpm_ff:lpm_ff_component|dffs[9]" lost all its fanouts during netlist optimizations.
    Info: Register "lpm_dff0:inst5|lpm_ff:lpm_ff_component|dffs[9]" lost all its fanouts during netlist optimizations.
    Info: Register "lpm_dff0:inst7|lpm_ff:lpm_ff_component|dffs[9]" lost all its fanouts during netlist optimizations.
    Info: Register "lpm_dff0:inst23|lpm_ff:lpm_ff_component|dffs[8]" lost all its fanouts during netlist optimizations.
    Info: Register "lpm_dff0:inst29|lpm_ff:lpm_ff_component|dffs[8]" lost all its fanouts during netlist optimizations.
    Info: Register "lpm_dff0:inst21|lpm_ff:lpm_ff_component|dffs[8]" lost all its fanouts during netlist optimizations.
    Info: Register "lpm_dff0:inst24|lpm_ff:lpm_ff_component|dffs[8]" lost all its fanouts during netlist optimizations.
    Info: Register "lpm_dff0:inst4|lpm_ff:lpm_ff_component|dffs[8]" lost all its fanouts during netlist optimizations.
    Info: Register "lpm_dff0:inst6|lpm_ff:lpm_ff_component|dffs[8]" lost all its fanouts during netlist optimizations.
    Info: Register "lpm_dff0:inst5|lpm_ff:lpm_ff_component|dffs[8]" lost all its fanouts during netlist optimizations.
    Info: Register "lpm_dff0:inst7|lpm_ff:lpm_ff_component|dffs[8]" lost all its fanouts during netlist optimizations.
    Info: Register "lpm_dff0:inst23|lpm_ff:lpm_ff_component|dffs[7]" lost all its fanouts during netlist optimizations.
    Info: Register "lpm_dff0:inst29|lpm_ff:lpm_ff_component|dffs[7]" lost all its fanouts during netlist optimizations.
    Info: Register "lpm_dff0:inst21|lpm_ff:lpm_ff_component|dffs[7]" lost all its fanouts during netlist optimizations.
    Info: Register "lpm_dff0:inst24|lpm_ff:lpm_ff_component|dffs[7]" lost all its fanouts during netlist optimizations.
    Info: Register "lpm_dff0:inst4|lpm_ff:lpm_ff_component|dffs[7]" lost all its fanouts during netlist optimizations.
    Info: Register "lpm_dff0:inst6|lpm_ff:lpm_ff_component|dffs[7]" lost all its fanouts during netlist optimizations.
    Info: Register "lpm_dff0:inst5|lpm_ff:lpm_ff_component|dffs[7]" lost all its fanouts during netlist optimizations.
    Info: Register "lpm_dff0:inst7|lpm_ff:lpm_ff_component|dffs[7]" lost all its fanouts during netlist optimizations.
    Info: Register "lpm_dff0:inst23|lpm_ff:lpm_ff_component|dffs[6]" lost all its fanouts during netlist optimizations.
    Info: Register "lpm_dff0:inst29|lpm_ff:lpm_ff_component|dffs[6]" lost all its fanouts during netlist optimizations.
    Info: Register "lpm_dff0:inst21|lpm_ff:lpm_ff_component|dffs[6]" lost all its fanouts during netlist optimizations.
    Info: Register "lpm_dff0:inst24|lpm_ff:lpm_ff_component|dffs[6]" lost all its fanouts during netlist optimizations.
    Info: Register "lpm_dff0:inst4|lpm_ff:lpm_ff_component|dffs[6]" lost all its fanouts during netlist optimizations.
    Info: Register "lpm_dff0:inst6|lpm_ff:lpm_ff_component|dffs[6]" lost all its fanouts during netlist optimizations.
    Info: Register "lpm_dff0:inst5|lpm_ff:lpm_ff_component|dffs[6]" lost all its fanouts during netlist optimizations.
    Info: Register "lpm_dff0:inst7|lpm_ff:lpm_ff_component|dffs[6]" lost all its fanouts during netlist optimizations.
    Info: Register "lpm_dff0:inst23|lpm_ff:lpm_ff_component|dffs[5]" lost all its fanouts during netlist optimizations.
    Info: Register "lpm_dff0:inst29|lpm_ff:lpm_ff_component|dffs[5]" lost all its fanouts during netlist optimizations.
    Info: Register "lpm_dff0:inst21|lpm_ff:lpm_ff_component|dffs[5]" lost all its fanouts during netlist optimizations.
    Info: Register "lpm_dff0:inst24|lpm_ff:lpm_ff_component|dffs[5]" lost all its fanouts during netlist optimizations.
    Info: Register "lpm_dff0:inst4|lpm_ff:lpm_ff_component|dffs[5]" lost all its fanouts during netlist optimizations.
    Info: Register "lpm_dff0:inst6|lpm_ff:lpm_ff_component|dffs[5]" lost all its fanouts during netlist optimizations.
    Info: Register "lpm_dff0:inst5|lpm_ff:lpm_ff_component|dffs[5]" lost all its fanouts during netlist optimizations.
    Info: Register "lpm_dff0:inst7|lpm_ff:lpm_ff_component|dffs[5]" lost all its fanouts during netlist optimizations.
    Info: Register "lpm_dff0:inst23|lpm_ff:lpm_ff_component|dffs[4]" lost all its fanouts during netlist optimizations.
    Info: Register "lpm_dff0:inst29|lpm_ff:lpm_ff_component|dffs[4]" lost all its fanouts during netlist optimizations.
    Info: Register "lpm_dff0:inst21|lpm_ff:lpm_ff_component|dffs[4]" lost all its fanouts during netlist optimizations.
    Info: Register "lpm_dff0:inst24|lpm_ff:lpm_ff_component|dffs[4]" lost all its fanouts during netlist optimizations.
    Info: Register "lpm_dff0:inst4|lpm_ff:lpm_ff_component|dffs[4]" lost all its fanouts during netlist optimizations.
    Info: Register "lpm_dff0:inst6|lpm_ff:lpm_ff_component|dffs[4]" lost all its fanouts during netlist optimizations.
    Info: Register "lpm_dff0:inst5|lpm_ff:lpm_ff_component|dffs[4]" lost all its fanouts during netlist optimizations.
    Info: Register "lpm_dff0:inst7|lpm_ff:lpm_ff_component|dffs[4]" lost all its fanouts during netlist optimizations.
    Info: Register "lpm_dff0:inst23|lpm_ff:lpm_ff_component|dffs[3]" lost all its fanouts during netlist optimizations.
    Info: Register "lpm_dff0:inst29|lpm_ff:lpm_ff_component|dffs[3]" lost all its fanouts during netlist optimizations.
    Info: Register "lpm_dff0:inst21|lpm_ff:lpm_ff_component|dffs[3]" lost all its fanouts during netlist optimizations.
    Info: Register "lpm_dff0:inst24|lpm_ff:lpm_ff_component|dffs[3]" lost all its fanouts during netlist optimizations.
    Info: Register "lpm_dff0:inst4|lpm_ff:lpm_ff_component|dffs[3]" lost all its fanouts during netlist optimizations.
    Info: Register "lpm_dff0:inst6|lpm_ff:lpm_ff_component|dffs[3]" lost all its fanouts during netlist optimizations.
    Info: Register "lpm_dff0:inst5|lpm_ff:lpm_ff_component|dffs[3]" lost all its fanouts during netlist optimizations.
    Info: Register "lpm_dff0:inst7|lpm_ff:lpm_ff_component|dffs[3]" lost all its fanouts during netlist optimizations.
    Info: Register "lpm_dff0:inst23|lpm_ff:lpm_ff_component|dffs[2]" lost all its fanouts during netlist optimizations.
    Info: Register "lpm_dff0:inst29|lpm_ff:lpm_ff_component|dffs[2]" lost all its fanouts during netlist optimizations.
    Info: Register "lpm_dff0:inst21|lpm_ff:lpm_ff_component|dffs[2]" lost all its fanouts during netlist optimizations.
    Info: Register "lpm_dff0:inst24|lpm_ff:lpm_ff_component|dffs[2]" lost all its fanouts during netlist optimizations.
    Info: Register "lpm_dff0:inst4|lpm_ff:lpm_ff_component|dffs[2]" lost all its fanouts during netlist optimizations.
    Info: Register "lpm_dff0:inst6|lpm_ff:lpm_ff_component|dffs[2]" lost all its fanouts during netlist optimizations.
    Info: Register "lpm_dff0:inst5|lpm_ff:lpm_ff_component|dffs[2]" lost all its fanouts during netlist optimizations.
    Info: Register "lpm_dff0:inst7|lpm_ff:lpm_ff_component|dffs[2]" lost all its fanouts during netlist optimizations.
    Info: Register "lpm_dff0:inst23|lpm_ff:lpm_ff_component|dffs[1]" lost all its fanouts during netlist optimizations.
    Info: Register "lpm_dff0:inst29|lpm_ff:lpm_ff_component|dffs[1]" lost all its fanouts during netlist optimizations.
    Info: Register "lpm_dff0:inst21|lpm_ff:lpm_ff_component|dffs[1]" lost all its fanouts during netlist optimizations.
    Info: Register "lpm_dff0:inst24|lpm_ff:lpm_ff_component|dffs[1]" lost all its fanouts during netlist optimizations.
    Info: Register "lpm_dff0:inst4|lpm_ff:lpm_ff_component|dffs[1]" lost all its fanouts during netlist optimizations.
    Info: Register "lpm_dff0:inst6|lpm_ff:lpm_ff_component|dffs[1]" lost all its fanouts during netlist optimizations.
    Info: Register "lpm_dff0:inst5|lpm_ff:lpm_ff_component|dffs[1]" lost all its fanouts during netlist optimizations.
    Info: Register "lpm_dff0:inst7|lpm_ff:lpm_ff_component|dffs[1]" lost all its fanouts during netlist optimizations.
    Info: Register "lpm_dff0:inst23|lpm_ff:lpm_ff_component|dffs[0]" lost all its fanouts during netlist optimizations.
    Info: Register "lpm_dff0:inst29|lpm_ff:lpm_ff_component|dffs[0]" lost all its fanouts during netlist optimizations.
    Info: Register "lpm_dff0:inst21|lpm_ff:lpm_ff_component|dffs[0]" lost all its fanouts during netlist optimizations.
    Info: Register "lpm_dff0:inst24|lpm_ff:lpm_ff_component|dffs[0]" lost all its fanouts during netlist optimizations.
    Info: Register "lpm_dff0:inst4|lpm_ff:lpm_ff_component|dffs[0]" lost all its fanouts during netlist optimizations.
    Info: Register "lpm_dff0:inst6|lpm_ff:lpm_ff_component|dffs[0]" lost all its fanouts during netlist optimizations.
    Info: Register "lpm_dff0:inst5|lpm_ff:lpm_ff_component|dffs[0]" lost all its fanouts during netlist optimizations.
    Info: Register "lpm_dff0:inst7|lpm_ff:lpm_ff_component|dffs[0]" lost all its fanouts during netlist optimizations.
Info: Implemented 163 device resources after synthesis - the final resource count might be different
    Info: Implemented 1 input pins
    Info: Implemented 48 output pins
    Info: Implemented 94 logic cells
    Info: Implemented 20 RAM segments
Info: Quartus II Analysis & Synthesis was successful. 0 errors, 80 warnings
    Info: Peak virtual memory: 239 megabytes
    Info: Processing ended: Tue Nov 24 17:43:53 2020
    Info: Elapsed time: 00:00:03
    Info: Total CPU time (on all processors): 00:00:03


