Analysis & Synthesis report for Lab5
Tue Nov 24 13:15:43 2020
Quartus II Version 9.1 Build 222 10/21/2009 SJ Web Edition


---------------------
; Table of Contents ;
---------------------
  1. Legal Notice
  2. Analysis & Synthesis Summary
  3. Analysis & Synthesis Settings
  4. Parallel Compilation
  5. Analysis & Synthesis Source Files Read
  6. Analysis & Synthesis Resource Usage Summary
  7. Analysis & Synthesis Resource Utilization by Entity
  8. Registers Removed During Synthesis
  9. Removed Registers Triggering Further Register Optimizations
 10. General Register Statistics
 11. Source assignments for Device1:inst|lpm_counter0:inst3|lpm_counter:lpm_counter_component
 12. Source assignments for Arbitor:inst3|lpm_counter0:inst|lpm_counter:lpm_counter_component
 13. Source assignments for Device2:inst1|lpm_counter0:inst3|lpm_counter:lpm_counter_component
 14. Source assignments for Device3:inst2|lpm_counter0:inst3|lpm_counter:lpm_counter_component
 15. Source assignments for Device4:inst4|lpm_counter0:inst3|lpm_counter:lpm_counter_component
 16. Source assignments for Device3:inst11|lpm_counter0:inst3|lpm_counter:lpm_counter_component
 17. Parameter Settings for User Entity Instance: Device1:inst|lpm_compare1:inst8|lpm_compare:lpm_compare_component
 18. Parameter Settings for User Entity Instance: Device1:inst|lpm_counter0:inst3|lpm_counter:lpm_counter_component
 19. Parameter Settings for User Entity Instance: Device1:inst|lpm_compare0:inst7|lpm_compare:lpm_compare_component
 20. Parameter Settings for User Entity Instance: Device1:inst|lpm_bustri0:inst6|lpm_bustri:lpm_bustri_component
 21. Parameter Settings for User Entity Instance: Device1:inst|lpm_dff0:inst|lpm_ff:lpm_ff_component
 22. Parameter Settings for User Entity Instance: Device1:inst|lpm_constant0:inst2|lpm_constant:lpm_constant_component
 23. Parameter Settings for User Entity Instance: Arbitor:inst3|lpm_decode0:inst10|lpm_decode:lpm_decode_component
 24. Parameter Settings for User Entity Instance: Arbitor:inst3|lpm_counter0:inst|lpm_counter:lpm_counter_component
 25. Parameter Settings for User Entity Instance: Arbitor:inst3|lpm_compare2:inst1|lpm_compare:lpm_compare_component
 26. Parameter Settings for User Entity Instance: Device2:inst1|lpm_compare1:inst8|lpm_compare:lpm_compare_component
 27. Parameter Settings for User Entity Instance: Device2:inst1|lpm_counter0:inst3|lpm_counter:lpm_counter_component
 28. Parameter Settings for User Entity Instance: Device2:inst1|lpm_compare0:inst7|lpm_compare:lpm_compare_component
 29. Parameter Settings for User Entity Instance: Device2:inst1|lpm_bustri0:inst6|lpm_bustri:lpm_bustri_component
 30. Parameter Settings for User Entity Instance: Device2:inst1|lpm_dff0:inst|lpm_ff:lpm_ff_component
 31. Parameter Settings for User Entity Instance: Device2:inst1|lpm_constant1:inst1|lpm_constant:lpm_constant_component
 32. Parameter Settings for User Entity Instance: Device3:inst2|lpm_compare1:inst8|lpm_compare:lpm_compare_component
 33. Parameter Settings for User Entity Instance: Device3:inst2|lpm_counter0:inst3|lpm_counter:lpm_counter_component
 34. Parameter Settings for User Entity Instance: Device3:inst2|lpm_compare0:inst7|lpm_compare:lpm_compare_component
 35. Parameter Settings for User Entity Instance: Device3:inst2|lpm_bustri0:inst6|lpm_bustri:lpm_bustri_component
 36. Parameter Settings for User Entity Instance: Device3:inst2|lpm_dff0:inst|lpm_ff:lpm_ff_component
 37. Parameter Settings for User Entity Instance: Device3:inst2|lpm_constant2:inst1|lpm_constant:lpm_constant_component
 38. Parameter Settings for User Entity Instance: Device4:inst4|lpm_compare1:inst8|lpm_compare:lpm_compare_component
 39. Parameter Settings for User Entity Instance: Device4:inst4|lpm_counter0:inst3|lpm_counter:lpm_counter_component
 40. Parameter Settings for User Entity Instance: Device4:inst4|lpm_compare0:inst7|lpm_compare:lpm_compare_component
 41. Parameter Settings for User Entity Instance: Device4:inst4|lpm_bustri0:inst6|lpm_bustri:lpm_bustri_component
 42. Parameter Settings for User Entity Instance: Device4:inst4|lpm_dff0:inst|lpm_ff:lpm_ff_component
 43. Parameter Settings for User Entity Instance: Device4:inst4|lpm_constant3:inst1|lpm_constant:lpm_constant_component
 44. Parameter Settings for User Entity Instance: Device3:inst11|lpm_compare1:inst8|lpm_compare:lpm_compare_component
 45. Parameter Settings for User Entity Instance: Device3:inst11|lpm_counter0:inst3|lpm_counter:lpm_counter_component
 46. Parameter Settings for User Entity Instance: Device3:inst11|lpm_compare0:inst7|lpm_compare:lpm_compare_component
 47. Parameter Settings for User Entity Instance: Device3:inst11|lpm_bustri0:inst6|lpm_bustri:lpm_bustri_component
 48. Parameter Settings for User Entity Instance: Device3:inst11|lpm_dff0:inst|lpm_ff:lpm_ff_component
 49. Parameter Settings for User Entity Instance: Device3:inst11|lpm_constant2:inst1|lpm_constant:lpm_constant_component
 50. Parameter Settings for User Entity Instance: lpm_dff1:inst6|lpm_ff:lpm_ff_component
 51. Parameter Settings for User Entity Instance: lpm_dff1:inst5|lpm_ff:lpm_ff_component
 52. Parameter Settings for User Entity Instance: lpm_dff1:inst7|lpm_ff:lpm_ff_component
 53. Analysis & Synthesis Messages



----------------
; Legal Notice ;
----------------
Copyright (C) 1991-2009 Altera Corporation
Your use of Altera Corporation's design tools, logic functions 
and other software and tools, and its AMPP partner logic 
functions, and any output files from any of the foregoing 
(including device programming or simulation files), and any 
associated documentation or information are expressly subject 
to the terms and conditions of the Altera Program License 
Subscription Agreement, Altera MegaCore Function License 
Agreement, or other applicable license agreement, including, 
without limitation, that your use is for the sole purpose of 
programming logic devices manufactured by Altera and sold by 
Altera or its authorized distributors.  Please refer to the 
applicable agreement for further details.



+-------------------------------------------------------------------------+
; Analysis & Synthesis Summary                                            ;
+-------------------------------+-----------------------------------------+
; Analysis & Synthesis Status   ; Successful - Tue Nov 24 13:15:43 2020   ;
; Quartus II Version            ; 9.1 Build 222 10/21/2009 SJ Web Edition ;
; Revision Name                 ; Lab5                                    ;
; Top-level Entity Name         ; MainBlock                               ;
; Family                        ; Stratix II                              ;
; Logic utilization             ; N/A                                     ;
;     Combinational ALUTs       ; 46                                      ;
;     Dedicated logic registers ; 52                                      ;
; Total registers               ; 52                                      ;
; Total pins                    ; 35                                      ;
; Total virtual pins            ; 0                                       ;
; Total block memory bits       ; 0                                       ;
; DSP block 9-bit elements      ; 0                                       ;
; Total PLLs                    ; 0                                       ;
; Total DLLs                    ; 0                                       ;
+-------------------------------+-----------------------------------------+


+----------------------------------------------------------------------------------------------------------------------+
; Analysis & Synthesis Settings                                                                                        ;
+----------------------------------------------------------------------------+--------------------+--------------------+
; Option                                                                     ; Setting            ; Default Value      ;
+----------------------------------------------------------------------------+--------------------+--------------------+
; Top-level entity name                                                      ; MainBlock          ; Lab5               ;
; Family name                                                                ; Stratix II         ; Stratix II         ;
; Use Generated Physical Constraints File                                    ; Off                ;                    ;
; Use smart compilation                                                      ; Off                ; Off                ;
; Enable parallel Assembler and TimeQuest Timing Analyzer during compilation ; On                 ; On                 ;
; Enable compact report table                                                ; Off                ; Off                ;
; Restructure Multiplexers                                                   ; Auto               ; Auto               ;
; Create Debugging Nodes for IP Cores                                        ; Off                ; Off                ;
; Preserve fewer node names                                                  ; On                 ; On                 ;
; Disable OpenCore Plus hardware evaluation                                  ; Off                ; Off                ;
; Verilog Version                                                            ; Verilog_2001       ; Verilog_2001       ;
; VHDL Version                                                               ; VHDL_1993          ; VHDL_1993          ;
; State Machine Processing                                                   ; Auto               ; Auto               ;
; Safe State Machine                                                         ; Off                ; Off                ;
; Extract Verilog State Machines                                             ; On                 ; On                 ;
; Extract VHDL State Machines                                                ; On                 ; On                 ;
; Ignore Verilog initial constructs                                          ; Off                ; Off                ;
; Iteration limit for constant Verilog loops                                 ; 5000               ; 5000               ;
; Iteration limit for non-constant Verilog loops                             ; 250                ; 250                ;
; Add Pass-Through Logic to Inferred RAMs                                    ; On                 ; On                 ;
; Parallel Synthesis                                                         ; On                 ; On                 ;
; DSP Block Balancing                                                        ; Auto               ; Auto               ;
; NOT Gate Push-Back                                                         ; On                 ; On                 ;
; Power-Up Don't Care                                                        ; On                 ; On                 ;
; Remove Redundant Logic Cells                                               ; Off                ; Off                ;
; Remove Duplicate Registers                                                 ; On                 ; On                 ;
; Ignore CARRY Buffers                                                       ; Off                ; Off                ;
; Ignore CASCADE Buffers                                                     ; Off                ; Off                ;
; Ignore GLOBAL Buffers                                                      ; Off                ; Off                ;
; Ignore ROW GLOBAL Buffers                                                  ; Off                ; Off                ;
; Ignore LCELL Buffers                                                       ; Off                ; Off                ;
; Ignore SOFT Buffers                                                        ; On                 ; On                 ;
; Limit AHDL Integers to 32 Bits                                             ; Off                ; Off                ;
; Optimization Technique                                                     ; Balanced           ; Balanced           ;
; Carry Chain Length                                                         ; 70                 ; 70                 ;
; Auto Carry Chains                                                          ; On                 ; On                 ;
; Auto Open-Drain Pins                                                       ; On                 ; On                 ;
; Perform WYSIWYG Primitive Resynthesis                                      ; Off                ; Off                ;
; Auto ROM Replacement                                                       ; On                 ; On                 ;
; Auto RAM Replacement                                                       ; On                 ; On                 ;
; Auto DSP Block Replacement                                                 ; On                 ; On                 ;
; Auto Shift Register Replacement                                            ; Auto               ; Auto               ;
; Auto Clock Enable Replacement                                              ; On                 ; On                 ;
; Strict RAM Replacement                                                     ; Off                ; Off                ;
; Allow Synchronous Control Signals                                          ; On                 ; On                 ;
; Force Use of Synchronous Clear Signals                                     ; Off                ; Off                ;
; Auto RAM Block Balancing                                                   ; On                 ; On                 ;
; Auto RAM to Logic Cell Conversion                                          ; Off                ; Off                ;
; Auto Resource Sharing                                                      ; Off                ; Off                ;
; Allow Any RAM Size For Recognition                                         ; Off                ; Off                ;
; Allow Any ROM Size For Recognition                                         ; Off                ; Off                ;
; Allow Any Shift Register Size For Recognition                              ; Off                ; Off                ;
; Use LogicLock Constraints during Resource Balancing                        ; On                 ; On                 ;
; Ignore translate_off and synthesis_off directives                          ; Off                ; Off                ;
; Timing-Driven Synthesis                                                    ; Off                ; Off                ;
; Show Parameter Settings Tables in Synthesis Report                         ; On                 ; On                 ;
; Ignore Maximum Fan-Out Assignments                                         ; Off                ; Off                ;
; Synchronization Register Chain Length                                      ; 2                  ; 2                  ;
; PowerPlay Power Optimization                                               ; Normal compilation ; Normal compilation ;
; HDL message level                                                          ; Level2             ; Level2             ;
; Suppress Register Optimization Related Messages                            ; Off                ; Off                ;
; Number of Removed Registers Reported in Synthesis Report                   ; 100                ; 100                ;
; Number of Inverted Registers Reported in Synthesis Report                  ; 100                ; 100                ;
; Clock MUX Protection                                                       ; On                 ; On                 ;
; Auto Gated Clock Conversion                                                ; Off                ; Off                ;
; Block Design Naming                                                        ; Auto               ; Auto               ;
; SDC constraint protection                                                  ; Off                ; Off                ;
; Synthesis Effort                                                           ; Auto               ; Auto               ;
; Shift Register Replacement - Allow Asynchronous Clear Signal               ; On                 ; On                 ;
; Analysis & Synthesis Message Level                                         ; Medium             ; Medium             ;
; Disable Register Merging Across Hierarchies                                ; Auto               ; Auto               ;
; Resource Aware Inference For Block RAM                                     ; On                 ; On                 ;
+----------------------------------------------------------------------------+--------------------+--------------------+


Parallel compilation was disabled, but you have multiple processors available. Enable parallel compilation to reduce compilation time.
+-------------------------------------+
; Parallel Compilation                ;
+----------------------------+--------+
; Processors                 ; Number ;
+----------------------------+--------+
; Number detected on machine ; 6      ;
; Maximum allowed            ; 1      ;
+----------------------------+--------+


+-------------------------------------------------------------------------------------------------------------------------------------------------------------+
; Analysis & Synthesis Source Files Read                                                                                                                      ;
+----------------------------------+-----------------+------------------------------------+-------------------------------------------------------------------+
; File Name with User-Entered Path ; Used in Netlist ; File Type                          ; File Name with Absolute Path                                      ;
+----------------------------------+-----------------+------------------------------------+-------------------------------------------------------------------+
; Device1.bdf                      ; yes             ; User Block Diagram/Schematic File  ; C:/Users/maxim/OneDrive/Рабочий стол/сифо/Laba5/Device1.bdf       ;
; Device2.bdf                      ; yes             ; User Block Diagram/Schematic File  ; C:/Users/maxim/OneDrive/Рабочий стол/сифо/Laba5/Device2.bdf       ;
; Device3.bdf                      ; yes             ; User Block Diagram/Schematic File  ; C:/Users/maxim/OneDrive/Рабочий стол/сифо/Laba5/Device3.bdf       ;
; Arbitor.bdf                      ; yes             ; User Block Diagram/Schematic File  ; C:/Users/maxim/OneDrive/Рабочий стол/сифо/Laba5/Arbitor.bdf       ;
; MainBlock.bdf                    ; yes             ; User Block Diagram/Schematic File  ; C:/Users/maxim/OneDrive/Рабочий стол/сифо/Laba5/MainBlock.bdf     ;
; Device4.bdf                      ; yes             ; User Block Diagram/Schematic File  ; C:/Users/maxim/OneDrive/Рабочий стол/сифо/Laba5/Device4.bdf       ;
; lpm_compare1.tdf                 ; yes             ; Auto-Found Wizard-Generated File   ; C:/Users/maxim/OneDrive/Рабочий стол/сифо/Laba5/lpm_compare1.tdf  ;
; lpm_compare.inc                  ; yes             ; Megafunction                       ; c:/altera/91/quartus/libraries/megafunctions/lpm_compare.inc      ;
; lpm_compare.tdf                  ; yes             ; Megafunction                       ; c:/altera/91/quartus/libraries/megafunctions/lpm_compare.tdf      ;
; db/cmpr_i8j.tdf                  ; yes             ; Auto-Generated Megafunction        ; C:/Users/maxim/OneDrive/Рабочий стол/сифо/Laba5/db/cmpr_i8j.tdf   ;
; lpm_counter0.tdf                 ; yes             ; Auto-Found Wizard-Generated File   ; C:/Users/maxim/OneDrive/Рабочий стол/сифо/Laba5/lpm_counter0.tdf  ;
; lpm_counter.inc                  ; yes             ; Megafunction                       ; c:/altera/91/quartus/libraries/megafunctions/lpm_counter.inc      ;
; lpm_counter.tdf                  ; yes             ; Megafunction                       ; c:/altera/91/quartus/libraries/megafunctions/lpm_counter.tdf      ;
; lpm_constant.inc                 ; yes             ; Megafunction                       ; c:/altera/91/quartus/libraries/megafunctions/lpm_constant.inc     ;
; lpm_decode.inc                   ; yes             ; Megafunction                       ; c:/altera/91/quartus/libraries/megafunctions/lpm_decode.inc       ;
; db/cntr_joi.tdf                  ; yes             ; Auto-Generated Megafunction        ; C:/Users/maxim/OneDrive/Рабочий стол/сифо/Laba5/db/cntr_joi.tdf   ;
; lpm_compare0.tdf                 ; yes             ; Auto-Found Wizard-Generated File   ; C:/Users/maxim/OneDrive/Рабочий стол/сифо/Laba5/lpm_compare0.tdf  ;
; lpm_bustri0.tdf                  ; yes             ; Auto-Found Wizard-Generated File   ; C:/Users/maxim/OneDrive/Рабочий стол/сифо/Laba5/lpm_bustri0.tdf   ;
; lpm_bustri.inc                   ; yes             ; Auto-Found AHDL File               ; c:/altera/91/quartus/libraries/megafunctions/lpm_bustri.inc       ;
; lpm_bustri.tdf                   ; yes             ; Megafunction                       ; c:/altera/91/quartus/libraries/megafunctions/lpm_bustri.tdf       ;
; lpm_dff0.tdf                     ; yes             ; Auto-Found Wizard-Generated File   ; C:/Users/maxim/OneDrive/Рабочий стол/сифо/Laba5/lpm_dff0.tdf      ;
; lpm_ff.inc                       ; yes             ; Auto-Found AHDL File               ; c:/altera/91/quartus/libraries/megafunctions/lpm_ff.inc           ;
; lpm_ff.tdf                       ; yes             ; Megafunction                       ; c:/altera/91/quartus/libraries/megafunctions/lpm_ff.tdf           ;
; lpm_constant0.tdf                ; yes             ; Auto-Found Wizard-Generated File   ; C:/Users/maxim/OneDrive/Рабочий стол/сифо/Laba5/lpm_constant0.tdf ;
; lpm_constant.tdf                 ; yes             ; Megafunction                       ; c:/altera/91/quartus/libraries/megafunctions/lpm_constant.tdf     ;
; lpm_decode0.tdf                  ; yes             ; Auto-Found Wizard-Generated File   ; C:/Users/maxim/OneDrive/Рабочий стол/сифо/Laba5/lpm_decode0.tdf   ;
; lpm_decode.tdf                   ; yes             ; Megafunction                       ; c:/altera/91/quartus/libraries/megafunctions/lpm_decode.tdf       ;
; db/decode_e9f.tdf                ; yes             ; Auto-Generated Megafunction        ; C:/Users/maxim/OneDrive/Рабочий стол/сифо/Laba5/db/decode_e9f.tdf ;
; lpm_compare2.tdf                 ; yes             ; Auto-Found Wizard-Generated File   ; C:/Users/maxim/OneDrive/Рабочий стол/сифо/Laba5/lpm_compare2.tdf  ;
; lpm_constant1.tdf                ; yes             ; Auto-Found Wizard-Generated File   ; C:/Users/maxim/OneDrive/Рабочий стол/сифо/Laba5/lpm_constant1.tdf ;
; lpm_constant2.tdf                ; yes             ; Auto-Found Wizard-Generated File   ; C:/Users/maxim/OneDrive/Рабочий стол/сифо/Laba5/lpm_constant2.tdf ;
; lpm_constant3.tdf                ; yes             ; Auto-Found Wizard-Generated File   ; C:/Users/maxim/OneDrive/Рабочий стол/сифо/Laba5/lpm_constant3.tdf ;
; lpm_dff1.tdf                     ; yes             ; Auto-Found Wizard-Generated File   ; C:/Users/maxim/OneDrive/Рабочий стол/сифо/Laba5/lpm_dff1.tdf      ;
+----------------------------------+-----------------+------------------------------------+-------------------------------------------------------------------+


+-------------------------------------------------------+
; Analysis & Synthesis Resource Usage Summary           ;
+-----------------------------------------------+-------+
; Resource                                      ; Usage ;
+-----------------------------------------------+-------+
; Estimated ALUTs Used                          ; 46    ;
; Dedicated logic registers                     ; 52    ;
;                                               ;       ;
; Estimated ALUTs Unavailable                   ; 0     ;
;                                               ;       ;
; Total combinational functions                 ; 46    ;
; Combinational ALUT usage by number of inputs  ;       ;
;     -- 7 input functions                      ; 0     ;
;     -- 6 input functions                      ; 0     ;
;     -- 5 input functions                      ; 8     ;
;     -- 4 input functions                      ; 8     ;
;     -- <=3 input functions                    ; 30    ;
;                                               ;       ;
; Combinational ALUTs by mode                   ;       ;
;     -- normal mode                            ; 22    ;
;     -- extended LUT mode                      ; 0     ;
;     -- arithmetic mode                        ; 24    ;
;     -- shared arithmetic mode                 ; 0     ;
;                                               ;       ;
; Estimated ALUT/register pairs used            ; 61    ;
;                                               ;       ;
; Total registers                               ; 52    ;
;     -- Dedicated logic registers              ; 52    ;
;     -- I/O registers                          ; 0     ;
;                                               ;       ;
; Estimated ALMs:  partially or completely used ; 31    ;
;                                               ;       ;
; I/O pins                                      ; 35    ;
; Maximum fan-out node                          ; clk   ;
; Maximum fan-out                               ; 52    ;
; Total fan-out                                 ; 331   ;
; Average fan-out                               ; 2.49  ;
+-----------------------------------------------+-------+


+----------------------------------------------------------------------------------------------------------------------------------------------------------------------------------------------------------------------------------------------------------------------------------------------------+
; Analysis & Synthesis Resource Utilization by Entity                                                                                                                                                                                                                                                ;
+----------------------------------------------+-------------------+--------------+-------------------+--------------+---------+-----------+-----------+------+--------------+--------------------------------------------------------------------------------------------------------+--------------+
; Compilation Hierarchy Node                   ; LC Combinationals ; LC Registers ; Block Memory Bits ; DSP Elements ; DSP 9x9 ; DSP 18x18 ; DSP 36x36 ; Pins ; Virtual Pins ; Full Hierarchy Name                                                                                    ; Library Name ;
+----------------------------------------------+-------------------+--------------+-------------------+--------------+---------+-----------+-----------+------+--------------+--------------------------------------------------------------------------------------------------------+--------------+
; |MainBlock                                   ; 46 (5)            ; 52 (0)       ; 0                 ; 0            ; 0       ; 0         ; 0         ; 35   ; 0            ; |MainBlock                                                                                             ; work         ;
;    |Arbitor:inst3|                           ; 11 (6)            ; 9 (5)        ; 0                 ; 0            ; 0       ; 0         ; 0         ; 0    ; 0            ; |MainBlock|Arbitor:inst3                                                                               ; work         ;
;       |lpm_compare2:inst1|                   ; 1 (0)             ; 0 (0)        ; 0                 ; 0            ; 0       ; 0         ; 0         ; 0    ; 0            ; |MainBlock|Arbitor:inst3|lpm_compare2:inst1                                                            ; work         ;
;          |lpm_compare:lpm_compare_component| ; 1 (0)             ; 0 (0)        ; 0                 ; 0            ; 0       ; 0         ; 0         ; 0    ; 0            ; |MainBlock|Arbitor:inst3|lpm_compare2:inst1|lpm_compare:lpm_compare_component                          ; work         ;
;             |cmpr_i8j:auto_generated|        ; 1 (1)             ; 0 (0)        ; 0                 ; 0            ; 0       ; 0         ; 0         ; 0    ; 0            ; |MainBlock|Arbitor:inst3|lpm_compare2:inst1|lpm_compare:lpm_compare_component|cmpr_i8j:auto_generated  ; work         ;
;       |lpm_counter0:inst|                    ; 4 (0)             ; 4 (0)        ; 0                 ; 0            ; 0       ; 0         ; 0         ; 0    ; 0            ; |MainBlock|Arbitor:inst3|lpm_counter0:inst                                                             ; work         ;
;          |lpm_counter:lpm_counter_component| ; 4 (0)             ; 4 (0)        ; 0                 ; 0            ; 0       ; 0         ; 0         ; 0    ; 0            ; |MainBlock|Arbitor:inst3|lpm_counter0:inst|lpm_counter:lpm_counter_component                           ; work         ;
;             |cntr_joi:auto_generated|        ; 4 (4)             ; 4 (4)        ; 0                 ; 0            ; 0       ; 0         ; 0         ; 0    ; 0            ; |MainBlock|Arbitor:inst3|lpm_counter0:inst|lpm_counter:lpm_counter_component|cntr_joi:auto_generated   ; work         ;
;    |Device1:inst|                            ; 6 (0)             ; 5 (1)        ; 0                 ; 0            ; 0       ; 0         ; 0         ; 0    ; 0            ; |MainBlock|Device1:inst                                                                                ;              ;
;       |lpm_compare0:inst7|                   ; 1 (0)             ; 0 (0)        ; 0                 ; 0            ; 0       ; 0         ; 0         ; 0    ; 0            ; |MainBlock|Device1:inst|lpm_compare0:inst7                                                             ; work         ;
;          |lpm_compare:lpm_compare_component| ; 1 (0)             ; 0 (0)        ; 0                 ; 0            ; 0       ; 0         ; 0         ; 0    ; 0            ; |MainBlock|Device1:inst|lpm_compare0:inst7|lpm_compare:lpm_compare_component                           ; work         ;
;             |cmpr_i8j:auto_generated|        ; 1 (1)             ; 0 (0)        ; 0                 ; 0            ; 0       ; 0         ; 0         ; 0    ; 0            ; |MainBlock|Device1:inst|lpm_compare0:inst7|lpm_compare:lpm_compare_component|cmpr_i8j:auto_generated   ; work         ;
;       |lpm_compare1:inst8|                   ; 1 (0)             ; 0 (0)        ; 0                 ; 0            ; 0       ; 0         ; 0         ; 0    ; 0            ; |MainBlock|Device1:inst|lpm_compare1:inst8                                                             ; work         ;
;          |lpm_compare:lpm_compare_component| ; 1 (0)             ; 0 (0)        ; 0                 ; 0            ; 0       ; 0         ; 0         ; 0    ; 0            ; |MainBlock|Device1:inst|lpm_compare1:inst8|lpm_compare:lpm_compare_component                           ; work         ;
;             |cmpr_i8j:auto_generated|        ; 1 (1)             ; 0 (0)        ; 0                 ; 0            ; 0       ; 0         ; 0         ; 0    ; 0            ; |MainBlock|Device1:inst|lpm_compare1:inst8|lpm_compare:lpm_compare_component|cmpr_i8j:auto_generated   ; work         ;
;       |lpm_counter0:inst3|                   ; 4 (0)             ; 4 (0)        ; 0                 ; 0            ; 0       ; 0         ; 0         ; 0    ; 0            ; |MainBlock|Device1:inst|lpm_counter0:inst3                                                             ; work         ;
;          |lpm_counter:lpm_counter_component| ; 4 (0)             ; 4 (0)        ; 0                 ; 0            ; 0       ; 0         ; 0         ; 0    ; 0            ; |MainBlock|Device1:inst|lpm_counter0:inst3|lpm_counter:lpm_counter_component                           ; work         ;
;             |cntr_joi:auto_generated|        ; 4 (4)             ; 4 (4)        ; 0                 ; 0            ; 0       ; 0         ; 0         ; 0    ; 0            ; |MainBlock|Device1:inst|lpm_counter0:inst3|lpm_counter:lpm_counter_component|cntr_joi:auto_generated   ; work         ;
;    |Device2:inst1|                           ; 5 (0)             ; 5 (1)        ; 0                 ; 0            ; 0       ; 0         ; 0         ; 0    ; 0            ; |MainBlock|Device2:inst1                                                                               ; work         ;
;       |lpm_compare1:inst8|                   ; 1 (0)             ; 0 (0)        ; 0                 ; 0            ; 0       ; 0         ; 0         ; 0    ; 0            ; |MainBlock|Device2:inst1|lpm_compare1:inst8                                                            ; work         ;
;          |lpm_compare:lpm_compare_component| ; 1 (0)             ; 0 (0)        ; 0                 ; 0            ; 0       ; 0         ; 0         ; 0    ; 0            ; |MainBlock|Device2:inst1|lpm_compare1:inst8|lpm_compare:lpm_compare_component                          ; work         ;
;             |cmpr_i8j:auto_generated|        ; 1 (1)             ; 0 (0)        ; 0                 ; 0            ; 0       ; 0         ; 0         ; 0    ; 0            ; |MainBlock|Device2:inst1|lpm_compare1:inst8|lpm_compare:lpm_compare_component|cmpr_i8j:auto_generated  ; work         ;
;       |lpm_counter0:inst3|                   ; 4 (0)             ; 4 (0)        ; 0                 ; 0            ; 0       ; 0         ; 0         ; 0    ; 0            ; |MainBlock|Device2:inst1|lpm_counter0:inst3                                                            ; work         ;
;          |lpm_counter:lpm_counter_component| ; 4 (0)             ; 4 (0)        ; 0                 ; 0            ; 0       ; 0         ; 0         ; 0    ; 0            ; |MainBlock|Device2:inst1|lpm_counter0:inst3|lpm_counter:lpm_counter_component                          ; work         ;
;             |cntr_joi:auto_generated|        ; 4 (4)             ; 4 (4)        ; 0                 ; 0            ; 0       ; 0         ; 0         ; 0    ; 0            ; |MainBlock|Device2:inst1|lpm_counter0:inst3|lpm_counter:lpm_counter_component|cntr_joi:auto_generated  ; work         ;
;    |Device3:inst11|                          ; 5 (0)             ; 5 (1)        ; 0                 ; 0            ; 0       ; 0         ; 0         ; 0    ; 0            ; |MainBlock|Device3:inst11                                                                              ; work         ;
;       |lpm_compare1:inst8|                   ; 1 (0)             ; 0 (0)        ; 0                 ; 0            ; 0       ; 0         ; 0         ; 0    ; 0            ; |MainBlock|Device3:inst11|lpm_compare1:inst8                                                           ; work         ;
;          |lpm_compare:lpm_compare_component| ; 1 (0)             ; 0 (0)        ; 0                 ; 0            ; 0       ; 0         ; 0         ; 0    ; 0            ; |MainBlock|Device3:inst11|lpm_compare1:inst8|lpm_compare:lpm_compare_component                         ; work         ;
;             |cmpr_i8j:auto_generated|        ; 1 (1)             ; 0 (0)        ; 0                 ; 0            ; 0       ; 0         ; 0         ; 0    ; 0            ; |MainBlock|Device3:inst11|lpm_compare1:inst8|lpm_compare:lpm_compare_component|cmpr_i8j:auto_generated ; work         ;
;       |lpm_counter0:inst3|                   ; 4 (0)             ; 4 (0)        ; 0                 ; 0            ; 0       ; 0         ; 0         ; 0    ; 0            ; |MainBlock|Device3:inst11|lpm_counter0:inst3                                                           ; work         ;
;          |lpm_counter:lpm_counter_component| ; 4 (0)             ; 4 (0)        ; 0                 ; 0            ; 0       ; 0         ; 0         ; 0    ; 0            ; |MainBlock|Device3:inst11|lpm_counter0:inst3|lpm_counter:lpm_counter_component                         ; work         ;
;             |cntr_joi:auto_generated|        ; 4 (4)             ; 4 (4)        ; 0                 ; 0            ; 0       ; 0         ; 0         ; 0    ; 0            ; |MainBlock|Device3:inst11|lpm_counter0:inst3|lpm_counter:lpm_counter_component|cntr_joi:auto_generated ; work         ;
;    |Device3:inst2|                           ; 5 (0)             ; 5 (1)        ; 0                 ; 0            ; 0       ; 0         ; 0         ; 0    ; 0            ; |MainBlock|Device3:inst2                                                                               ; work         ;
;       |lpm_compare1:inst8|                   ; 1 (0)             ; 0 (0)        ; 0                 ; 0            ; 0       ; 0         ; 0         ; 0    ; 0            ; |MainBlock|Device3:inst2|lpm_compare1:inst8                                                            ; work         ;
;          |lpm_compare:lpm_compare_component| ; 1 (0)             ; 0 (0)        ; 0                 ; 0            ; 0       ; 0         ; 0         ; 0    ; 0            ; |MainBlock|Device3:inst2|lpm_compare1:inst8|lpm_compare:lpm_compare_component                          ; work         ;
;             |cmpr_i8j:auto_generated|        ; 1 (1)             ; 0 (0)        ; 0                 ; 0            ; 0       ; 0         ; 0         ; 0    ; 0            ; |MainBlock|Device3:inst2|lpm_compare1:inst8|lpm_compare:lpm_compare_component|cmpr_i8j:auto_generated  ; work         ;
;       |lpm_counter0:inst3|                   ; 4 (0)             ; 4 (0)        ; 0                 ; 0            ; 0       ; 0         ; 0         ; 0    ; 0            ; |MainBlock|Device3:inst2|lpm_counter0:inst3                                                            ; work         ;
;          |lpm_counter:lpm_counter_component| ; 4 (0)             ; 4 (0)        ; 0                 ; 0            ; 0       ; 0         ; 0         ; 0    ; 0            ; |MainBlock|Device3:inst2|lpm_counter0:inst3|lpm_counter:lpm_counter_component                          ; work         ;
;             |cntr_joi:auto_generated|        ; 4 (4)             ; 4 (4)        ; 0                 ; 0            ; 0       ; 0         ; 0         ; 0    ; 0            ; |MainBlock|Device3:inst2|lpm_counter0:inst3|lpm_counter:lpm_counter_component|cntr_joi:auto_generated  ; work         ;
;    |Device4:inst4|                           ; 6 (0)             ; 5 (1)        ; 0                 ; 0            ; 0       ; 0         ; 0         ; 0    ; 0            ; |MainBlock|Device4:inst4                                                                               ; work         ;
;       |lpm_compare0:inst7|                   ; 1 (0)             ; 0 (0)        ; 0                 ; 0            ; 0       ; 0         ; 0         ; 0    ; 0            ; |MainBlock|Device4:inst4|lpm_compare0:inst7                                                            ; work         ;
;          |lpm_compare:lpm_compare_component| ; 1 (0)             ; 0 (0)        ; 0                 ; 0            ; 0       ; 0         ; 0         ; 0    ; 0            ; |MainBlock|Device4:inst4|lpm_compare0:inst7|lpm_compare:lpm_compare_component                          ; work         ;
;             |cmpr_i8j:auto_generated|        ; 1 (1)             ; 0 (0)        ; 0                 ; 0            ; 0       ; 0         ; 0         ; 0    ; 0            ; |MainBlock|Device4:inst4|lpm_compare0:inst7|lpm_compare:lpm_compare_component|cmpr_i8j:auto_generated  ; work         ;
;       |lpm_compare1:inst8|                   ; 1 (0)             ; 0 (0)        ; 0                 ; 0            ; 0       ; 0         ; 0         ; 0    ; 0            ; |MainBlock|Device4:inst4|lpm_compare1:inst8                                                            ; work         ;
;          |lpm_compare:lpm_compare_component| ; 1 (0)             ; 0 (0)        ; 0                 ; 0            ; 0       ; 0         ; 0         ; 0    ; 0            ; |MainBlock|Device4:inst4|lpm_compare1:inst8|lpm_compare:lpm_compare_component                          ; work         ;
;             |cmpr_i8j:auto_generated|        ; 1 (1)             ; 0 (0)        ; 0                 ; 0            ; 0       ; 0         ; 0         ; 0    ; 0            ; |MainBlock|Device4:inst4|lpm_compare1:inst8|lpm_compare:lpm_compare_component|cmpr_i8j:auto_generated  ; work         ;
;       |lpm_counter0:inst3|                   ; 4 (0)             ; 4 (0)        ; 0                 ; 0            ; 0       ; 0         ; 0         ; 0    ; 0            ; |MainBlock|Device4:inst4|lpm_counter0:inst3                                                            ; work         ;
;          |lpm_counter:lpm_counter_component| ; 4 (0)             ; 4 (0)        ; 0                 ; 0            ; 0       ; 0         ; 0         ; 0    ; 0            ; |MainBlock|Device4:inst4|lpm_counter0:inst3|lpm_counter:lpm_counter_component                          ; work         ;
;             |cntr_joi:auto_generated|        ; 4 (4)             ; 4 (4)        ; 0                 ; 0            ; 0       ; 0         ; 0         ; 0    ; 0            ; |MainBlock|Device4:inst4|lpm_counter0:inst3|lpm_counter:lpm_counter_component|cntr_joi:auto_generated  ; work         ;
;    |lpm_dff1:inst5|                          ; 1 (0)             ; 6 (0)        ; 0                 ; 0            ; 0       ; 0         ; 0         ; 0    ; 0            ; |MainBlock|lpm_dff1:inst5                                                                              ; work         ;
;       |lpm_ff:lpm_ff_component|              ; 1 (1)             ; 6 (6)        ; 0                 ; 0            ; 0       ; 0         ; 0         ; 0    ; 0            ; |MainBlock|lpm_dff1:inst5|lpm_ff:lpm_ff_component                                                      ; work         ;
;    |lpm_dff1:inst6|                          ; 1 (0)             ; 6 (0)        ; 0                 ; 0            ; 0       ; 0         ; 0         ; 0    ; 0            ; |MainBlock|lpm_dff1:inst6                                                                              ; work         ;
;       |lpm_ff:lpm_ff_component|              ; 1 (1)             ; 6 (6)        ; 0                 ; 0            ; 0       ; 0         ; 0         ; 0    ; 0            ; |MainBlock|lpm_dff1:inst6|lpm_ff:lpm_ff_component                                                      ; work         ;
;    |lpm_dff1:inst7|                          ; 1 (0)             ; 6 (0)        ; 0                 ; 0            ; 0       ; 0         ; 0         ; 0    ; 0            ; |MainBlock|lpm_dff1:inst7                                                                              ; work         ;
;       |lpm_ff:lpm_ff_component|              ; 1 (1)             ; 6 (6)        ; 0                 ; 0            ; 0       ; 0         ; 0         ; 0    ; 0            ; |MainBlock|lpm_dff1:inst7|lpm_ff:lpm_ff_component                                                      ; work         ;
+----------------------------------------------+-------------------+--------------+-------------------+--------------+---------+-----------+-----------+------+--------------+--------------------------------------------------------------------------------------------------------+--------------+
Note: For table entries with two numbers listed, the numbers in parentheses indicate the number of resources of the given type used by the specific entity alone. The numbers listed outside of parentheses indicate the total resources of the given type used by the specific entity and all of its sub-entities in the hierarchy.


+----------------------------------------------------------------------------------------------------------+
; Registers Removed During Synthesis                                                                       ;
+-----------------------------------------------------------------+----------------------------------------+
; Register name                                                   ; Reason for Removal                     ;
+-----------------------------------------------------------------+----------------------------------------+
; Device3:inst11|lpm_dff0:inst|lpm_ff:lpm_ff_component|dffs[6..7] ; Stuck at GND due to stuck port data_in ;
; Device3:inst11|lpm_dff0:inst|lpm_ff:lpm_ff_component|dffs[4..5] ; Stuck at VCC due to stuck port data_in ;
; Device3:inst11|lpm_dff0:inst|lpm_ff:lpm_ff_component|dffs[3]    ; Stuck at GND due to stuck port data_in ;
; Device3:inst11|lpm_dff0:inst|lpm_ff:lpm_ff_component|dffs[0..2] ; Stuck at VCC due to stuck port data_in ;
; Device4:inst4|lpm_dff0:inst|lpm_ff:lpm_ff_component|dffs[6..7]  ; Stuck at GND due to stuck port data_in ;
; Device4:inst4|lpm_dff0:inst|lpm_ff:lpm_ff_component|dffs[5]     ; Stuck at VCC due to stuck port data_in ;
; Device4:inst4|lpm_dff0:inst|lpm_ff:lpm_ff_component|dffs[4]     ; Stuck at GND due to stuck port data_in ;
; Device4:inst4|lpm_dff0:inst|lpm_ff:lpm_ff_component|dffs[2..3]  ; Stuck at VCC due to stuck port data_in ;
; Device4:inst4|lpm_dff0:inst|lpm_ff:lpm_ff_component|dffs[0..1]  ; Stuck at GND due to stuck port data_in ;
; Device3:inst2|lpm_dff0:inst|lpm_ff:lpm_ff_component|dffs[6..7]  ; Stuck at GND due to stuck port data_in ;
; Device3:inst2|lpm_dff0:inst|lpm_ff:lpm_ff_component|dffs[4..5]  ; Stuck at VCC due to stuck port data_in ;
; Device3:inst2|lpm_dff0:inst|lpm_ff:lpm_ff_component|dffs[3]     ; Stuck at GND due to stuck port data_in ;
; Device3:inst2|lpm_dff0:inst|lpm_ff:lpm_ff_component|dffs[0..2]  ; Stuck at VCC due to stuck port data_in ;
; Device2:inst1|lpm_dff0:inst|lpm_ff:lpm_ff_component|dffs[5..7]  ; Stuck at GND due to stuck port data_in ;
; Device2:inst1|lpm_dff0:inst|lpm_ff:lpm_ff_component|dffs[4]     ; Stuck at VCC due to stuck port data_in ;
; Device2:inst1|lpm_dff0:inst|lpm_ff:lpm_ff_component|dffs[3]     ; Stuck at GND due to stuck port data_in ;
; Device2:inst1|lpm_dff0:inst|lpm_ff:lpm_ff_component|dffs[1..2]  ; Stuck at VCC due to stuck port data_in ;
; Device2:inst1|lpm_dff0:inst|lpm_ff:lpm_ff_component|dffs[0]     ; Stuck at GND due to stuck port data_in ;
; Device1:inst|lpm_dff0:inst|lpm_ff:lpm_ff_component|dffs[4..7]   ; Stuck at GND due to stuck port data_in ;
; Device1:inst|lpm_dff0:inst|lpm_ff:lpm_ff_component|dffs[3]      ; Stuck at VCC due to stuck port data_in ;
; Device1:inst|lpm_dff0:inst|lpm_ff:lpm_ff_component|dffs[2]      ; Stuck at GND due to stuck port data_in ;
; Device1:inst|lpm_dff0:inst|lpm_ff:lpm_ff_component|dffs[0..1]   ; Stuck at VCC due to stuck port data_in ;
; lpm_dff1:inst7|lpm_ff:lpm_ff_component|dffs[6..7]               ; Stuck at GND due to stuck port data_in ;
; lpm_dff1:inst5|lpm_ff:lpm_ff_component|dffs[6..7]               ; Stuck at GND due to stuck port data_in ;
; lpm_dff1:inst6|lpm_ff:lpm_ff_component|dffs[6..7]               ; Stuck at GND due to stuck port data_in ;
; Total Number of Removed Registers = 46                          ;                                        ;
+-----------------------------------------------------------------+----------------------------------------+


+--------------------------------------------------------------------------------------------------------------------------------------------+
; Removed Registers Triggering Further Register Optimizations                                                                                ;
+--------------------------------------------------------------+---------------------------+-------------------------------------------------+
; Register name                                                ; Reason for Removal        ; Registers Removed due to This Register          ;
+--------------------------------------------------------------+---------------------------+-------------------------------------------------+
; Device3:inst11|lpm_dff0:inst|lpm_ff:lpm_ff_component|dffs[7] ; Stuck at GND              ; lpm_dff1:inst7|lpm_ff:lpm_ff_component|dffs[7], ;
;                                                              ; due to stuck port data_in ; lpm_dff1:inst5|lpm_ff:lpm_ff_component|dffs[7], ;
;                                                              ;                           ; lpm_dff1:inst6|lpm_ff:lpm_ff_component|dffs[7]  ;
; Device3:inst11|lpm_dff0:inst|lpm_ff:lpm_ff_component|dffs[6] ; Stuck at GND              ; lpm_dff1:inst7|lpm_ff:lpm_ff_component|dffs[6], ;
;                                                              ; due to stuck port data_in ; lpm_dff1:inst5|lpm_ff:lpm_ff_component|dffs[6], ;
;                                                              ;                           ; lpm_dff1:inst6|lpm_ff:lpm_ff_component|dffs[6]  ;
+--------------------------------------------------------------+---------------------------+-------------------------------------------------+


+------------------------------------------------------+
; General Register Statistics                          ;
+----------------------------------------------+-------+
; Statistic                                    ; Value ;
+----------------------------------------------+-------+
; Total registers                              ; 52    ;
; Number of registers using Synchronous Clear  ; 0     ;
; Number of registers using Synchronous Load   ; 0     ;
; Number of registers using Asynchronous Clear ; 34    ;
; Number of registers using Asynchronous Load  ; 0     ;
; Number of registers using Clock Enable       ; 52    ;
; Number of registers using Preset             ; 0     ;
+----------------------------------------------+-------+


+------------------------------------------------------------------------------------------+
; Source assignments for Device1:inst|lpm_counter0:inst3|lpm_counter:lpm_counter_component ;
+---------------------------+-------+------+-----------------------------------------------+
; Assignment                ; Value ; From ; To                                            ;
+---------------------------+-------+------+-----------------------------------------------+
; SUPPRESS_DA_RULE_INTERNAL ; a101  ; -    ; -                                             ;
; SUPPRESS_DA_RULE_INTERNAL ; s102  ; -    ; -                                             ;
; SUPPRESS_DA_RULE_INTERNAL ; s103  ; -    ; -                                             ;
+---------------------------+-------+------+-----------------------------------------------+


+------------------------------------------------------------------------------------------+
; Source assignments for Arbitor:inst3|lpm_counter0:inst|lpm_counter:lpm_counter_component ;
+---------------------------+-------+------+-----------------------------------------------+
; Assignment                ; Value ; From ; To                                            ;
+---------------------------+-------+------+-----------------------------------------------+
; SUPPRESS_DA_RULE_INTERNAL ; a101  ; -    ; -                                             ;
; SUPPRESS_DA_RULE_INTERNAL ; s102  ; -    ; -                                             ;
; SUPPRESS_DA_RULE_INTERNAL ; s103  ; -    ; -                                             ;
+---------------------------+-------+------+-----------------------------------------------+


+-------------------------------------------------------------------------------------------+
; Source assignments for Device2:inst1|lpm_counter0:inst3|lpm_counter:lpm_counter_component ;
+---------------------------+-------+------+------------------------------------------------+
; Assignment                ; Value ; From ; To                                             ;
+---------------------------+-------+------+------------------------------------------------+
; SUPPRESS_DA_RULE_INTERNAL ; a101  ; -    ; -                                              ;
; SUPPRESS_DA_RULE_INTERNAL ; s102  ; -    ; -                                              ;
; SUPPRESS_DA_RULE_INTERNAL ; s103  ; -    ; -                                              ;
+---------------------------+-------+------+------------------------------------------------+


+-------------------------------------------------------------------------------------------+
; Source assignments for Device3:inst2|lpm_counter0:inst3|lpm_counter:lpm_counter_component ;
+---------------------------+-------+------+------------------------------------------------+
; Assignment                ; Value ; From ; To                                             ;
+---------------------------+-------+------+------------------------------------------------+
; SUPPRESS_DA_RULE_INTERNAL ; a101  ; -    ; -                                              ;
; SUPPRESS_DA_RULE_INTERNAL ; s102  ; -    ; -                                              ;
; SUPPRESS_DA_RULE_INTERNAL ; s103  ; -    ; -                                              ;
+---------------------------+-------+------+------------------------------------------------+


+-------------------------------------------------------------------------------------------+
; Source assignments for Device4:inst4|lpm_counter0:inst3|lpm_counter:lpm_counter_component ;
+---------------------------+-------+------+------------------------------------------------+
; Assignment                ; Value ; From ; To                                             ;
+---------------------------+-------+------+------------------------------------------------+
; SUPPRESS_DA_RULE_INTERNAL ; a101  ; -    ; -                                              ;
; SUPPRESS_DA_RULE_INTERNAL ; s102  ; -    ; -                                              ;
; SUPPRESS_DA_RULE_INTERNAL ; s103  ; -    ; -                                              ;
+---------------------------+-------+------+------------------------------------------------+


+--------------------------------------------------------------------------------------------+
; Source assignments for Device3:inst11|lpm_counter0:inst3|lpm_counter:lpm_counter_component ;
+---------------------------+-------+------+-------------------------------------------------+
; Assignment                ; Value ; From ; To                                              ;
+---------------------------+-------+------+-------------------------------------------------+
; SUPPRESS_DA_RULE_INTERNAL ; a101  ; -    ; -                                               ;
; SUPPRESS_DA_RULE_INTERNAL ; s102  ; -    ; -                                               ;
; SUPPRESS_DA_RULE_INTERNAL ; s103  ; -    ; -                                               ;
+---------------------------+-------+------+-------------------------------------------------+


+----------------------------------------------------------------------------------------------------------------+
; Parameter Settings for User Entity Instance: Device1:inst|lpm_compare1:inst8|lpm_compare:lpm_compare_component ;
+------------------------+------------+--------------------------------------------------------------------------+
; Parameter Name         ; Value      ; Type                                                                     ;
+------------------------+------------+--------------------------------------------------------------------------+
; lpm_width              ; 4          ; Untyped                                                                  ;
; LPM_REPRESENTATION     ; UNSIGNED   ; Untyped                                                                  ;
; LPM_PIPELINE           ; 0          ; Untyped                                                                  ;
; CHAIN_SIZE             ; 8          ; Untyped                                                                  ;
; ONE_INPUT_IS_CONSTANT  ; YES        ; Untyped                                                                  ;
; CARRY_CHAIN            ; MANUAL     ; Untyped                                                                  ;
; CASCADE_CHAIN          ; MANUAL     ; Untyped                                                                  ;
; CARRY_CHAIN_LENGTH     ; 48         ; CARRY_CHAIN_LENGTH                                                       ;
; CASCADE_CHAIN_LENGTH   ; 2          ; CASCADE_CHAIN_LENGTH                                                     ;
; DEVICE_FAMILY          ; Stratix II ; Untyped                                                                  ;
; CBXI_PARAMETER         ; cmpr_i8j   ; Untyped                                                                  ;
; AUTO_CARRY_CHAINS      ; ON         ; AUTO_CARRY                                                               ;
; IGNORE_CARRY_BUFFERS   ; OFF        ; IGNORE_CARRY                                                             ;
; AUTO_CASCADE_CHAINS    ; ON         ; AUTO_CASCADE                                                             ;
; IGNORE_CASCADE_BUFFERS ; OFF        ; IGNORE_CASCADE                                                           ;
+------------------------+------------+--------------------------------------------------------------------------+
Note: In order to hide this table in the UI and the text report file, please set the "Show Parameter Settings Tables in Synthesis Report" option in "Analysis and Synthesis Settings -> More Settings" to "Off".


+----------------------------------------------------------------------------------------------------------------+
; Parameter Settings for User Entity Instance: Device1:inst|lpm_counter0:inst3|lpm_counter:lpm_counter_component ;
+------------------------+-------------+-------------------------------------------------------------------------+
; Parameter Name         ; Value       ; Type                                                                    ;
+------------------------+-------------+-------------------------------------------------------------------------+
; AUTO_CARRY_CHAINS      ; ON          ; AUTO_CARRY                                                              ;
; IGNORE_CARRY_BUFFERS   ; OFF         ; IGNORE_CARRY                                                            ;
; AUTO_CASCADE_CHAINS    ; ON          ; AUTO_CASCADE                                                            ;
; IGNORE_CASCADE_BUFFERS ; OFF         ; IGNORE_CASCADE                                                          ;
; LPM_WIDTH              ; 4           ; Untyped                                                                 ;
; LPM_DIRECTION          ; UP          ; Untyped                                                                 ;
; LPM_MODULUS            ; 0           ; Untyped                                                                 ;
; LPM_AVALUE             ; UNUSED      ; Untyped                                                                 ;
; LPM_SVALUE             ; UNUSED      ; Untyped                                                                 ;
; LPM_PORT_UPDOWN        ; PORT_UNUSED ; Untyped                                                                 ;
; DEVICE_FAMILY          ; Stratix II  ; Untyped                                                                 ;
; CARRY_CHAIN            ; MANUAL      ; Untyped                                                                 ;
; CARRY_CHAIN_LENGTH     ; 48          ; CARRY_CHAIN_LENGTH                                                      ;
; NOT_GATE_PUSH_BACK     ; ON          ; NOT_GATE_PUSH_BACK                                                      ;
; CARRY_CNT_EN           ; SMART       ; Untyped                                                                 ;
; LABWIDE_SCLR           ; ON          ; Untyped                                                                 ;
; USE_NEW_VERSION        ; TRUE        ; Untyped                                                                 ;
; CBXI_PARAMETER         ; cntr_joi    ; Untyped                                                                 ;
+------------------------+-------------+-------------------------------------------------------------------------+
Note: In order to hide this table in the UI and the text report file, please set the "Show Parameter Settings Tables in Synthesis Report" option in "Analysis and Synthesis Settings -> More Settings" to "Off".


+----------------------------------------------------------------------------------------------------------------+
; Parameter Settings for User Entity Instance: Device1:inst|lpm_compare0:inst7|lpm_compare:lpm_compare_component ;
+------------------------+------------+--------------------------------------------------------------------------+
; Parameter Name         ; Value      ; Type                                                                     ;
+------------------------+------------+--------------------------------------------------------------------------+
; lpm_width              ; 4          ; Untyped                                                                  ;
; LPM_REPRESENTATION     ; UNSIGNED   ; Untyped                                                                  ;
; LPM_PIPELINE           ; 0          ; Untyped                                                                  ;
; CHAIN_SIZE             ; 8          ; Untyped                                                                  ;
; ONE_INPUT_IS_CONSTANT  ; YES        ; Untyped                                                                  ;
; CARRY_CHAIN            ; MANUAL     ; Untyped                                                                  ;
; CASCADE_CHAIN          ; MANUAL     ; Untyped                                                                  ;
; CARRY_CHAIN_LENGTH     ; 48         ; CARRY_CHAIN_LENGTH                                                       ;
; CASCADE_CHAIN_LENGTH   ; 2          ; CASCADE_CHAIN_LENGTH                                                     ;
; DEVICE_FAMILY          ; Stratix II ; Untyped                                                                  ;
; CBXI_PARAMETER         ; cmpr_i8j   ; Untyped                                                                  ;
; AUTO_CARRY_CHAINS      ; ON         ; AUTO_CARRY                                                               ;
; IGNORE_CARRY_BUFFERS   ; OFF        ; IGNORE_CARRY                                                             ;
; AUTO_CASCADE_CHAINS    ; ON         ; AUTO_CASCADE                                                             ;
; IGNORE_CASCADE_BUFFERS ; OFF        ; IGNORE_CASCADE                                                           ;
+------------------------+------------+--------------------------------------------------------------------------+
Note: In order to hide this table in the UI and the text report file, please set the "Show Parameter Settings Tables in Synthesis Report" option in "Analysis and Synthesis Settings -> More Settings" to "Off".


+-------------------------------------------------------------------------------------------------------------+
; Parameter Settings for User Entity Instance: Device1:inst|lpm_bustri0:inst6|lpm_bustri:lpm_bustri_component ;
+----------------+-------+------------------------------------------------------------------------------------+
; Parameter Name ; Value ; Type                                                                               ;
+----------------+-------+------------------------------------------------------------------------------------+
; LPM_WIDTH      ; 8     ; Untyped                                                                            ;
+----------------+-------+------------------------------------------------------------------------------------+
Note: In order to hide this table in the UI and the text report file, please set the "Show Parameter Settings Tables in Synthesis Report" option in "Analysis and Synthesis Settings -> More Settings" to "Off".


+-------------------------------------------------------------------------------------------------+
; Parameter Settings for User Entity Instance: Device1:inst|lpm_dff0:inst|lpm_ff:lpm_ff_component ;
+------------------------+------------+-----------------------------------------------------------+
; Parameter Name         ; Value      ; Type                                                      ;
+------------------------+------------+-----------------------------------------------------------+
; LPM_WIDTH              ; 8          ; Untyped                                                   ;
; LPM_AVALUE             ; UNUSED     ; Untyped                                                   ;
; LPM_SVALUE             ; UNUSED     ; Untyped                                                   ;
; LPM_FFTYPE             ; DFF        ; Untyped                                                   ;
; DEVICE_FAMILY          ; Stratix II ; Untyped                                                   ;
; CBXI_PARAMETER         ; NOTHING    ; Untyped                                                   ;
; AUTO_CARRY_CHAINS      ; ON         ; AUTO_CARRY                                                ;
; IGNORE_CARRY_BUFFERS   ; OFF        ; IGNORE_CARRY                                              ;
; AUTO_CASCADE_CHAINS    ; ON         ; AUTO_CASCADE                                              ;
; IGNORE_CASCADE_BUFFERS ; OFF        ; IGNORE_CASCADE                                            ;
+------------------------+------------+-----------------------------------------------------------+
Note: In order to hide this table in the UI and the text report file, please set the "Show Parameter Settings Tables in Synthesis Report" option in "Analysis and Synthesis Settings -> More Settings" to "Off".


+-------------------------------------------------------------------------------------------------------------------+
; Parameter Settings for User Entity Instance: Device1:inst|lpm_constant0:inst2|lpm_constant:lpm_constant_component ;
+--------------------+------------------+---------------------------------------------------------------------------+
; Parameter Name     ; Value            ; Type                                                                      ;
+--------------------+------------------+---------------------------------------------------------------------------+
; LPM_WIDTH          ; 8                ; Untyped                                                                   ;
; LPM_CVALUE         ; 11               ; Untyped                                                                   ;
; ENABLE_RUNTIME_MOD ; NO               ; Untyped                                                                   ;
; CBXI_PARAMETER     ; lpm_constant_ch6 ; Untyped                                                                   ;
+--------------------+------------------+---------------------------------------------------------------------------+
Note: In order to hide this table in the UI and the text report file, please set the "Show Parameter Settings Tables in Synthesis Report" option in "Analysis and Synthesis Settings -> More Settings" to "Off".


+---------------------------------------------------------------------------------------------------------------+
; Parameter Settings for User Entity Instance: Arbitor:inst3|lpm_decode0:inst10|lpm_decode:lpm_decode_component ;
+------------------------+------------+-------------------------------------------------------------------------+
; Parameter Name         ; Value      ; Type                                                                    ;
+------------------------+------------+-------------------------------------------------------------------------+
; LPM_WIDTH              ; 4          ; Untyped                                                                 ;
; LPM_DECODES            ; 16         ; Untyped                                                                 ;
; LPM_PIPELINE           ; 0          ; Untyped                                                                 ;
; CASCADE_CHAIN          ; MANUAL     ; Untyped                                                                 ;
; DEVICE_FAMILY          ; Stratix II ; Untyped                                                                 ;
; CBXI_PARAMETER         ; decode_e9f ; Untyped                                                                 ;
; AUTO_CARRY_CHAINS      ; ON         ; AUTO_CARRY                                                              ;
; IGNORE_CARRY_BUFFERS   ; OFF        ; IGNORE_CARRY                                                            ;
; AUTO_CASCADE_CHAINS    ; ON         ; AUTO_CASCADE                                                            ;
; IGNORE_CASCADE_BUFFERS ; OFF        ; IGNORE_CASCADE                                                          ;
+------------------------+------------+-------------------------------------------------------------------------+
Note: In order to hide this table in the UI and the text report file, please set the "Show Parameter Settings Tables in Synthesis Report" option in "Analysis and Synthesis Settings -> More Settings" to "Off".


+----------------------------------------------------------------------------------------------------------------+
; Parameter Settings for User Entity Instance: Arbitor:inst3|lpm_counter0:inst|lpm_counter:lpm_counter_component ;
+------------------------+-------------+-------------------------------------------------------------------------+
; Parameter Name         ; Value       ; Type                                                                    ;
+------------------------+-------------+-------------------------------------------------------------------------+
; AUTO_CARRY_CHAINS      ; ON          ; AUTO_CARRY                                                              ;
; IGNORE_CARRY_BUFFERS   ; OFF         ; IGNORE_CARRY                                                            ;
; AUTO_CASCADE_CHAINS    ; ON          ; AUTO_CASCADE                                                            ;
; IGNORE_CASCADE_BUFFERS ; OFF         ; IGNORE_CASCADE                                                          ;
; LPM_WIDTH              ; 4           ; Untyped                                                                 ;
; LPM_DIRECTION          ; UP          ; Untyped                                                                 ;
; LPM_MODULUS            ; 0           ; Untyped                                                                 ;
; LPM_AVALUE             ; UNUSED      ; Untyped                                                                 ;
; LPM_SVALUE             ; UNUSED      ; Untyped                                                                 ;
; LPM_PORT_UPDOWN        ; PORT_UNUSED ; Untyped                                                                 ;
; DEVICE_FAMILY          ; Stratix II  ; Untyped                                                                 ;
; CARRY_CHAIN            ; MANUAL      ; Untyped                                                                 ;
; CARRY_CHAIN_LENGTH     ; 48          ; CARRY_CHAIN_LENGTH                                                      ;
; NOT_GATE_PUSH_BACK     ; ON          ; NOT_GATE_PUSH_BACK                                                      ;
; CARRY_CNT_EN           ; SMART       ; Untyped                                                                 ;
; LABWIDE_SCLR           ; ON          ; Untyped                                                                 ;
; USE_NEW_VERSION        ; TRUE        ; Untyped                                                                 ;
; CBXI_PARAMETER         ; cntr_joi    ; Untyped                                                                 ;
+------------------------+-------------+-------------------------------------------------------------------------+
Note: In order to hide this table in the UI and the text report file, please set the "Show Parameter Settings Tables in Synthesis Report" option in "Analysis and Synthesis Settings -> More Settings" to "Off".


+-----------------------------------------------------------------------------------------------------------------+
; Parameter Settings for User Entity Instance: Arbitor:inst3|lpm_compare2:inst1|lpm_compare:lpm_compare_component ;
+------------------------+------------+---------------------------------------------------------------------------+
; Parameter Name         ; Value      ; Type                                                                      ;
+------------------------+------------+---------------------------------------------------------------------------+
; lpm_width              ; 4          ; Untyped                                                                   ;
; LPM_REPRESENTATION     ; UNSIGNED   ; Untyped                                                                   ;
; LPM_PIPELINE           ; 0          ; Untyped                                                                   ;
; CHAIN_SIZE             ; 8          ; Untyped                                                                   ;
; ONE_INPUT_IS_CONSTANT  ; YES        ; Untyped                                                                   ;
; CARRY_CHAIN            ; MANUAL     ; Untyped                                                                   ;
; CASCADE_CHAIN          ; MANUAL     ; Untyped                                                                   ;
; CARRY_CHAIN_LENGTH     ; 48         ; CARRY_CHAIN_LENGTH                                                        ;
; CASCADE_CHAIN_LENGTH   ; 2          ; CASCADE_CHAIN_LENGTH                                                      ;
; DEVICE_FAMILY          ; Stratix II ; Untyped                                                                   ;
; CBXI_PARAMETER         ; cmpr_i8j   ; Untyped                                                                   ;
; AUTO_CARRY_CHAINS      ; ON         ; AUTO_CARRY                                                                ;
; IGNORE_CARRY_BUFFERS   ; OFF        ; IGNORE_CARRY                                                              ;
; AUTO_CASCADE_CHAINS    ; ON         ; AUTO_CASCADE                                                              ;
; IGNORE_CASCADE_BUFFERS ; OFF        ; IGNORE_CASCADE                                                            ;
+------------------------+------------+---------------------------------------------------------------------------+
Note: In order to hide this table in the UI and the text report file, please set the "Show Parameter Settings Tables in Synthesis Report" option in "Analysis and Synthesis Settings -> More Settings" to "Off".


+-----------------------------------------------------------------------------------------------------------------+
; Parameter Settings for User Entity Instance: Device2:inst1|lpm_compare1:inst8|lpm_compare:lpm_compare_component ;
+------------------------+------------+---------------------------------------------------------------------------+
; Parameter Name         ; Value      ; Type                                                                      ;
+------------------------+------------+---------------------------------------------------------------------------+
; lpm_width              ; 4          ; Untyped                                                                   ;
; LPM_REPRESENTATION     ; UNSIGNED   ; Untyped                                                                   ;
; LPM_PIPELINE           ; 0          ; Untyped                                                                   ;
; CHAIN_SIZE             ; 8          ; Untyped                                                                   ;
; ONE_INPUT_IS_CONSTANT  ; YES        ; Untyped                                                                   ;
; CARRY_CHAIN            ; MANUAL     ; Untyped                                                                   ;
; CASCADE_CHAIN          ; MANUAL     ; Untyped                                                                   ;
; CARRY_CHAIN_LENGTH     ; 48         ; CARRY_CHAIN_LENGTH                                                        ;
; CASCADE_CHAIN_LENGTH   ; 2          ; CASCADE_CHAIN_LENGTH                                                      ;
; DEVICE_FAMILY          ; Stratix II ; Untyped                                                                   ;
; CBXI_PARAMETER         ; cmpr_i8j   ; Untyped                                                                   ;
; AUTO_CARRY_CHAINS      ; ON         ; AUTO_CARRY                                                                ;
; IGNORE_CARRY_BUFFERS   ; OFF        ; IGNORE_CARRY                                                              ;
; AUTO_CASCADE_CHAINS    ; ON         ; AUTO_CASCADE                                                              ;
; IGNORE_CASCADE_BUFFERS ; OFF        ; IGNORE_CASCADE                                                            ;
+------------------------+------------+---------------------------------------------------------------------------+
Note: In order to hide this table in the UI and the text report file, please set the "Show Parameter Settings Tables in Synthesis Report" option in "Analysis and Synthesis Settings -> More Settings" to "Off".


+-----------------------------------------------------------------------------------------------------------------+
; Parameter Settings for User Entity Instance: Device2:inst1|lpm_counter0:inst3|lpm_counter:lpm_counter_component ;
+------------------------+-------------+--------------------------------------------------------------------------+
; Parameter Name         ; Value       ; Type                                                                     ;
+------------------------+-------------+--------------------------------------------------------------------------+
; AUTO_CARRY_CHAINS      ; ON          ; AUTO_CARRY                                                               ;
; IGNORE_CARRY_BUFFERS   ; OFF         ; IGNORE_CARRY                                                             ;
; AUTO_CASCADE_CHAINS    ; ON          ; AUTO_CASCADE                                                             ;
; IGNORE_CASCADE_BUFFERS ; OFF         ; IGNORE_CASCADE                                                           ;
; LPM_WIDTH              ; 4           ; Untyped                                                                  ;
; LPM_DIRECTION          ; UP          ; Untyped                                                                  ;
; LPM_MODULUS            ; 0           ; Untyped                                                                  ;
; LPM_AVALUE             ; UNUSED      ; Untyped                                                                  ;
; LPM_SVALUE             ; UNUSED      ; Untyped                                                                  ;
; LPM_PORT_UPDOWN        ; PORT_UNUSED ; Untyped                                                                  ;
; DEVICE_FAMILY          ; Stratix II  ; Untyped                                                                  ;
; CARRY_CHAIN            ; MANUAL      ; Untyped                                                                  ;
; CARRY_CHAIN_LENGTH     ; 48          ; CARRY_CHAIN_LENGTH                                                       ;
; NOT_GATE_PUSH_BACK     ; ON          ; NOT_GATE_PUSH_BACK                                                       ;
; CARRY_CNT_EN           ; SMART       ; Untyped                                                                  ;
; LABWIDE_SCLR           ; ON          ; Untyped                                                                  ;
; USE_NEW_VERSION        ; TRUE        ; Untyped                                                                  ;
; CBXI_PARAMETER         ; cntr_joi    ; Untyped                                                                  ;
+------------------------+-------------+--------------------------------------------------------------------------+
Note: In order to hide this table in the UI and the text report file, please set the "Show Parameter Settings Tables in Synthesis Report" option in "Analysis and Synthesis Settings -> More Settings" to "Off".


+-----------------------------------------------------------------------------------------------------------------+
; Parameter Settings for User Entity Instance: Device2:inst1|lpm_compare0:inst7|lpm_compare:lpm_compare_component ;
+------------------------+------------+---------------------------------------------------------------------------+
; Parameter Name         ; Value      ; Type                                                                      ;
+------------------------+------------+---------------------------------------------------------------------------+
; lpm_width              ; 4          ; Untyped                                                                   ;
; LPM_REPRESENTATION     ; UNSIGNED   ; Untyped                                                                   ;
; LPM_PIPELINE           ; 0          ; Untyped                                                                   ;
; CHAIN_SIZE             ; 8          ; Untyped                                                                   ;
; ONE_INPUT_IS_CONSTANT  ; YES        ; Untyped                                                                   ;
; CARRY_CHAIN            ; MANUAL     ; Untyped                                                                   ;
; CASCADE_CHAIN          ; MANUAL     ; Untyped                                                                   ;
; CARRY_CHAIN_LENGTH     ; 48         ; CARRY_CHAIN_LENGTH                                                        ;
; CASCADE_CHAIN_LENGTH   ; 2          ; CASCADE_CHAIN_LENGTH                                                      ;
; DEVICE_FAMILY          ; Stratix II ; Untyped                                                                   ;
; CBXI_PARAMETER         ; cmpr_i8j   ; Untyped                                                                   ;
; AUTO_CARRY_CHAINS      ; ON         ; AUTO_CARRY                                                                ;
; IGNORE_CARRY_BUFFERS   ; OFF        ; IGNORE_CARRY                                                              ;
; AUTO_CASCADE_CHAINS    ; ON         ; AUTO_CASCADE                                                              ;
; IGNORE_CASCADE_BUFFERS ; OFF        ; IGNORE_CASCADE                                                            ;
+------------------------+------------+---------------------------------------------------------------------------+
Note: In order to hide this table in the UI and the text report file, please set the "Show Parameter Settings Tables in Synthesis Report" option in "Analysis and Synthesis Settings -> More Settings" to "Off".


+--------------------------------------------------------------------------------------------------------------+
; Parameter Settings for User Entity Instance: Device2:inst1|lpm_bustri0:inst6|lpm_bustri:lpm_bustri_component ;
+----------------+-------+-------------------------------------------------------------------------------------+
; Parameter Name ; Value ; Type                                                                                ;
+----------------+-------+-------------------------------------------------------------------------------------+
; LPM_WIDTH      ; 8     ; Untyped                                                                             ;
+----------------+-------+-------------------------------------------------------------------------------------+
Note: In order to hide this table in the UI and the text report file, please set the "Show Parameter Settings Tables in Synthesis Report" option in "Analysis and Synthesis Settings -> More Settings" to "Off".


+--------------------------------------------------------------------------------------------------+
; Parameter Settings for User Entity Instance: Device2:inst1|lpm_dff0:inst|lpm_ff:lpm_ff_component ;
+------------------------+------------+------------------------------------------------------------+
; Parameter Name         ; Value      ; Type                                                       ;
+------------------------+------------+------------------------------------------------------------+
; LPM_WIDTH              ; 8          ; Untyped                                                    ;
; LPM_AVALUE             ; UNUSED     ; Untyped                                                    ;
; LPM_SVALUE             ; UNUSED     ; Untyped                                                    ;
; LPM_FFTYPE             ; DFF        ; Untyped                                                    ;
; DEVICE_FAMILY          ; Stratix II ; Untyped                                                    ;
; CBXI_PARAMETER         ; NOTHING    ; Untyped                                                    ;
; AUTO_CARRY_CHAINS      ; ON         ; AUTO_CARRY                                                 ;
; IGNORE_CARRY_BUFFERS   ; OFF        ; IGNORE_CARRY                                               ;
; AUTO_CASCADE_CHAINS    ; ON         ; AUTO_CASCADE                                               ;
; IGNORE_CASCADE_BUFFERS ; OFF        ; IGNORE_CASCADE                                             ;
+------------------------+------------+------------------------------------------------------------+
Note: In order to hide this table in the UI and the text report file, please set the "Show Parameter Settings Tables in Synthesis Report" option in "Analysis and Synthesis Settings -> More Settings" to "Off".


+--------------------------------------------------------------------------------------------------------------------+
; Parameter Settings for User Entity Instance: Device2:inst1|lpm_constant1:inst1|lpm_constant:lpm_constant_component ;
+--------------------+------------------+----------------------------------------------------------------------------+
; Parameter Name     ; Value            ; Type                                                                       ;
+--------------------+------------------+----------------------------------------------------------------------------+
; LPM_WIDTH          ; 8                ; Untyped                                                                    ;
; LPM_CVALUE         ; 22               ; Untyped                                                                    ;
; ENABLE_RUNTIME_MOD ; NO               ; Untyped                                                                    ;
; CBXI_PARAMETER     ; lpm_constant_1g6 ; Untyped                                                                    ;
+--------------------+------------------+----------------------------------------------------------------------------+
Note: In order to hide this table in the UI and the text report file, please set the "Show Parameter Settings Tables in Synthesis Report" option in "Analysis and Synthesis Settings -> More Settings" to "Off".


+-----------------------------------------------------------------------------------------------------------------+
; Parameter Settings for User Entity Instance: Device3:inst2|lpm_compare1:inst8|lpm_compare:lpm_compare_component ;
+------------------------+------------+---------------------------------------------------------------------------+
; Parameter Name         ; Value      ; Type                                                                      ;
+------------------------+------------+---------------------------------------------------------------------------+
; lpm_width              ; 4          ; Untyped                                                                   ;
; LPM_REPRESENTATION     ; UNSIGNED   ; Untyped                                                                   ;
; LPM_PIPELINE           ; 0          ; Untyped                                                                   ;
; CHAIN_SIZE             ; 8          ; Untyped                                                                   ;
; ONE_INPUT_IS_CONSTANT  ; YES        ; Untyped                                                                   ;
; CARRY_CHAIN            ; MANUAL     ; Untyped                                                                   ;
; CASCADE_CHAIN          ; MANUAL     ; Untyped                                                                   ;
; CARRY_CHAIN_LENGTH     ; 48         ; CARRY_CHAIN_LENGTH                                                        ;
; CASCADE_CHAIN_LENGTH   ; 2          ; CASCADE_CHAIN_LENGTH                                                      ;
; DEVICE_FAMILY          ; Stratix II ; Untyped                                                                   ;
; CBXI_PARAMETER         ; cmpr_i8j   ; Untyped                                                                   ;
; AUTO_CARRY_CHAINS      ; ON         ; AUTO_CARRY                                                                ;
; IGNORE_CARRY_BUFFERS   ; OFF        ; IGNORE_CARRY                                                              ;
; AUTO_CASCADE_CHAINS    ; ON         ; AUTO_CASCADE                                                              ;
; IGNORE_CASCADE_BUFFERS ; OFF        ; IGNORE_CASCADE                                                            ;
+------------------------+------------+---------------------------------------------------------------------------+
Note: In order to hide this table in the UI and the text report file, please set the "Show Parameter Settings Tables in Synthesis Report" option in "Analysis and Synthesis Settings -> More Settings" to "Off".


+-----------------------------------------------------------------------------------------------------------------+
; Parameter Settings for User Entity Instance: Device3:inst2|lpm_counter0:inst3|lpm_counter:lpm_counter_component ;
+------------------------+-------------+--------------------------------------------------------------------------+
; Parameter Name         ; Value       ; Type                                                                     ;
+------------------------+-------------+--------------------------------------------------------------------------+
; AUTO_CARRY_CHAINS      ; ON          ; AUTO_CARRY                                                               ;
; IGNORE_CARRY_BUFFERS   ; OFF         ; IGNORE_CARRY                                                             ;
; AUTO_CASCADE_CHAINS    ; ON          ; AUTO_CASCADE                                                             ;
; IGNORE_CASCADE_BUFFERS ; OFF         ; IGNORE_CASCADE                                                           ;
; LPM_WIDTH              ; 4           ; Untyped                                                                  ;
; LPM_DIRECTION          ; UP          ; Untyped                                                                  ;
; LPM_MODULUS            ; 0           ; Untyped                                                                  ;
; LPM_AVALUE             ; UNUSED      ; Untyped                                                                  ;
; LPM_SVALUE             ; UNUSED      ; Untyped                                                                  ;
; LPM_PORT_UPDOWN        ; PORT_UNUSED ; Untyped                                                                  ;
; DEVICE_FAMILY          ; Stratix II  ; Untyped                                                                  ;
; CARRY_CHAIN            ; MANUAL      ; Untyped                                                                  ;
; CARRY_CHAIN_LENGTH     ; 48          ; CARRY_CHAIN_LENGTH                                                       ;
; NOT_GATE_PUSH_BACK     ; ON          ; NOT_GATE_PUSH_BACK                                                       ;
; CARRY_CNT_EN           ; SMART       ; Untyped                                                                  ;
; LABWIDE_SCLR           ; ON          ; Untyped                                                                  ;
; USE_NEW_VERSION        ; TRUE        ; Untyped                                                                  ;
; CBXI_PARAMETER         ; cntr_joi    ; Untyped                                                                  ;
+------------------------+-------------+--------------------------------------------------------------------------+
Note: In order to hide this table in the UI and the text report file, please set the "Show Parameter Settings Tables in Synthesis Report" option in "Analysis and Synthesis Settings -> More Settings" to "Off".


+-----------------------------------------------------------------------------------------------------------------+
; Parameter Settings for User Entity Instance: Device3:inst2|lpm_compare0:inst7|lpm_compare:lpm_compare_component ;
+------------------------+------------+---------------------------------------------------------------------------+
; Parameter Name         ; Value      ; Type                                                                      ;
+------------------------+------------+---------------------------------------------------------------------------+
; lpm_width              ; 4          ; Untyped                                                                   ;
; LPM_REPRESENTATION     ; UNSIGNED   ; Untyped                                                                   ;
; LPM_PIPELINE           ; 0          ; Untyped                                                                   ;
; CHAIN_SIZE             ; 8          ; Untyped                                                                   ;
; ONE_INPUT_IS_CONSTANT  ; YES        ; Untyped                                                                   ;
; CARRY_CHAIN            ; MANUAL     ; Untyped                                                                   ;
; CASCADE_CHAIN          ; MANUAL     ; Untyped                                                                   ;
; CARRY_CHAIN_LENGTH     ; 48         ; CARRY_CHAIN_LENGTH                                                        ;
; CASCADE_CHAIN_LENGTH   ; 2          ; CASCADE_CHAIN_LENGTH                                                      ;
; DEVICE_FAMILY          ; Stratix II ; Untyped                                                                   ;
; CBXI_PARAMETER         ; cmpr_i8j   ; Untyped                                                                   ;
; AUTO_CARRY_CHAINS      ; ON         ; AUTO_CARRY                                                                ;
; IGNORE_CARRY_BUFFERS   ; OFF        ; IGNORE_CARRY                                                              ;
; AUTO_CASCADE_CHAINS    ; ON         ; AUTO_CASCADE                                                              ;
; IGNORE_CASCADE_BUFFERS ; OFF        ; IGNORE_CASCADE                                                            ;
+------------------------+------------+---------------------------------------------------------------------------+
Note: In order to hide this table in the UI and the text report file, please set the "Show Parameter Settings Tables in Synthesis Report" option in "Analysis and Synthesis Settings -> More Settings" to "Off".


+--------------------------------------------------------------------------------------------------------------+
; Parameter Settings for User Entity Instance: Device3:inst2|lpm_bustri0:inst6|lpm_bustri:lpm_bustri_component ;
+----------------+-------+-------------------------------------------------------------------------------------+
; Parameter Name ; Value ; Type                                                                                ;
+----------------+-------+-------------------------------------------------------------------------------------+
; LPM_WIDTH      ; 8     ; Untyped                                                                             ;
+----------------+-------+-------------------------------------------------------------------------------------+
Note: In order to hide this table in the UI and the text report file, please set the "Show Parameter Settings Tables in Synthesis Report" option in "Analysis and Synthesis Settings -> More Settings" to "Off".


+--------------------------------------------------------------------------------------------------+
; Parameter Settings for User Entity Instance: Device3:inst2|lpm_dff0:inst|lpm_ff:lpm_ff_component ;
+------------------------+------------+------------------------------------------------------------+
; Parameter Name         ; Value      ; Type                                                       ;
+------------------------+------------+------------------------------------------------------------+
; LPM_WIDTH              ; 8          ; Untyped                                                    ;
; LPM_AVALUE             ; UNUSED     ; Untyped                                                    ;
; LPM_SVALUE             ; UNUSED     ; Untyped                                                    ;
; LPM_FFTYPE             ; DFF        ; Untyped                                                    ;
; DEVICE_FAMILY          ; Stratix II ; Untyped                                                    ;
; CBXI_PARAMETER         ; NOTHING    ; Untyped                                                    ;
; AUTO_CARRY_CHAINS      ; ON         ; AUTO_CARRY                                                 ;
; IGNORE_CARRY_BUFFERS   ; OFF        ; IGNORE_CARRY                                               ;
; AUTO_CASCADE_CHAINS    ; ON         ; AUTO_CASCADE                                               ;
; IGNORE_CASCADE_BUFFERS ; OFF        ; IGNORE_CASCADE                                             ;
+------------------------+------------+------------------------------------------------------------+
Note: In order to hide this table in the UI and the text report file, please set the "Show Parameter Settings Tables in Synthesis Report" option in "Analysis and Synthesis Settings -> More Settings" to "Off".


+--------------------------------------------------------------------------------------------------------------------+
; Parameter Settings for User Entity Instance: Device3:inst2|lpm_constant2:inst1|lpm_constant:lpm_constant_component ;
+--------------------+------------------+----------------------------------------------------------------------------+
; Parameter Name     ; Value            ; Type                                                                       ;
+--------------------+------------------+----------------------------------------------------------------------------+
; LPM_WIDTH          ; 8                ; Untyped                                                                    ;
; LPM_CVALUE         ; 55               ; Untyped                                                                    ;
; ENABLE_RUNTIME_MOD ; NO               ; Untyped                                                                    ;
; CBXI_PARAMETER     ; lpm_constant_4g6 ; Untyped                                                                    ;
+--------------------+------------------+----------------------------------------------------------------------------+
Note: In order to hide this table in the UI and the text report file, please set the "Show Parameter Settings Tables in Synthesis Report" option in "Analysis and Synthesis Settings -> More Settings" to "Off".


+-----------------------------------------------------------------------------------------------------------------+
; Parameter Settings for User Entity Instance: Device4:inst4|lpm_compare1:inst8|lpm_compare:lpm_compare_component ;
+------------------------+------------+---------------------------------------------------------------------------+
; Parameter Name         ; Value      ; Type                                                                      ;
+------------------------+------------+---------------------------------------------------------------------------+
; lpm_width              ; 4          ; Untyped                                                                   ;
; LPM_REPRESENTATION     ; UNSIGNED   ; Untyped                                                                   ;
; LPM_PIPELINE           ; 0          ; Untyped                                                                   ;
; CHAIN_SIZE             ; 8          ; Untyped                                                                   ;
; ONE_INPUT_IS_CONSTANT  ; YES        ; Untyped                                                                   ;
; CARRY_CHAIN            ; MANUAL     ; Untyped                                                                   ;
; CASCADE_CHAIN          ; MANUAL     ; Untyped                                                                   ;
; CARRY_CHAIN_LENGTH     ; 48         ; CARRY_CHAIN_LENGTH                                                        ;
; CASCADE_CHAIN_LENGTH   ; 2          ; CASCADE_CHAIN_LENGTH                                                      ;
; DEVICE_FAMILY          ; Stratix II ; Untyped                                                                   ;
; CBXI_PARAMETER         ; cmpr_i8j   ; Untyped                                                                   ;
; AUTO_CARRY_CHAINS      ; ON         ; AUTO_CARRY                                                                ;
; IGNORE_CARRY_BUFFERS   ; OFF        ; IGNORE_CARRY                                                              ;
; AUTO_CASCADE_CHAINS    ; ON         ; AUTO_CASCADE                                                              ;
; IGNORE_CASCADE_BUFFERS ; OFF        ; IGNORE_CASCADE                                                            ;
+------------------------+------------+---------------------------------------------------------------------------+
Note: In order to hide this table in the UI and the text report file, please set the "Show Parameter Settings Tables in Synthesis Report" option in "Analysis and Synthesis Settings -> More Settings" to "Off".


+-----------------------------------------------------------------------------------------------------------------+
; Parameter Settings for User Entity Instance: Device4:inst4|lpm_counter0:inst3|lpm_counter:lpm_counter_component ;
+------------------------+-------------+--------------------------------------------------------------------------+
; Parameter Name         ; Value       ; Type                                                                     ;
+------------------------+-------------+--------------------------------------------------------------------------+
; AUTO_CARRY_CHAINS      ; ON          ; AUTO_CARRY                                                               ;
; IGNORE_CARRY_BUFFERS   ; OFF         ; IGNORE_CARRY                                                             ;
; AUTO_CASCADE_CHAINS    ; ON          ; AUTO_CASCADE                                                             ;
; IGNORE_CASCADE_BUFFERS ; OFF         ; IGNORE_CASCADE                                                           ;
; LPM_WIDTH              ; 4           ; Untyped                                                                  ;
; LPM_DIRECTION          ; UP          ; Untyped                                                                  ;
; LPM_MODULUS            ; 0           ; Untyped                                                                  ;
; LPM_AVALUE             ; UNUSED      ; Untyped                                                                  ;
; LPM_SVALUE             ; UNUSED      ; Untyped                                                                  ;
; LPM_PORT_UPDOWN        ; PORT_UNUSED ; Untyped                                                                  ;
; DEVICE_FAMILY          ; Stratix II  ; Untyped                                                                  ;
; CARRY_CHAIN            ; MANUAL      ; Untyped                                                                  ;
; CARRY_CHAIN_LENGTH     ; 48          ; CARRY_CHAIN_LENGTH                                                       ;
; NOT_GATE_PUSH_BACK     ; ON          ; NOT_GATE_PUSH_BACK                                                       ;
; CARRY_CNT_EN           ; SMART       ; Untyped                                                                  ;
; LABWIDE_SCLR           ; ON          ; Untyped                                                                  ;
; USE_NEW_VERSION        ; TRUE        ; Untyped                                                                  ;
; CBXI_PARAMETER         ; cntr_joi    ; Untyped                                                                  ;
+------------------------+-------------+--------------------------------------------------------------------------+
Note: In order to hide this table in the UI and the text report file, please set the "Show Parameter Settings Tables in Synthesis Report" option in "Analysis and Synthesis Settings -> More Settings" to "Off".


+-----------------------------------------------------------------------------------------------------------------+
; Parameter Settings for User Entity Instance: Device4:inst4|lpm_compare0:inst7|lpm_compare:lpm_compare_component ;
+------------------------+------------+---------------------------------------------------------------------------+
; Parameter Name         ; Value      ; Type                                                                      ;
+------------------------+------------+---------------------------------------------------------------------------+
; lpm_width              ; 4          ; Untyped                                                                   ;
; LPM_REPRESENTATION     ; UNSIGNED   ; Untyped                                                                   ;
; LPM_PIPELINE           ; 0          ; Untyped                                                                   ;
; CHAIN_SIZE             ; 8          ; Untyped                                                                   ;
; ONE_INPUT_IS_CONSTANT  ; YES        ; Untyped                                                                   ;
; CARRY_CHAIN            ; MANUAL     ; Untyped                                                                   ;
; CASCADE_CHAIN          ; MANUAL     ; Untyped                                                                   ;
; CARRY_CHAIN_LENGTH     ; 48         ; CARRY_CHAIN_LENGTH                                                        ;
; CASCADE_CHAIN_LENGTH   ; 2          ; CASCADE_CHAIN_LENGTH                                                      ;
; DEVICE_FAMILY          ; Stratix II ; Untyped                                                                   ;
; CBXI_PARAMETER         ; cmpr_i8j   ; Untyped                                                                   ;
; AUTO_CARRY_CHAINS      ; ON         ; AUTO_CARRY                                                                ;
; IGNORE_CARRY_BUFFERS   ; OFF        ; IGNORE_CARRY                                                              ;
; AUTO_CASCADE_CHAINS    ; ON         ; AUTO_CASCADE                                                              ;
; IGNORE_CASCADE_BUFFERS ; OFF        ; IGNORE_CASCADE                                                            ;
+------------------------+------------+---------------------------------------------------------------------------+
Note: In order to hide this table in the UI and the text report file, please set the "Show Parameter Settings Tables in Synthesis Report" option in "Analysis and Synthesis Settings -> More Settings" to "Off".


+--------------------------------------------------------------------------------------------------------------+
; Parameter Settings for User Entity Instance: Device4:inst4|lpm_bustri0:inst6|lpm_bustri:lpm_bustri_component ;
+----------------+-------+-------------------------------------------------------------------------------------+
; Parameter Name ; Value ; Type                                                                                ;
+----------------+-------+-------------------------------------------------------------------------------------+
; LPM_WIDTH      ; 8     ; Untyped                                                                             ;
+----------------+-------+-------------------------------------------------------------------------------------+
Note: In order to hide this table in the UI and the text report file, please set the "Show Parameter Settings Tables in Synthesis Report" option in "Analysis and Synthesis Settings -> More Settings" to "Off".


+--------------------------------------------------------------------------------------------------+
; Parameter Settings for User Entity Instance: Device4:inst4|lpm_dff0:inst|lpm_ff:lpm_ff_component ;
+------------------------+------------+------------------------------------------------------------+
; Parameter Name         ; Value      ; Type                                                       ;
+------------------------+------------+------------------------------------------------------------+
; LPM_WIDTH              ; 8          ; Untyped                                                    ;
; LPM_AVALUE             ; UNUSED     ; Untyped                                                    ;
; LPM_SVALUE             ; UNUSED     ; Untyped                                                    ;
; LPM_FFTYPE             ; DFF        ; Untyped                                                    ;
; DEVICE_FAMILY          ; Stratix II ; Untyped                                                    ;
; CBXI_PARAMETER         ; NOTHING    ; Untyped                                                    ;
; AUTO_CARRY_CHAINS      ; ON         ; AUTO_CARRY                                                 ;
; IGNORE_CARRY_BUFFERS   ; OFF        ; IGNORE_CARRY                                               ;
; AUTO_CASCADE_CHAINS    ; ON         ; AUTO_CASCADE                                               ;
; IGNORE_CASCADE_BUFFERS ; OFF        ; IGNORE_CASCADE                                             ;
+------------------------+------------+------------------------------------------------------------+
Note: In order to hide this table in the UI and the text report file, please set the "Show Parameter Settings Tables in Synthesis Report" option in "Analysis and Synthesis Settings -> More Settings" to "Off".


+--------------------------------------------------------------------------------------------------------------------+
; Parameter Settings for User Entity Instance: Device4:inst4|lpm_constant3:inst1|lpm_constant:lpm_constant_component ;
+--------------------+------------------+----------------------------------------------------------------------------+
; Parameter Name     ; Value            ; Type                                                                       ;
+--------------------+------------------+----------------------------------------------------------------------------+
; LPM_WIDTH          ; 8                ; Untyped                                                                    ;
; LPM_CVALUE         ; 44               ; Untyped                                                                    ;
; ENABLE_RUNTIME_MOD ; NO               ; Untyped                                                                    ;
; CBXI_PARAMETER     ; lpm_constant_fh6 ; Untyped                                                                    ;
+--------------------+------------------+----------------------------------------------------------------------------+
Note: In order to hide this table in the UI and the text report file, please set the "Show Parameter Settings Tables in Synthesis Report" option in "Analysis and Synthesis Settings -> More Settings" to "Off".


+------------------------------------------------------------------------------------------------------------------+
; Parameter Settings for User Entity Instance: Device3:inst11|lpm_compare1:inst8|lpm_compare:lpm_compare_component ;
+------------------------+------------+----------------------------------------------------------------------------+
; Parameter Name         ; Value      ; Type                                                                       ;
+------------------------+------------+----------------------------------------------------------------------------+
; lpm_width              ; 4          ; Untyped                                                                    ;
; LPM_REPRESENTATION     ; UNSIGNED   ; Untyped                                                                    ;
; LPM_PIPELINE           ; 0          ; Untyped                                                                    ;
; CHAIN_SIZE             ; 8          ; Untyped                                                                    ;
; ONE_INPUT_IS_CONSTANT  ; YES        ; Untyped                                                                    ;
; CARRY_CHAIN            ; MANUAL     ; Untyped                                                                    ;
; CASCADE_CHAIN          ; MANUAL     ; Untyped                                                                    ;
; CARRY_CHAIN_LENGTH     ; 48         ; CARRY_CHAIN_LENGTH                                                         ;
; CASCADE_CHAIN_LENGTH   ; 2          ; CASCADE_CHAIN_LENGTH                                                       ;
; DEVICE_FAMILY          ; Stratix II ; Untyped                                                                    ;
; CBXI_PARAMETER         ; cmpr_i8j   ; Untyped                                                                    ;
; AUTO_CARRY_CHAINS      ; ON         ; AUTO_CARRY                                                                 ;
; IGNORE_CARRY_BUFFERS   ; OFF        ; IGNORE_CARRY                                                               ;
; AUTO_CASCADE_CHAINS    ; ON         ; AUTO_CASCADE                                                               ;
; IGNORE_CASCADE_BUFFERS ; OFF        ; IGNORE_CASCADE                                                             ;
+------------------------+------------+----------------------------------------------------------------------------+
Note: In order to hide this table in the UI and the text report file, please set the "Show Parameter Settings Tables in Synthesis Report" option in "Analysis and Synthesis Settings -> More Settings" to "Off".


+------------------------------------------------------------------------------------------------------------------+
; Parameter Settings for User Entity Instance: Device3:inst11|lpm_counter0:inst3|lpm_counter:lpm_counter_component ;
+------------------------+-------------+---------------------------------------------------------------------------+
; Parameter Name         ; Value       ; Type                                                                      ;
+------------------------+-------------+---------------------------------------------------------------------------+
; AUTO_CARRY_CHAINS      ; ON          ; AUTO_CARRY                                                                ;
; IGNORE_CARRY_BUFFERS   ; OFF         ; IGNORE_CARRY                                                              ;
; AUTO_CASCADE_CHAINS    ; ON          ; AUTO_CASCADE                                                              ;
; IGNORE_CASCADE_BUFFERS ; OFF         ; IGNORE_CASCADE                                                            ;
; LPM_WIDTH              ; 4           ; Untyped                                                                   ;
; LPM_DIRECTION          ; UP          ; Untyped                                                                   ;
; LPM_MODULUS            ; 0           ; Untyped                                                                   ;
; LPM_AVALUE             ; UNUSED      ; Untyped                                                                   ;
; LPM_SVALUE             ; UNUSED      ; Untyped                                                                   ;
; LPM_PORT_UPDOWN        ; PORT_UNUSED ; Untyped                                                                   ;
; DEVICE_FAMILY          ; Stratix II  ; Untyped                                                                   ;
; CARRY_CHAIN            ; MANUAL      ; Untyped                                                                   ;
; CARRY_CHAIN_LENGTH     ; 48          ; CARRY_CHAIN_LENGTH                                                        ;
; NOT_GATE_PUSH_BACK     ; ON          ; NOT_GATE_PUSH_BACK                                                        ;
; CARRY_CNT_EN           ; SMART       ; Untyped                                                                   ;
; LABWIDE_SCLR           ; ON          ; Untyped                                                                   ;
; USE_NEW_VERSION        ; TRUE        ; Untyped                                                                   ;
; CBXI_PARAMETER         ; cntr_joi    ; Untyped                                                                   ;
+------------------------+-------------+---------------------------------------------------------------------------+
Note: In order to hide this table in the UI and the text report file, please set the "Show Parameter Settings Tables in Synthesis Report" option in "Analysis and Synthesis Settings -> More Settings" to "Off".


+------------------------------------------------------------------------------------------------------------------+
; Parameter Settings for User Entity Instance: Device3:inst11|lpm_compare0:inst7|lpm_compare:lpm_compare_component ;
+------------------------+------------+----------------------------------------------------------------------------+
; Parameter Name         ; Value      ; Type                                                                       ;
+------------------------+------------+----------------------------------------------------------------------------+
; lpm_width              ; 4          ; Untyped                                                                    ;
; LPM_REPRESENTATION     ; UNSIGNED   ; Untyped                                                                    ;
; LPM_PIPELINE           ; 0          ; Untyped                                                                    ;
; CHAIN_SIZE             ; 8          ; Untyped                                                                    ;
; ONE_INPUT_IS_CONSTANT  ; YES        ; Untyped                                                                    ;
; CARRY_CHAIN            ; MANUAL     ; Untyped                                                                    ;
; CASCADE_CHAIN          ; MANUAL     ; Untyped                                                                    ;
; CARRY_CHAIN_LENGTH     ; 48         ; CARRY_CHAIN_LENGTH                                                         ;
; CASCADE_CHAIN_LENGTH   ; 2          ; CASCADE_CHAIN_LENGTH                                                       ;
; DEVICE_FAMILY          ; Stratix II ; Untyped                                                                    ;
; CBXI_PARAMETER         ; cmpr_i8j   ; Untyped                                                                    ;
; AUTO_CARRY_CHAINS      ; ON         ; AUTO_CARRY                                                                 ;
; IGNORE_CARRY_BUFFERS   ; OFF        ; IGNORE_CARRY                                                               ;
; AUTO_CASCADE_CHAINS    ; ON         ; AUTO_CASCADE                                                               ;
; IGNORE_CASCADE_BUFFERS ; OFF        ; IGNORE_CASCADE                                                             ;
+------------------------+------------+----------------------------------------------------------------------------+
Note: In order to hide this table in the UI and the text report file, please set the "Show Parameter Settings Tables in Synthesis Report" option in "Analysis and Synthesis Settings -> More Settings" to "Off".


+---------------------------------------------------------------------------------------------------------------+
; Parameter Settings for User Entity Instance: Device3:inst11|lpm_bustri0:inst6|lpm_bustri:lpm_bustri_component ;
+----------------+-------+--------------------------------------------------------------------------------------+
; Parameter Name ; Value ; Type                                                                                 ;
+----------------+-------+--------------------------------------------------------------------------------------+
; LPM_WIDTH      ; 8     ; Untyped                                                                              ;
+----------------+-------+--------------------------------------------------------------------------------------+
Note: In order to hide this table in the UI and the text report file, please set the "Show Parameter Settings Tables in Synthesis Report" option in "Analysis and Synthesis Settings -> More Settings" to "Off".


+---------------------------------------------------------------------------------------------------+
; Parameter Settings for User Entity Instance: Device3:inst11|lpm_dff0:inst|lpm_ff:lpm_ff_component ;
+------------------------+------------+-------------------------------------------------------------+
; Parameter Name         ; Value      ; Type                                                        ;
+------------------------+------------+-------------------------------------------------------------+
; LPM_WIDTH              ; 8          ; Untyped                                                     ;
; LPM_AVALUE             ; UNUSED     ; Untyped                                                     ;
; LPM_SVALUE             ; UNUSED     ; Untyped                                                     ;
; LPM_FFTYPE             ; DFF        ; Untyped                                                     ;
; DEVICE_FAMILY          ; Stratix II ; Untyped                                                     ;
; CBXI_PARAMETER         ; NOTHING    ; Untyped                                                     ;
; AUTO_CARRY_CHAINS      ; ON         ; AUTO_CARRY                                                  ;
; IGNORE_CARRY_BUFFERS   ; OFF        ; IGNORE_CARRY                                                ;
; AUTO_CASCADE_CHAINS    ; ON         ; AUTO_CASCADE                                                ;
; IGNORE_CASCADE_BUFFERS ; OFF        ; IGNORE_CASCADE                                              ;
+------------------------+------------+-------------------------------------------------------------+
Note: In order to hide this table in the UI and the text report file, please set the "Show Parameter Settings Tables in Synthesis Report" option in "Analysis and Synthesis Settings -> More Settings" to "Off".


+---------------------------------------------------------------------------------------------------------------------+
; Parameter Settings for User Entity Instance: Device3:inst11|lpm_constant2:inst1|lpm_constant:lpm_constant_component ;
+--------------------+------------------+-----------------------------------------------------------------------------+
; Parameter Name     ; Value            ; Type                                                                        ;
+--------------------+------------------+-----------------------------------------------------------------------------+
; LPM_WIDTH          ; 8                ; Untyped                                                                     ;
; LPM_CVALUE         ; 55               ; Untyped                                                                     ;
; ENABLE_RUNTIME_MOD ; NO               ; Untyped                                                                     ;
; CBXI_PARAMETER     ; lpm_constant_4g6 ; Untyped                                                                     ;
+--------------------+------------------+-----------------------------------------------------------------------------+
Note: In order to hide this table in the UI and the text report file, please set the "Show Parameter Settings Tables in Synthesis Report" option in "Analysis and Synthesis Settings -> More Settings" to "Off".


+-------------------------------------------------------------------------------------+
; Parameter Settings for User Entity Instance: lpm_dff1:inst6|lpm_ff:lpm_ff_component ;
+------------------------+------------+-----------------------------------------------+
; Parameter Name         ; Value      ; Type                                          ;
+------------------------+------------+-----------------------------------------------+
; LPM_WIDTH              ; 8          ; Untyped                                       ;
; LPM_AVALUE             ; UNUSED     ; Untyped                                       ;
; LPM_SVALUE             ; UNUSED     ; Untyped                                       ;
; LPM_FFTYPE             ; DFF        ; Untyped                                       ;
; DEVICE_FAMILY          ; Stratix II ; Untyped                                       ;
; CBXI_PARAMETER         ; NOTHING    ; Untyped                                       ;
; AUTO_CARRY_CHAINS      ; ON         ; AUTO_CARRY                                    ;
; IGNORE_CARRY_BUFFERS   ; OFF        ; IGNORE_CARRY                                  ;
; AUTO_CASCADE_CHAINS    ; ON         ; AUTO_CASCADE                                  ;
; IGNORE_CASCADE_BUFFERS ; OFF        ; IGNORE_CASCADE                                ;
+------------------------+------------+-----------------------------------------------+
Note: In order to hide this table in the UI and the text report file, please set the "Show Parameter Settings Tables in Synthesis Report" option in "Analysis and Synthesis Settings -> More Settings" to "Off".


+-------------------------------------------------------------------------------------+
; Parameter Settings for User Entity Instance: lpm_dff1:inst5|lpm_ff:lpm_ff_component ;
+------------------------+------------+-----------------------------------------------+
; Parameter Name         ; Value      ; Type                                          ;
+------------------------+------------+-----------------------------------------------+
; LPM_WIDTH              ; 8          ; Untyped                                       ;
; LPM_AVALUE             ; UNUSED     ; Untyped                                       ;
; LPM_SVALUE             ; UNUSED     ; Untyped                                       ;
; LPM_FFTYPE             ; DFF        ; Untyped                                       ;
; DEVICE_FAMILY          ; Stratix II ; Untyped                                       ;
; CBXI_PARAMETER         ; NOTHING    ; Untyped                                       ;
; AUTO_CARRY_CHAINS      ; ON         ; AUTO_CARRY                                    ;
; IGNORE_CARRY_BUFFERS   ; OFF        ; IGNORE_CARRY                                  ;
; AUTO_CASCADE_CHAINS    ; ON         ; AUTO_CASCADE                                  ;
; IGNORE_CASCADE_BUFFERS ; OFF        ; IGNORE_CASCADE                                ;
+------------------------+------------+-----------------------------------------------+
Note: In order to hide this table in the UI and the text report file, please set the "Show Parameter Settings Tables in Synthesis Report" option in "Analysis and Synthesis Settings -> More Settings" to "Off".


+-------------------------------------------------------------------------------------+
; Parameter Settings for User Entity Instance: lpm_dff1:inst7|lpm_ff:lpm_ff_component ;
+------------------------+------------+-----------------------------------------------+
; Parameter Name         ; Value      ; Type                                          ;
+------------------------+------------+-----------------------------------------------+
; LPM_WIDTH              ; 8          ; Untyped                                       ;
; LPM_AVALUE             ; UNUSED     ; Untyped                                       ;
; LPM_SVALUE             ; UNUSED     ; Untyped                                       ;
; LPM_FFTYPE             ; DFF        ; Untyped                                       ;
; DEVICE_FAMILY          ; Stratix II ; Untyped                                       ;
; CBXI_PARAMETER         ; NOTHING    ; Untyped                                       ;
; AUTO_CARRY_CHAINS      ; ON         ; AUTO_CARRY                                    ;
; IGNORE_CARRY_BUFFERS   ; OFF        ; IGNORE_CARRY                                  ;
; AUTO_CASCADE_CHAINS    ; ON         ; AUTO_CASCADE                                  ;
; IGNORE_CASCADE_BUFFERS ; OFF        ; IGNORE_CASCADE                                ;
+------------------------+------------+-----------------------------------------------+
Note: In order to hide this table in the UI and the text report file, please set the "Show Parameter Settings Tables in Synthesis Report" option in "Analysis and Synthesis Settings -> More Settings" to "Off".


+-------------------------------+
; Analysis & Synthesis Messages ;
+-------------------------------+
Info: *******************************************************************
Info: Running Quartus II Analysis & Synthesis
    Info: Version 9.1 Build 222 10/21/2009 SJ Web Edition
    Info: Processing started: Tue Nov 24 13:15:41 2020
Info: Command: quartus_map --read_settings_files=on --write_settings_files=off Lab5 -c Lab5
Info: Found 1 design units, including 1 entities, in source file device1.bdf
    Info: Found entity 1: Device1
Info: Found 1 design units, including 1 entities, in source file device2.bdf
    Info: Found entity 1: Device2
Info: Found 1 design units, including 1 entities, in source file device3.bdf
    Info: Found entity 1: Device3
Info: Found 1 design units, including 1 entities, in source file arbitor.bdf
    Info: Found entity 1: Arbitor
Info: Found 1 design units, including 1 entities, in source file mainblock.bdf
    Info: Found entity 1: MainBlock
Info: Found 1 design units, including 1 entities, in source file device4.bdf
    Info: Found entity 1: Device4
Info: Found 1 design units, including 1 entities, in source file device5.bdf
    Info: Found entity 1: Device5
Info: Elaborating entity "MainBlock" for the top level hierarchy
Info: Elaborating entity "Device1" for hierarchy "Device1:inst"
Warning: Using design file lpm_compare1.tdf, which is not specified as a design file for the current project, but contains definitions for 1 design units and 1 entities in project
    Info: Found entity 1: lpm_compare1
Info: Elaborating entity "lpm_compare1" for hierarchy "Device1:inst|lpm_compare1:inst8"
Info: Elaborating entity "lpm_compare" for hierarchy "Device1:inst|lpm_compare1:inst8|lpm_compare:lpm_compare_component"
Info: Elaborated megafunction instantiation "Device1:inst|lpm_compare1:inst8|lpm_compare:lpm_compare_component"
Info: Instantiated megafunction "Device1:inst|lpm_compare1:inst8|lpm_compare:lpm_compare_component" with the following parameter:
    Info: Parameter "LPM_TYPE" = "LPM_COMPARE"
    Info: Parameter "LPM_HINT" = "ONE_INPUT_IS_CONSTANT=YES"
    Info: Parameter "LPM_WIDTH" = "4"
    Info: Parameter "LPM_REPRESENTATION" = "UNSIGNED"
Info: Found 1 design units, including 1 entities, in source file db/cmpr_i8j.tdf
    Info: Found entity 1: cmpr_i8j
Info: Elaborating entity "cmpr_i8j" for hierarchy "Device1:inst|lpm_compare1:inst8|lpm_compare:lpm_compare_component|cmpr_i8j:auto_generated"
Warning: Using design file lpm_counter0.tdf, which is not specified as a design file for the current project, but contains definitions for 1 design units and 1 entities in project
    Info: Found entity 1: lpm_counter0
Info: Elaborating entity "lpm_counter0" for hierarchy "Device1:inst|lpm_counter0:inst3"
Info: Elaborating entity "lpm_counter" for hierarchy "Device1:inst|lpm_counter0:inst3|lpm_counter:lpm_counter_component"
Info: Elaborated megafunction instantiation "Device1:inst|lpm_counter0:inst3|lpm_counter:lpm_counter_component"
Info: Instantiated megafunction "Device1:inst|lpm_counter0:inst3|lpm_counter:lpm_counter_component" with the following parameter:
    Info: Parameter "LPM_TYPE" = "LPM_COUNTER"
    Info: Parameter "LPM_WIDTH" = "4"
    Info: Parameter "LPM_DIRECTION" = "UP"
    Info: Parameter "LPM_PORT_UPDOWN" = "PORT_UNUSED"
Info: Found 1 design units, including 1 entities, in source file db/cntr_joi.tdf
    Info: Found entity 1: cntr_joi
Info: Elaborating entity "cntr_joi" for hierarchy "Device1:inst|lpm_counter0:inst3|lpm_counter:lpm_counter_component|cntr_joi:auto_generated"
Warning: Using design file lpm_compare0.tdf, which is not specified as a design file for the current project, but contains definitions for 1 design units and 1 entities in project
    Info: Found entity 1: lpm_compare0
Info: Elaborating entity "lpm_compare0" for hierarchy "Device1:inst|lpm_compare0:inst7"
Info: Elaborating entity "lpm_compare" for hierarchy "Device1:inst|lpm_compare0:inst7|lpm_compare:lpm_compare_component"
Info: Elaborated megafunction instantiation "Device1:inst|lpm_compare0:inst7|lpm_compare:lpm_compare_component"
Info: Instantiated megafunction "Device1:inst|lpm_compare0:inst7|lpm_compare:lpm_compare_component" with the following parameter:
    Info: Parameter "LPM_TYPE" = "LPM_COMPARE"
    Info: Parameter "LPM_HINT" = "ONE_INPUT_IS_CONSTANT=YES"
    Info: Parameter "LPM_WIDTH" = "4"
    Info: Parameter "LPM_REPRESENTATION" = "UNSIGNED"
Warning: Using design file lpm_bustri0.tdf, which is not specified as a design file for the current project, but contains definitions for 1 design units and 1 entities in project
    Info: Found entity 1: lpm_bustri0
Info: Elaborating entity "lpm_bustri0" for hierarchy "Device1:inst|lpm_bustri0:inst6"
Info: Elaborating entity "lpm_bustri" for hierarchy "Device1:inst|lpm_bustri0:inst6|lpm_bustri:lpm_bustri_component"
Info: Elaborated megafunction instantiation "Device1:inst|lpm_bustri0:inst6|lpm_bustri:lpm_bustri_component"
Info: Instantiated megafunction "Device1:inst|lpm_bustri0:inst6|lpm_bustri:lpm_bustri_component" with the following parameter:
    Info: Parameter "LPM_TYPE" = "LPM_BUSTRI"
    Info: Parameter "LPM_WIDTH" = "8"
Warning: Using design file lpm_dff0.tdf, which is not specified as a design file for the current project, but contains definitions for 1 design units and 1 entities in project
    Info: Found entity 1: lpm_dff0
Info: Elaborating entity "lpm_dff0" for hierarchy "Device1:inst|lpm_dff0:inst"
Info: Elaborating entity "lpm_ff" for hierarchy "Device1:inst|lpm_dff0:inst|lpm_ff:lpm_ff_component"
Info: Elaborated megafunction instantiation "Device1:inst|lpm_dff0:inst|lpm_ff:lpm_ff_component"
Info: Instantiated megafunction "Device1:inst|lpm_dff0:inst|lpm_ff:lpm_ff_component" with the following parameter:
    Info: Parameter "LPM_TYPE" = "LPM_FF"
    Info: Parameter "LPM_WIDTH" = "8"
    Info: Parameter "LPM_FFTYPE" = "DFF"
Warning: Using design file lpm_constant0.tdf, which is not specified as a design file for the current project, but contains definitions for 1 design units and 1 entities in project
    Info: Found entity 1: lpm_constant0
Info: Elaborating entity "lpm_constant0" for hierarchy "Device1:inst|lpm_constant0:inst2"
Info: Elaborating entity "lpm_constant" for hierarchy "Device1:inst|lpm_constant0:inst2|lpm_constant:lpm_constant_component"
Info: Elaborated megafunction instantiation "Device1:inst|lpm_constant0:inst2|lpm_constant:lpm_constant_component"
Info: Instantiated megafunction "Device1:inst|lpm_constant0:inst2|lpm_constant:lpm_constant_component" with the following parameter:
    Info: Parameter "LPM_TYPE" = "LPM_CONSTANT"
    Info: Parameter "LPM_HINT" = "ENABLE_RUNTIME_MOD=NO"
    Info: Parameter "LPM_WIDTH" = "8"
    Info: Parameter "LPM_CVALUE" = "11"
Info: Elaborating entity "Arbitor" for hierarchy "Arbitor:inst3"
Warning: Using design file lpm_decode0.tdf, which is not specified as a design file for the current project, but contains definitions for 1 design units and 1 entities in project
    Info: Found entity 1: lpm_decode0
Info: Elaborating entity "lpm_decode0" for hierarchy "Arbitor:inst3|lpm_decode0:inst10"
Info: Elaborating entity "lpm_decode" for hierarchy "Arbitor:inst3|lpm_decode0:inst10|lpm_decode:lpm_decode_component"
Info: Elaborated megafunction instantiation "Arbitor:inst3|lpm_decode0:inst10|lpm_decode:lpm_decode_component"
Info: Instantiated megafunction "Arbitor:inst3|lpm_decode0:inst10|lpm_decode:lpm_decode_component" with the following parameter:
    Info: Parameter "LPM_TYPE" = "LPM_DECODE"
    Info: Parameter "LPM_WIDTH" = "4"
    Info: Parameter "LPM_DECODES" = "16"
Info: Found 1 design units, including 1 entities, in source file db/decode_e9f.tdf
    Info: Found entity 1: decode_e9f
Info: Elaborating entity "decode_e9f" for hierarchy "Arbitor:inst3|lpm_decode0:inst10|lpm_decode:lpm_decode_component|decode_e9f:auto_generated"
Warning: Using design file lpm_compare2.tdf, which is not specified as a design file for the current project, but contains definitions for 1 design units and 1 entities in project
    Info: Found entity 1: lpm_compare2
Info: Elaborating entity "lpm_compare2" for hierarchy "Arbitor:inst3|lpm_compare2:inst1"
Info: Elaborating entity "lpm_compare" for hierarchy "Arbitor:inst3|lpm_compare2:inst1|lpm_compare:lpm_compare_component"
Info: Elaborated megafunction instantiation "Arbitor:inst3|lpm_compare2:inst1|lpm_compare:lpm_compare_component"
Info: Instantiated megafunction "Arbitor:inst3|lpm_compare2:inst1|lpm_compare:lpm_compare_component" with the following parameter:
    Info: Parameter "LPM_TYPE" = "LPM_COMPARE"
    Info: Parameter "LPM_HINT" = "ONE_INPUT_IS_CONSTANT=YES"
    Info: Parameter "LPM_WIDTH" = "4"
    Info: Parameter "LPM_REPRESENTATION" = "UNSIGNED"
Info: Elaborating entity "Device2" for hierarchy "Device2:inst1"
Warning: Using design file lpm_constant1.tdf, which is not specified as a design file for the current project, but contains definitions for 1 design units and 1 entities in project
    Info: Found entity 1: lpm_constant1
Info: Elaborating entity "lpm_constant1" for hierarchy "Device2:inst1|lpm_constant1:inst1"
Info: Elaborating entity "lpm_constant" for hierarchy "Device2:inst1|lpm_constant1:inst1|lpm_constant:lpm_constant_component"
Info: Elaborated megafunction instantiation "Device2:inst1|lpm_constant1:inst1|lpm_constant:lpm_constant_component"
Info: Instantiated megafunction "Device2:inst1|lpm_constant1:inst1|lpm_constant:lpm_constant_component" with the following parameter:
    Info: Parameter "LPM_TYPE" = "LPM_CONSTANT"
    Info: Parameter "LPM_HINT" = "ENABLE_RUNTIME_MOD=NO"
    Info: Parameter "LPM_WIDTH" = "8"
    Info: Parameter "LPM_CVALUE" = "22"
Info: Elaborating entity "Device3" for hierarchy "Device3:inst2"
Warning: Using design file lpm_constant2.tdf, which is not specified as a design file for the current project, but contains definitions for 1 design units and 1 entities in project
    Info: Found entity 1: lpm_constant2
Info: Elaborating entity "lpm_constant2" for hierarchy "Device3:inst2|lpm_constant2:inst1"
Info: Elaborating entity "lpm_constant" for hierarchy "Device3:inst2|lpm_constant2:inst1|lpm_constant:lpm_constant_component"
Info: Elaborated megafunction instantiation "Device3:inst2|lpm_constant2:inst1|lpm_constant:lpm_constant_component"
Info: Instantiated megafunction "Device3:inst2|lpm_constant2:inst1|lpm_constant:lpm_constant_component" with the following parameter:
    Info: Parameter "LPM_TYPE" = "LPM_CONSTANT"
    Info: Parameter "LPM_HINT" = "ENABLE_RUNTIME_MOD=NO"
    Info: Parameter "LPM_WIDTH" = "8"
    Info: Parameter "LPM_CVALUE" = "55"
Info: Elaborating entity "Device4" for hierarchy "Device4:inst4"
Warning: Using design file lpm_constant3.tdf, which is not specified as a design file for the current project, but contains definitions for 1 design units and 1 entities in project
    Info: Found entity 1: lpm_constant3
Info: Elaborating entity "lpm_constant3" for hierarchy "Device4:inst4|lpm_constant3:inst1"
Info: Elaborating entity "lpm_constant" for hierarchy "Device4:inst4|lpm_constant3:inst1|lpm_constant:lpm_constant_component"
Info: Elaborated megafunction instantiation "Device4:inst4|lpm_constant3:inst1|lpm_constant:lpm_constant_component"
Info: Instantiated megafunction "Device4:inst4|lpm_constant3:inst1|lpm_constant:lpm_constant_component" with the following parameter:
    Info: Parameter "LPM_TYPE" = "LPM_CONSTANT"
    Info: Parameter "LPM_HINT" = "ENABLE_RUNTIME_MOD=NO"
    Info: Parameter "LPM_WIDTH" = "8"
    Info: Parameter "LPM_CVALUE" = "44"
Warning: Using design file lpm_dff1.tdf, which is not specified as a design file for the current project, but contains definitions for 1 design units and 1 entities in project
    Info: Found entity 1: lpm_dff1
Info: Elaborating entity "lpm_dff1" for hierarchy "lpm_dff1:inst6"
Info: Elaborating entity "lpm_ff" for hierarchy "lpm_dff1:inst6|lpm_ff:lpm_ff_component"
Info: Elaborated megafunction instantiation "lpm_dff1:inst6|lpm_ff:lpm_ff_component"
Info: Instantiated megafunction "lpm_dff1:inst6|lpm_ff:lpm_ff_component" with the following parameter:
    Info: Parameter "LPM_TYPE" = "LPM_FF"
    Info: Parameter "LPM_WIDTH" = "8"
    Info: Parameter "LPM_FFTYPE" = "DFF"
Warning: Tri-state node(s) do not directly drive top-level pin(s)
    Warning: Converted tri-state node "gdfx_temp0[7]" into a selector
    Warning: Converted tri-state node "gdfx_temp0[6]" into a selector
    Warning: Converted tri-state node "gdfx_temp0[5]" into a selector
    Warning: Converted tri-state node "gdfx_temp0[4]" into a selector
    Warning: Converted tri-state node "gdfx_temp0[3]" into a selector
    Warning: Converted tri-state node "gdfx_temp0[2]" into a selector
    Warning: Converted tri-state node "gdfx_temp0[1]" into a selector
    Warning: Converted tri-state node "gdfx_temp0[0]" into a selector
Warning: Output pins are stuck at VCC or GND
    Warning (13410): Pin "data1[7]" is stuck at GND
    Warning (13410): Pin "data1[6]" is stuck at GND
    Warning (13410): Pin "data2[7]" is stuck at GND
    Warning (13410): Pin "data2[6]" is stuck at GND
    Warning (13410): Pin "data3[7]" is stuck at GND
    Warning (13410): Pin "data3[6]" is stuck at GND
Warning: Ignored assignments for entity "Lab5" -- entity does not exist in design
    Warning: Assignment for entity set_global_assignment -name LL_ROOT_REGION ON -entity Lab5 -section_id "Root Region" was ignored
    Warning: Assignment for entity set_global_assignment -name LL_MEMBER_STATE LOCKED -entity Lab5 -section_id "Root Region" was ignored
Info: Implemented 106 device resources after synthesis - the final resource count might be different
    Info: Implemented 6 input pins
    Info: Implemented 29 output pins
    Info: Implemented 71 logic cells
Info: Quartus II Analysis & Synthesis was successful. 0 errors, 31 warnings
    Info: Peak virtual memory: 229 megabytes
    Info: Processing ended: Tue Nov 24 13:15:43 2020
    Info: Elapsed time: 00:00:02
    Info: Total CPU time (on all processors): 00:00:02


