Classic Timing Analyzer report for Lab5
Tue Nov 24 13:15:49 2020
Quartus II Version 9.1 Build 222 10/21/2009 SJ Web Edition


---------------------
; Table of Contents ;
---------------------
  1. Legal Notice
  2. Timing Analyzer Summary
  3. Timing Analyzer Settings
  4. Clock Settings Summary
  5. Parallel Compilation
  6. Clock Setup: 'clk'
  7. tsu
  8. tco
  9. th
 10. Timing Analyzer Messages



----------------
; Legal Notice ;
----------------
Copyright (C) 1991-2009 Altera Corporation
Your use of Altera Corporation's design tools, logic functions 
and other software and tools, and its AMPP partner logic 
functions, and any output files from any of the foregoing 
(including device programming or simulation files), and any 
associated documentation or information are expressly subject 
to the terms and conditions of the Altera Program License 
Subscription Agreement, Altera MegaCore Function License 
Agreement, or other applicable license agreement, including, 
without limitation, that your use is for the sole purpose of 
programming logic devices manufactured by Altera and sold by 
Altera or its authorized distributors.  Please refer to the 
applicable agreement for further details.



+-----------------------------------------------------------------------------------------------------------------------------------------------------------------------------------------------------------------+
; Timing Analyzer Summary                                                                                                                                                                                         ;
+------------------------------+-------+---------------+----------------------------------+------------------------------------------------+-------------------------------+------------+----------+--------------+
; Type                         ; Slack ; Required Time ; Actual Time                      ; From                                           ; To                            ; From Clock ; To Clock ; Failed Paths ;
+------------------------------+-------+---------------+----------------------------------+------------------------------------------------+-------------------------------+------------+----------+--------------+
; Worst-case tsu               ; N/A   ; None          ; 2.831 ns                         ; request2                                       ; Device2:inst1|inst4           ; --         ; clk      ; 0            ;
; Worst-case tco               ; N/A   ; None          ; 6.645 ns                         ; lpm_dff1:inst6|lpm_ff:lpm_ff_component|dffs[4] ; data1[4]                      ; clk        ; --       ; 0            ;
; Worst-case th                ; N/A   ; None          ; -2.258 ns                        ; request5                                       ; Device3:inst11|inst4          ; --         ; clk      ; 0            ;
; Clock Setup: 'clk'           ; N/A   ; None          ; 397.46 MHz ( period = 2.516 ns ) ; Arbitor:inst3|inst7                            ; Arbitor:inst3|inst6~DUPLICATE ; clk        ; clk      ; 0            ;
; Total number of failed paths ;       ;               ;                                  ;                                                ;                               ;            ;          ; 0            ;
+------------------------------+-------+---------------+----------------------------------+------------------------------------------------+-------------------------------+------------+----------+--------------+


+-----------------------------------------------------------------------------------------------------------------------------------------------------+
; Timing Analyzer Settings                                                                                                                            ;
+------------------------------------------------------------------------------------------------------+--------------------+------+----+-------------+
; Option                                                                                               ; Setting            ; From ; To ; Entity Name ;
+------------------------------------------------------------------------------------------------------+--------------------+------+----+-------------+
; Device Name                                                                                          ; EP2S15F484C3       ;      ;    ;             ;
; Timing Models                                                                                        ; Final              ;      ;    ;             ;
; Default hold multicycle                                                                              ; Same as Multicycle ;      ;    ;             ;
; Cut paths between unrelated clock domains                                                            ; On                 ;      ;    ;             ;
; Cut off read during write signal paths                                                               ; On                 ;      ;    ;             ;
; Cut off feedback from I/O pins                                                                       ; On                 ;      ;    ;             ;
; Report Combined Fast/Slow Timing                                                                     ; Off                ;      ;    ;             ;
; Ignore Clock Settings                                                                                ; Off                ;      ;    ;             ;
; Analyze latches as synchronous elements                                                              ; On                 ;      ;    ;             ;
; Enable Recovery/Removal analysis                                                                     ; Off                ;      ;    ;             ;
; Enable Clock Latency                                                                                 ; Off                ;      ;    ;             ;
; Use TimeQuest Timing Analyzer                                                                        ; Off                ;      ;    ;             ;
; Number of source nodes to report per destination node                                                ; 10                 ;      ;    ;             ;
; Number of destination nodes to report                                                                ; 10                 ;      ;    ;             ;
; Number of paths to report                                                                            ; 200                ;      ;    ;             ;
; Report Minimum Timing Checks                                                                         ; Off                ;      ;    ;             ;
; Use Fast Timing Models                                                                               ; Off                ;      ;    ;             ;
; Report IO Paths Separately                                                                           ; Off                ;      ;    ;             ;
; Perform Multicorner Analysis                                                                         ; On                 ;      ;    ;             ;
; Reports the worst-case path for each clock domain and analysis                                       ; Off                ;      ;    ;             ;
; Reports worst-case timing paths for each clock domain and analysis                                   ; Off                ;      ;    ;             ;
; Specifies the maximum number of worst-case timing paths to report for each clock domain and analysis ; 100                ;      ;    ;             ;
; Removes common clock path pessimism (CCPP) during slack computation                                  ; Off                ;      ;    ;             ;
; Output I/O Timing Endpoint                                                                           ; Near End           ;      ;    ;             ;
+------------------------------------------------------------------------------------------------------+--------------------+------+----+-------------+


+------------------------------------------------------------------------------------------------------------------------------------------------------------------------------------+
; Clock Settings Summary                                                                                                                                                             ;
+-----------------+--------------------+----------+------------------+---------------+--------------+----------+-----------------------+---------------------+--------+--------------+
; Clock Node Name ; Clock Setting Name ; Type     ; Fmax Requirement ; Early Latency ; Late Latency ; Based on ; Multiply Base Fmax by ; Divide Base Fmax by ; Offset ; Phase offset ;
+-----------------+--------------------+----------+------------------+---------------+--------------+----------+-----------------------+---------------------+--------+--------------+
; clk             ;                    ; User Pin ; None             ; 0.000 ns      ; 0.000 ns     ; --       ; N/A                   ; N/A                 ; N/A    ;              ;
+-----------------+--------------------+----------+------------------+---------------+--------------+----------+-----------------------+---------------------+--------+--------------+


Parallel compilation was disabled, but you have multiple processors available. Enable parallel compilation to reduce compilation time.
+-------------------------------------+
; Parallel Compilation                ;
+----------------------------+--------+
; Processors                 ; Number ;
+----------------------------+--------+
; Number detected on machine ; 6      ;
; Maximum allowed            ; 1      ;
+----------------------------+--------+


+------------------------------------------------------------------------------------------------------------------------------------------------------------------------------------------------------------------------------------------------------------------------------------------------------------------------------------------------------------------------------------------------------------------------+
; Clock Setup: 'clk'                                                                                                                                                                                                                                                                                                                                                                                                     ;
+-----------------------------------------+-----------------------------------------------------+------------------------------------------------------------------------------------------------------+-----------------------------------------------------------------------------------------------------+------------+----------+-----------------------------+---------------------------+-------------------------+
; Slack                                   ; Actual fmax (period)                                ; From                                                                                                 ; To                                                                                                  ; From Clock ; To Clock ; Required Setup Relationship ; Required Longest P2P Time ; Actual Longest P2P Time ;
+-----------------------------------------+-----------------------------------------------------+------------------------------------------------------------------------------------------------------+-----------------------------------------------------------------------------------------------------+------------+----------+-----------------------------+---------------------------+-------------------------+
; N/A                                     ; 397.46 MHz ( period = 2.516 ns )                    ; Arbitor:inst3|inst7                                                                                  ; Arbitor:inst3|inst6                                                                                 ; clk        ; clk      ; None                        ; None                      ; 2.342 ns                ;
; N/A                                     ; 397.46 MHz ( period = 2.516 ns )                    ; Arbitor:inst3|inst7                                                                                  ; Arbitor:inst3|inst6~DUPLICATE                                                                       ; clk        ; clk      ; None                        ; None                      ; 2.342 ns                ;
; N/A                                     ; 403.88 MHz ( period = 2.476 ns )                    ; Arbitor:inst3|inst9                                                                                  ; Arbitor:inst3|inst6                                                                                 ; clk        ; clk      ; None                        ; None                      ; 2.294 ns                ;
; N/A                                     ; 403.88 MHz ( period = 2.476 ns )                    ; Arbitor:inst3|inst9                                                                                  ; Arbitor:inst3|inst6~DUPLICATE                                                                       ; clk        ; clk      ; None                        ; None                      ; 2.294 ns                ;
; N/A                                     ; 406.34 MHz ( period = 2.461 ns )                    ; Arbitor:inst3|inst7                                                                                  ; Arbitor:inst3|inst7                                                                                 ; clk        ; clk      ; None                        ; None                      ; 2.277 ns                ;
; N/A                                     ; 413.05 MHz ( period = 2.421 ns )                    ; Arbitor:inst3|inst9                                                                                  ; Arbitor:inst3|inst7                                                                                 ; clk        ; clk      ; None                        ; None                      ; 2.229 ns                ;
; N/A                                     ; 413.22 MHz ( period = 2.420 ns )                    ; Arbitor:inst3|inst6                                                                                  ; Arbitor:inst3|inst6                                                                                 ; clk        ; clk      ; None                        ; None                      ; 2.236 ns                ;
; N/A                                     ; 413.22 MHz ( period = 2.420 ns )                    ; Arbitor:inst3|inst6                                                                                  ; Arbitor:inst3|inst6~DUPLICATE                                                                       ; clk        ; clk      ; None                        ; None                      ; 2.236 ns                ;
; N/A                                     ; 414.77 MHz ( period = 2.411 ns )                    ; Arbitor:inst3|inst5                                                                                  ; Arbitor:inst3|inst6                                                                                 ; clk        ; clk      ; None                        ; None                      ; 2.228 ns                ;
; N/A                                     ; 414.77 MHz ( period = 2.411 ns )                    ; Arbitor:inst3|inst5                                                                                  ; Arbitor:inst3|inst6~DUPLICATE                                                                       ; clk        ; clk      ; None                        ; None                      ; 2.228 ns                ;
; N/A                                     ; 421.41 MHz ( period = 2.373 ns )                    ; Arbitor:inst3|lpm_counter0:inst|lpm_counter:lpm_counter_component|cntr_joi:auto_generated|safe_q[2]  ; Arbitor:inst3|inst6                                                                                 ; clk        ; clk      ; None                        ; None                      ; 2.194 ns                ;
; N/A                                     ; 421.41 MHz ( period = 2.373 ns )                    ; Arbitor:inst3|lpm_counter0:inst|lpm_counter:lpm_counter_component|cntr_joi:auto_generated|safe_q[2]  ; Arbitor:inst3|inst6~DUPLICATE                                                                       ; clk        ; clk      ; None                        ; None                      ; 2.194 ns                ;
; N/A                                     ; 421.59 MHz ( period = 2.372 ns )                    ; Device4:inst4|lpm_counter0:inst3|lpm_counter:lpm_counter_component|cntr_joi:auto_generated|safe_q[1] ; lpm_dff1:inst6|lpm_ff:lpm_ff_component|dffs[1]                                                      ; clk        ; clk      ; None                        ; None                      ; 2.199 ns                ;
; N/A                                     ; 421.76 MHz ( period = 2.371 ns )                    ; Device4:inst4|lpm_counter0:inst3|lpm_counter:lpm_counter_component|cntr_joi:auto_generated|safe_q[1] ; lpm_dff1:inst5|lpm_ff:lpm_ff_component|dffs[1]                                                      ; clk        ; clk      ; None                        ; None                      ; 2.198 ns                ;
; N/A                                     ; 422.30 MHz ( period = 2.368 ns )                    ; Arbitor:inst3|lpm_counter0:inst|lpm_counter:lpm_counter_component|cntr_joi:auto_generated|safe_q[1]  ; Arbitor:inst3|inst7                                                                                 ; clk        ; clk      ; None                        ; None                      ; 2.179 ns                ;
; N/A                                     ; 422.83 MHz ( period = 2.365 ns )                    ; Arbitor:inst3|inst6                                                                                  ; Arbitor:inst3|inst7                                                                                 ; clk        ; clk      ; None                        ; None                      ; 2.171 ns                ;
; N/A                                     ; 424.45 MHz ( period = 2.356 ns )                    ; Arbitor:inst3|inst5                                                                                  ; Arbitor:inst3|inst7                                                                                 ; clk        ; clk      ; None                        ; None                      ; 2.163 ns                ;
; N/A                                     ; 424.63 MHz ( period = 2.355 ns )                    ; Arbitor:inst3|lpm_counter0:inst|lpm_counter:lpm_counter_component|cntr_joi:auto_generated|safe_q[0]  ; Arbitor:inst3|inst6                                                                                 ; clk        ; clk      ; None                        ; None                      ; 2.176 ns                ;
; N/A                                     ; 424.63 MHz ( period = 2.355 ns )                    ; Arbitor:inst3|lpm_counter0:inst|lpm_counter:lpm_counter_component|cntr_joi:auto_generated|safe_q[0]  ; Arbitor:inst3|inst6~DUPLICATE                                                                       ; clk        ; clk      ; None                        ; None                      ; 2.176 ns                ;
; N/A                                     ; 426.62 MHz ( period = 2.344 ns )                    ; Arbitor:inst3|inst14                                                                                 ; Arbitor:inst3|inst6                                                                                 ; clk        ; clk      ; None                        ; None                      ; 2.160 ns                ;
; N/A                                     ; 426.62 MHz ( period = 2.344 ns )                    ; Arbitor:inst3|inst14                                                                                 ; Arbitor:inst3|inst6~DUPLICATE                                                                       ; clk        ; clk      ; None                        ; None                      ; 2.160 ns                ;
; N/A                                     ; 435.16 MHz ( period = 2.298 ns )                    ; Arbitor:inst3|lpm_counter0:inst|lpm_counter:lpm_counter_component|cntr_joi:auto_generated|safe_q[0]  ; Arbitor:inst3|inst7                                                                                 ; clk        ; clk      ; None                        ; None                      ; 2.109 ns                ;
; N/A                                     ; 436.87 MHz ( period = 2.289 ns )                    ; Arbitor:inst3|inst14                                                                                 ; Arbitor:inst3|inst7                                                                                 ; clk        ; clk      ; None                        ; None                      ; 2.095 ns                ;
; N/A                                     ; 438.02 MHz ( period = 2.283 ns )                    ; Arbitor:inst3|inst7                                                                                  ; Arbitor:inst3|inst9                                                                                 ; clk        ; clk      ; None                        ; None                      ; 2.107 ns                ;
; N/A                                     ; 440.33 MHz ( period = 2.271 ns )                    ; Arbitor:inst3|inst7                                                                                  ; Arbitor:inst3|inst14                                                                                ; clk        ; clk      ; None                        ; None                      ; 2.097 ns                ;
; N/A                                     ; 442.09 MHz ( period = 2.262 ns )                    ; Arbitor:inst3|lpm_counter0:inst|lpm_counter:lpm_counter_component|cntr_joi:auto_generated|safe_q[3]  ; Arbitor:inst3|inst6                                                                                 ; clk        ; clk      ; None                        ; None                      ; 2.083 ns                ;
; N/A                                     ; 442.09 MHz ( period = 2.262 ns )                    ; Arbitor:inst3|lpm_counter0:inst|lpm_counter:lpm_counter_component|cntr_joi:auto_generated|safe_q[3]  ; Arbitor:inst3|inst6~DUPLICATE                                                                       ; clk        ; clk      ; None                        ; None                      ; 2.083 ns                ;
; N/A                                     ; 445.83 MHz ( period = 2.243 ns )                    ; Arbitor:inst3|inst9                                                                                  ; Arbitor:inst3|inst9                                                                                 ; clk        ; clk      ; None                        ; None                      ; 2.059 ns                ;
; N/A                                     ; 447.03 MHz ( period = 2.237 ns )                    ; Device4:inst4|lpm_counter0:inst3|lpm_counter:lpm_counter_component|cntr_joi:auto_generated|safe_q[0] ; lpm_dff1:inst6|lpm_ff:lpm_ff_component|dffs[1]                                                      ; clk        ; clk      ; None                        ; None                      ; 2.064 ns                ;
; N/A                                     ; 447.23 MHz ( period = 2.236 ns )                    ; Device4:inst4|lpm_counter0:inst3|lpm_counter:lpm_counter_component|cntr_joi:auto_generated|safe_q[0] ; lpm_dff1:inst5|lpm_ff:lpm_ff_component|dffs[1]                                                      ; clk        ; clk      ; None                        ; None                      ; 2.063 ns                ;
; N/A                                     ; 448.23 MHz ( period = 2.231 ns )                    ; Arbitor:inst3|inst9                                                                                  ; Arbitor:inst3|inst14                                                                                ; clk        ; clk      ; None                        ; None                      ; 2.049 ns                ;
; N/A                                     ; 448.63 MHz ( period = 2.229 ns )                    ; Arbitor:inst3|lpm_counter0:inst|lpm_counter:lpm_counter_component|cntr_joi:auto_generated|safe_q[1]  ; Arbitor:inst3|inst6                                                                                 ; clk        ; clk      ; None                        ; None                      ; 2.050 ns                ;
; N/A                                     ; 448.63 MHz ( period = 2.229 ns )                    ; Arbitor:inst3|lpm_counter0:inst|lpm_counter:lpm_counter_component|cntr_joi:auto_generated|safe_q[1]  ; Arbitor:inst3|inst6~DUPLICATE                                                                       ; clk        ; clk      ; None                        ; None                      ; 2.050 ns                ;
; N/A                                     ; 453.51 MHz ( period = 2.205 ns )                    ; Device4:inst4|lpm_counter0:inst3|lpm_counter:lpm_counter_component|cntr_joi:auto_generated|safe_q[2] ; lpm_dff1:inst6|lpm_ff:lpm_ff_component|dffs[1]                                                      ; clk        ; clk      ; None                        ; None                      ; 2.032 ns                ;
; N/A                                     ; 453.72 MHz ( period = 2.204 ns )                    ; Device4:inst4|lpm_counter0:inst3|lpm_counter:lpm_counter_component|cntr_joi:auto_generated|safe_q[2] ; lpm_dff1:inst5|lpm_ff:lpm_ff_component|dffs[1]                                                      ; clk        ; clk      ; None                        ; None                      ; 2.031 ns                ;
; N/A                                     ; 457.25 MHz ( period = 2.187 ns )                    ; Arbitor:inst3|inst7                                                                                  ; Arbitor:inst3|inst5                                                                                 ; clk        ; clk      ; None                        ; None                      ; 2.012 ns                ;
; N/A                                     ; 457.25 MHz ( period = 2.187 ns )                    ; Arbitor:inst3|inst6                                                                                  ; Arbitor:inst3|inst9                                                                                 ; clk        ; clk      ; None                        ; None                      ; 2.001 ns                ;
; N/A                                     ; 458.51 MHz ( period = 2.181 ns )                    ; Arbitor:inst3|lpm_counter0:inst|lpm_counter:lpm_counter_component|cntr_joi:auto_generated|safe_q[3]  ; Arbitor:inst3|inst7                                                                                 ; clk        ; clk      ; None                        ; None                      ; 1.992 ns                ;
; N/A                                     ; 459.14 MHz ( period = 2.178 ns )                    ; Arbitor:inst3|inst5                                                                                  ; Arbitor:inst3|inst9                                                                                 ; clk        ; clk      ; None                        ; None                      ; 1.993 ns                ;
; N/A                                     ; 459.77 MHz ( period = 2.175 ns )                    ; Arbitor:inst3|inst6                                                                                  ; Arbitor:inst3|inst14                                                                                ; clk        ; clk      ; None                        ; None                      ; 1.991 ns                ;
; N/A                                     ; 460.62 MHz ( period = 2.171 ns )                    ; Arbitor:inst3|lpm_counter0:inst|lpm_counter:lpm_counter_component|cntr_joi:auto_generated|safe_q[2]  ; Arbitor:inst3|inst7                                                                                 ; clk        ; clk      ; None                        ; None                      ; 1.982 ns                ;
; N/A                                     ; 461.04 MHz ( period = 2.169 ns )                    ; Arbitor:inst3|inst7                                                                                  ; Arbitor:inst3|lpm_counter0:inst|lpm_counter:lpm_counter_component|cntr_joi:auto_generated|safe_q[2] ; clk        ; clk      ; None                        ; None                      ; 1.990 ns                ;
; N/A                                     ; 461.04 MHz ( period = 2.169 ns )                    ; Arbitor:inst3|inst7                                                                                  ; Arbitor:inst3|lpm_counter0:inst|lpm_counter:lpm_counter_component|cntr_joi:auto_generated|safe_q[0] ; clk        ; clk      ; None                        ; None                      ; 1.990 ns                ;
; N/A                                     ; 461.04 MHz ( period = 2.169 ns )                    ; Arbitor:inst3|inst7                                                                                  ; Arbitor:inst3|lpm_counter0:inst|lpm_counter:lpm_counter_component|cntr_joi:auto_generated|safe_q[1] ; clk        ; clk      ; None                        ; None                      ; 1.990 ns                ;
; N/A                                     ; 461.04 MHz ( period = 2.169 ns )                    ; Arbitor:inst3|inst7                                                                                  ; Arbitor:inst3|lpm_counter0:inst|lpm_counter:lpm_counter_component|cntr_joi:auto_generated|safe_q[3] ; clk        ; clk      ; None                        ; None                      ; 1.990 ns                ;
; N/A                                     ; 461.68 MHz ( period = 2.166 ns )                    ; Arbitor:inst3|inst5                                                                                  ; Arbitor:inst3|inst14                                                                                ; clk        ; clk      ; None                        ; None                      ; 1.983 ns                ;
; N/A                                     ; 465.12 MHz ( period = 2.150 ns )                    ; Arbitor:inst3|lpm_counter0:inst|lpm_counter:lpm_counter_component|cntr_joi:auto_generated|safe_q[2]  ; Arbitor:inst3|inst9                                                                                 ; clk        ; clk      ; None                        ; None                      ; 1.969 ns                ;
; N/A                                     ; 465.77 MHz ( period = 2.147 ns )                    ; Arbitor:inst3|inst9                                                                                  ; Arbitor:inst3|inst5                                                                                 ; clk        ; clk      ; None                        ; None                      ; 1.964 ns                ;
; N/A                                     ; 467.95 MHz ( period = 2.137 ns )                    ; Device1:inst|lpm_counter0:inst3|lpm_counter:lpm_counter_component|cntr_joi:auto_generated|safe_q[0]  ; lpm_dff1:inst7|lpm_ff:lpm_ff_component|dffs[4]                                                      ; clk        ; clk      ; None                        ; None                      ; 1.950 ns                ;
; N/A                                     ; 469.26 MHz ( period = 2.131 ns )                    ; Device4:inst4|lpm_counter0:inst3|lpm_counter:lpm_counter_component|cntr_joi:auto_generated|safe_q[1] ; lpm_dff1:inst7|lpm_ff:lpm_ff_component|dffs[4]                                                      ; clk        ; clk      ; None                        ; None                      ; 1.945 ns                ;
; N/A                                     ; 469.70 MHz ( period = 2.129 ns )                    ; Arbitor:inst3|inst9                                                                                  ; Arbitor:inst3|lpm_counter0:inst|lpm_counter:lpm_counter_component|cntr_joi:auto_generated|safe_q[2] ; clk        ; clk      ; None                        ; None                      ; 1.942 ns                ;
; N/A                                     ; 469.70 MHz ( period = 2.129 ns )                    ; Arbitor:inst3|inst9                                                                                  ; Arbitor:inst3|lpm_counter0:inst|lpm_counter:lpm_counter_component|cntr_joi:auto_generated|safe_q[0] ; clk        ; clk      ; None                        ; None                      ; 1.942 ns                ;
; N/A                                     ; 469.70 MHz ( period = 2.129 ns )                    ; Arbitor:inst3|inst9                                                                                  ; Arbitor:inst3|lpm_counter0:inst|lpm_counter:lpm_counter_component|cntr_joi:auto_generated|safe_q[1] ; clk        ; clk      ; None                        ; None                      ; 1.942 ns                ;
; N/A                                     ; 469.70 MHz ( period = 2.129 ns )                    ; Arbitor:inst3|inst9                                                                                  ; Arbitor:inst3|lpm_counter0:inst|lpm_counter:lpm_counter_component|cntr_joi:auto_generated|safe_q[3] ; clk        ; clk      ; None                        ; None                      ; 1.942 ns                ;
; N/A                                     ; 469.92 MHz ( period = 2.128 ns )                    ; Arbitor:inst3|lpm_counter0:inst|lpm_counter:lpm_counter_component|cntr_joi:auto_generated|safe_q[2]  ; Arbitor:inst3|inst14                                                                                ; clk        ; clk      ; None                        ; None                      ; 1.949 ns                ;
; N/A                                     ; 471.48 MHz ( period = 2.121 ns )                    ; Arbitor:inst3|lpm_counter0:inst|lpm_counter:lpm_counter_component|cntr_joi:auto_generated|safe_q[0]  ; Arbitor:inst3|inst9                                                                                 ; clk        ; clk      ; None                        ; None                      ; 1.940 ns                ;
; N/A                                     ; 473.71 MHz ( period = 2.111 ns )                    ; Arbitor:inst3|inst14                                                                                 ; Arbitor:inst3|inst9                                                                                 ; clk        ; clk      ; None                        ; None                      ; 1.925 ns                ;
; N/A                                     ; 473.93 MHz ( period = 2.110 ns )                    ; Arbitor:inst3|lpm_counter0:inst|lpm_counter:lpm_counter_component|cntr_joi:auto_generated|safe_q[0]  ; Arbitor:inst3|inst14                                                                                ; clk        ; clk      ; None                        ; None                      ; 1.931 ns                ;
; N/A                                     ; 474.16 MHz ( period = 2.109 ns )                    ; Device4:inst4|lpm_counter0:inst3|lpm_counter:lpm_counter_component|cntr_joi:auto_generated|safe_q[1] ; lpm_dff1:inst6|lpm_ff:lpm_ff_component|dffs[0]                                                      ; clk        ; clk      ; None                        ; None                      ; 1.923 ns                ;
; N/A                                     ; 474.16 MHz ( period = 2.109 ns )                    ; Device1:inst|lpm_counter0:inst3|lpm_counter:lpm_counter_component|cntr_joi:auto_generated|safe_q[0]  ; lpm_dff1:inst7|lpm_ff:lpm_ff_component|dffs[5]                                                      ; clk        ; clk      ; None                        ; None                      ; 1.922 ns                ;
; N/A                                     ; 474.38 MHz ( period = 2.108 ns )                    ; Device4:inst4|lpm_counter0:inst3|lpm_counter:lpm_counter_component|cntr_joi:auto_generated|safe_q[1] ; lpm_dff1:inst5|lpm_ff:lpm_ff_component|dffs[0]                                                      ; clk        ; clk      ; None                        ; None                      ; 1.922 ns                ;
; N/A                                     ; 476.42 MHz ( period = 2.099 ns )                    ; Arbitor:inst3|inst14                                                                                 ; Arbitor:inst3|inst14                                                                                ; clk        ; clk      ; None                        ; None                      ; 1.915 ns                ;
; N/A                                     ; 478.24 MHz ( period = 2.091 ns )                    ; Arbitor:inst3|inst6                                                                                  ; Arbitor:inst3|inst5                                                                                 ; clk        ; clk      ; None                        ; None                      ; 1.906 ns                ;
; N/A                                     ; 480.31 MHz ( period = 2.082 ns )                    ; Arbitor:inst3|inst5                                                                                  ; Arbitor:inst3|inst5                                                                                 ; clk        ; clk      ; None                        ; None                      ; 1.898 ns                ;
; N/A                                     ; 482.39 MHz ( period = 2.073 ns )                    ; Arbitor:inst3|inst6                                                                                  ; Arbitor:inst3|lpm_counter0:inst|lpm_counter:lpm_counter_component|cntr_joi:auto_generated|safe_q[2] ; clk        ; clk      ; None                        ; None                      ; 1.884 ns                ;
; N/A                                     ; 482.39 MHz ( period = 2.073 ns )                    ; Arbitor:inst3|inst6                                                                                  ; Arbitor:inst3|lpm_counter0:inst|lpm_counter:lpm_counter_component|cntr_joi:auto_generated|safe_q[0] ; clk        ; clk      ; None                        ; None                      ; 1.884 ns                ;
; N/A                                     ; 482.39 MHz ( period = 2.073 ns )                    ; Arbitor:inst3|inst6                                                                                  ; Arbitor:inst3|lpm_counter0:inst|lpm_counter:lpm_counter_component|cntr_joi:auto_generated|safe_q[1] ; clk        ; clk      ; None                        ; None                      ; 1.884 ns                ;
; N/A                                     ; 482.39 MHz ( period = 2.073 ns )                    ; Arbitor:inst3|inst6                                                                                  ; Arbitor:inst3|lpm_counter0:inst|lpm_counter:lpm_counter_component|cntr_joi:auto_generated|safe_q[3] ; clk        ; clk      ; None                        ; None                      ; 1.884 ns                ;
; N/A                                     ; 484.50 MHz ( period = 2.064 ns )                    ; Arbitor:inst3|inst5                                                                                  ; Arbitor:inst3|lpm_counter0:inst|lpm_counter:lpm_counter_component|cntr_joi:auto_generated|safe_q[2] ; clk        ; clk      ; None                        ; None                      ; 1.876 ns                ;
; N/A                                     ; 484.50 MHz ( period = 2.064 ns )                    ; Arbitor:inst3|inst5                                                                                  ; Arbitor:inst3|lpm_counter0:inst|lpm_counter:lpm_counter_component|cntr_joi:auto_generated|safe_q[0] ; clk        ; clk      ; None                        ; None                      ; 1.876 ns                ;
; N/A                                     ; 484.50 MHz ( period = 2.064 ns )                    ; Arbitor:inst3|inst5                                                                                  ; Arbitor:inst3|lpm_counter0:inst|lpm_counter:lpm_counter_component|cntr_joi:auto_generated|safe_q[1] ; clk        ; clk      ; None                        ; None                      ; 1.876 ns                ;
; N/A                                     ; 484.50 MHz ( period = 2.064 ns )                    ; Arbitor:inst3|inst5                                                                                  ; Arbitor:inst3|lpm_counter0:inst|lpm_counter:lpm_counter_component|cntr_joi:auto_generated|safe_q[3] ; clk        ; clk      ; None                        ; None                      ; 1.876 ns                ;
; N/A                                     ; 486.62 MHz ( period = 2.055 ns )                    ; Arbitor:inst3|lpm_counter0:inst|lpm_counter:lpm_counter_component|cntr_joi:auto_generated|safe_q[2]  ; Arbitor:inst3|inst5                                                                                 ; clk        ; clk      ; None                        ; None                      ; 1.875 ns                ;
; N/A                                     ; 489.48 MHz ( period = 2.043 ns )                    ; Device1:inst|lpm_counter0:inst3|lpm_counter:lpm_counter_component|cntr_joi:auto_generated|safe_q[0]  ; lpm_dff1:inst5|lpm_ff:lpm_ff_component|dffs[2]                                                      ; clk        ; clk      ; None                        ; None                      ; 1.869 ns                ;
; N/A                                     ; 489.72 MHz ( period = 2.042 ns )                    ; Device1:inst|lpm_counter0:inst3|lpm_counter:lpm_counter_component|cntr_joi:auto_generated|safe_q[0]  ; lpm_dff1:inst6|lpm_ff:lpm_ff_component|dffs[2]                                                      ; clk        ; clk      ; None                        ; None                      ; 1.868 ns                ;
; N/A                                     ; 489.96 MHz ( period = 2.041 ns )                    ; Device4:inst4|lpm_counter0:inst3|lpm_counter:lpm_counter_component|cntr_joi:auto_generated|safe_q[3] ; lpm_dff1:inst6|lpm_ff:lpm_ff_component|dffs[1]                                                      ; clk        ; clk      ; None                        ; None                      ; 1.868 ns                ;
; N/A                                     ; 490.20 MHz ( period = 2.040 ns )                    ; Device4:inst4|lpm_counter0:inst3|lpm_counter:lpm_counter_component|cntr_joi:auto_generated|safe_q[3] ; lpm_dff1:inst5|lpm_ff:lpm_ff_component|dffs[1]                                                      ; clk        ; clk      ; None                        ; None                      ; 1.867 ns                ;
; N/A                                     ; 491.16 MHz ( period = 2.036 ns )                    ; Device1:inst|lpm_counter0:inst3|lpm_counter:lpm_counter_component|cntr_joi:auto_generated|safe_q[0]  ; lpm_dff1:inst6|lpm_ff:lpm_ff_component|dffs[3]                                                      ; clk        ; clk      ; None                        ; None                      ; 1.849 ns                ;
; N/A                                     ; 491.16 MHz ( period = 2.036 ns )                    ; Device1:inst|lpm_counter0:inst3|lpm_counter:lpm_counter_component|cntr_joi:auto_generated|safe_q[0]  ; lpm_dff1:inst5|lpm_ff:lpm_ff_component|dffs[4]                                                      ; clk        ; clk      ; None                        ; None                      ; 1.849 ns                ;
; N/A                                     ; 491.40 MHz ( period = 2.035 ns )                    ; Device1:inst|lpm_counter0:inst3|lpm_counter:lpm_counter_component|cntr_joi:auto_generated|safe_q[0]  ; lpm_dff1:inst5|lpm_ff:lpm_ff_component|dffs[3]                                                      ; clk        ; clk      ; None                        ; None                      ; 1.848 ns                ;
; N/A                                     ; 492.61 MHz ( period = 2.030 ns )                    ; Device4:inst4|lpm_counter0:inst3|lpm_counter:lpm_counter_component|cntr_joi:auto_generated|safe_q[1] ; lpm_dff1:inst6|lpm_ff:lpm_ff_component|dffs[3]                                                      ; clk        ; clk      ; None                        ; None                      ; 1.844 ns                ;
; N/A                                     ; 492.61 MHz ( period = 2.030 ns )                    ; Device4:inst4|lpm_counter0:inst3|lpm_counter:lpm_counter_component|cntr_joi:auto_generated|safe_q[1] ; lpm_dff1:inst5|lpm_ff:lpm_ff_component|dffs[4]                                                      ; clk        ; clk      ; None                        ; None                      ; 1.844 ns                ;
; N/A                                     ; 492.85 MHz ( period = 2.029 ns )                    ; Arbitor:inst3|lpm_counter0:inst|lpm_counter:lpm_counter_component|cntr_joi:auto_generated|safe_q[1]  ; Arbitor:inst3|inst9                                                                                 ; clk        ; clk      ; None                        ; None                      ; 1.848 ns                ;
; N/A                                     ; 492.85 MHz ( period = 2.029 ns )                    ; Device4:inst4|lpm_counter0:inst3|lpm_counter:lpm_counter_component|cntr_joi:auto_generated|safe_q[1] ; lpm_dff1:inst5|lpm_ff:lpm_ff_component|dffs[3]                                                      ; clk        ; clk      ; None                        ; None                      ; 1.843 ns                ;
; N/A                                     ; 493.34 MHz ( period = 2.027 ns )                    ; Device1:inst|lpm_counter0:inst3|lpm_counter:lpm_counter_component|cntr_joi:auto_generated|safe_q[0]  ; lpm_dff1:inst7|lpm_ff:lpm_ff_component|dffs[3]                                                      ; clk        ; clk      ; None                        ; None                      ; 1.840 ns                ;
; N/A                                     ; 493.58 MHz ( period = 2.026 ns )                    ; Arbitor:inst3|lpm_counter0:inst|lpm_counter:lpm_counter_component|cntr_joi:auto_generated|safe_q[0]  ; Arbitor:inst3|inst5                                                                                 ; clk        ; clk      ; None                        ; None                      ; 1.846 ns                ;
; N/A                                     ; 494.80 MHz ( period = 2.021 ns )                    ; Device4:inst4|lpm_counter0:inst3|lpm_counter:lpm_counter_component|cntr_joi:auto_generated|safe_q[1] ; lpm_dff1:inst7|lpm_ff:lpm_ff_component|dffs[3]                                                      ; clk        ; clk      ; None                        ; None                      ; 1.835 ns                ;
; N/A                                     ; 496.28 MHz ( period = 2.015 ns )                    ; Arbitor:inst3|inst14                                                                                 ; Arbitor:inst3|inst5                                                                                 ; clk        ; clk      ; None                        ; None                      ; 1.830 ns                ;
; N/A                                     ; 496.77 MHz ( period = 2.013 ns )                    ; Device1:inst|lpm_counter0:inst3|lpm_counter:lpm_counter_component|cntr_joi:auto_generated|safe_q[2]  ; lpm_dff1:inst7|lpm_ff:lpm_ff_component|dffs[4]                                                      ; clk        ; clk      ; None                        ; None                      ; 1.826 ns                ;
; N/A                                     ; 498.01 MHz ( period = 2.008 ns )                    ; Device1:inst|lpm_counter0:inst3|lpm_counter:lpm_counter_component|cntr_joi:auto_generated|safe_q[0]  ; lpm_dff1:inst5|lpm_ff:lpm_ff_component|dffs[5]                                                      ; clk        ; clk      ; None                        ; None                      ; 1.821 ns                ;
; N/A                                     ; 498.75 MHz ( period = 2.005 ns )                    ; Arbitor:inst3|inst7                                                                                  ; lpm_dff1:inst7|lpm_ff:lpm_ff_component|dffs[5]                                                      ; clk        ; clk      ; None                        ; None                      ; 1.827 ns                ;
; N/A                                     ; 498.75 MHz ( period = 2.005 ns )                    ; Arbitor:inst3|inst7                                                                                  ; lpm_dff1:inst7|lpm_ff:lpm_ff_component|dffs[4]                                                      ; clk        ; clk      ; None                        ; None                      ; 1.827 ns                ;
; N/A                                     ; 498.75 MHz ( period = 2.005 ns )                    ; Arbitor:inst3|inst7                                                                                  ; lpm_dff1:inst7|lpm_ff:lpm_ff_component|dffs[3]                                                      ; clk        ; clk      ; None                        ; None                      ; 1.827 ns                ;
; N/A                                     ; 498.75 MHz ( period = 2.005 ns )                    ; Arbitor:inst3|inst7                                                                                  ; lpm_dff1:inst7|lpm_ff:lpm_ff_component|dffs[2]                                                      ; clk        ; clk      ; None                        ; None                      ; 1.827 ns                ;
; N/A                                     ; 498.75 MHz ( period = 2.005 ns )                    ; Arbitor:inst3|inst7                                                                                  ; lpm_dff1:inst7|lpm_ff:lpm_ff_component|dffs[1]                                                      ; clk        ; clk      ; None                        ; None                      ; 1.827 ns                ;
; N/A                                     ; 498.75 MHz ( period = 2.005 ns )                    ; Arbitor:inst3|inst7                                                                                  ; lpm_dff1:inst7|lpm_ff:lpm_ff_component|dffs[0]                                                      ; clk        ; clk      ; None                        ; None                      ; 1.827 ns                ;
; N/A                                     ; Restricted to 500.00 MHz ( period = 2.000 ns )      ; Arbitor:inst3|inst14                                                                                 ; Arbitor:inst3|lpm_counter0:inst|lpm_counter:lpm_counter_component|cntr_joi:auto_generated|safe_q[2] ; clk        ; clk      ; None                        ; None                      ; 1.808 ns                ;
; N/A                                     ; Restricted to 500.00 MHz ( period = 2.000 ns )      ; Arbitor:inst3|inst14                                                                                 ; Arbitor:inst3|lpm_counter0:inst|lpm_counter:lpm_counter_component|cntr_joi:auto_generated|safe_q[0] ; clk        ; clk      ; None                        ; None                      ; 1.808 ns                ;
; N/A                                     ; Restricted to 500.00 MHz ( period = 2.000 ns )      ; Arbitor:inst3|inst14                                                                                 ; Arbitor:inst3|lpm_counter0:inst|lpm_counter:lpm_counter_component|cntr_joi:auto_generated|safe_q[1] ; clk        ; clk      ; None                        ; None                      ; 1.808 ns                ;
; N/A                                     ; Restricted to 500.00 MHz ( period = 2.000 ns )      ; Arbitor:inst3|inst14                                                                                 ; Arbitor:inst3|lpm_counter0:inst|lpm_counter:lpm_counter_component|cntr_joi:auto_generated|safe_q[3] ; clk        ; clk      ; None                        ; None                      ; 1.808 ns                ;
; N/A                                     ; Restricted to 500.00 MHz ( period = 2.000 ns )      ; Device4:inst4|lpm_counter0:inst3|lpm_counter:lpm_counter_component|cntr_joi:auto_generated|safe_q[0] ; lpm_dff1:inst7|lpm_ff:lpm_ff_component|dffs[4]                                                      ; clk        ; clk      ; None                        ; None                      ; 1.810 ns                ;
; N/A                                     ; Restricted to 500.00 MHz ( period = 2.000 ns )      ; Device1:inst|lpm_counter0:inst3|lpm_counter:lpm_counter_component|cntr_joi:auto_generated|safe_q[2]  ; lpm_dff1:inst7|lpm_ff:lpm_ff_component|dffs[5]                                                      ; clk        ; clk      ; None                        ; None                      ; 1.798 ns                ;
; N/A                                     ; Restricted to 500.00 MHz ( period = 2.000 ns )      ; Arbitor:inst3|inst14                                                                                 ; lpm_dff1:inst7|lpm_ff:lpm_ff_component|dffs[5]                                                      ; clk        ; clk      ; None                        ; None                      ; 1.797 ns                ;
; N/A                                     ; Restricted to 500.00 MHz ( period = 2.000 ns )      ; Arbitor:inst3|inst14                                                                                 ; lpm_dff1:inst7|lpm_ff:lpm_ff_component|dffs[4]                                                      ; clk        ; clk      ; None                        ; None                      ; 1.797 ns                ;
; N/A                                     ; Restricted to 500.00 MHz ( period = 2.000 ns )      ; Arbitor:inst3|inst14                                                                                 ; lpm_dff1:inst7|lpm_ff:lpm_ff_component|dffs[3]                                                      ; clk        ; clk      ; None                        ; None                      ; 1.797 ns                ;
; N/A                                     ; Restricted to 500.00 MHz ( period = 2.000 ns )      ; Arbitor:inst3|inst14                                                                                 ; lpm_dff1:inst7|lpm_ff:lpm_ff_component|dffs[2]                                                      ; clk        ; clk      ; None                        ; None                      ; 1.797 ns                ;
; N/A                                     ; Restricted to 500.00 MHz ( period = 2.000 ns )      ; Arbitor:inst3|inst14                                                                                 ; lpm_dff1:inst7|lpm_ff:lpm_ff_component|dffs[1]                                                      ; clk        ; clk      ; None                        ; None                      ; 1.797 ns                ;
; N/A                                     ; Restricted to 500.00 MHz ( period = 2.000 ns )      ; Arbitor:inst3|inst14                                                                                 ; lpm_dff1:inst7|lpm_ff:lpm_ff_component|dffs[0]                                                      ; clk        ; clk      ; None                        ; None                      ; 1.797 ns                ;
; N/A                                     ; Restricted to 500.00 MHz ( period = 2.000 ns )      ; Arbitor:inst3|lpm_counter0:inst|lpm_counter:lpm_counter_component|cntr_joi:auto_generated|safe_q[1]  ; Arbitor:inst3|inst14                                                                                ; clk        ; clk      ; None                        ; None                      ; 1.801 ns                ;
; N/A                                     ; Restricted to 500.00 MHz ( period = 2.000 ns )      ; Arbitor:inst3|lpm_counter0:inst|lpm_counter:lpm_counter_component|cntr_joi:auto_generated|safe_q[3]  ; Arbitor:inst3|inst14                                                                                ; clk        ; clk      ; None                        ; None                      ; 1.798 ns                ;
; N/A                                     ; Restricted to 500.00 MHz ( period = 2.000 ns )      ; Device4:inst4|lpm_counter0:inst3|lpm_counter:lpm_counter_component|cntr_joi:auto_generated|safe_q[0] ; lpm_dff1:inst6|lpm_ff:lpm_ff_component|dffs[0]                                                      ; clk        ; clk      ; None                        ; None                      ; 1.788 ns                ;
; N/A                                     ; Restricted to 500.00 MHz ( period = 2.000 ns )      ; Device4:inst4|lpm_counter0:inst3|lpm_counter:lpm_counter_component|cntr_joi:auto_generated|safe_q[0] ; lpm_dff1:inst5|lpm_ff:lpm_ff_component|dffs[0]                                                      ; clk        ; clk      ; None                        ; None                      ; 1.787 ns                ;
; N/A                                     ; Restricted to 500.00 MHz ( period = 2.000 ns )      ; Device1:inst|lpm_counter0:inst3|lpm_counter:lpm_counter_component|cntr_joi:auto_generated|safe_q[3]  ; lpm_dff1:inst7|lpm_ff:lpm_ff_component|dffs[4]                                                      ; clk        ; clk      ; None                        ; None                      ; 1.783 ns                ;
; N/A                                     ; Restricted to 500.00 MHz ( period = 2.000 ns )      ; Device4:inst4|lpm_counter0:inst3|lpm_counter:lpm_counter_component|cntr_joi:auto_generated|safe_q[2] ; lpm_dff1:inst7|lpm_ff:lpm_ff_component|dffs[4]                                                      ; clk        ; clk      ; None                        ; None                      ; 1.778 ns                ;
; N/A                                     ; Restricted to 500.00 MHz ( period = 2.000 ns )      ; Arbitor:inst3|inst5                                                                                  ; lpm_dff1:inst6|lpm_ff:lpm_ff_component|dffs[5]                                                      ; clk        ; clk      ; None                        ; None                      ; 1.776 ns                ;
; N/A                                     ; Restricted to 500.00 MHz ( period = 2.000 ns )      ; Arbitor:inst3|inst5                                                                                  ; lpm_dff1:inst6|lpm_ff:lpm_ff_component|dffs[4]                                                      ; clk        ; clk      ; None                        ; None                      ; 1.776 ns                ;
; N/A                                     ; Restricted to 500.00 MHz ( period = 2.000 ns )      ; Arbitor:inst3|inst5                                                                                  ; lpm_dff1:inst6|lpm_ff:lpm_ff_component|dffs[3]                                                      ; clk        ; clk      ; None                        ; None                      ; 1.776 ns                ;
; N/A                                     ; Restricted to 500.00 MHz ( period = 2.000 ns )      ; Arbitor:inst3|inst5                                                                                  ; lpm_dff1:inst6|lpm_ff:lpm_ff_component|dffs[0]                                                      ; clk        ; clk      ; None                        ; None                      ; 1.776 ns                ;
; N/A                                     ; Restricted to 500.00 MHz ( period = 2.000 ns )      ; Device1:inst|lpm_counter0:inst3|lpm_counter:lpm_counter_component|cntr_joi:auto_generated|safe_q[1]  ; lpm_dff1:inst7|lpm_ff:lpm_ff_component|dffs[4]                                                      ; clk        ; clk      ; None                        ; None                      ; 1.768 ns                ;
; N/A                                     ; Restricted to 500.00 MHz ( period = 2.000 ns )      ; Arbitor:inst3|lpm_counter0:inst|lpm_counter:lpm_counter_component|cntr_joi:auto_generated|safe_q[3]  ; Arbitor:inst3|inst9                                                                                 ; clk        ; clk      ; None                        ; None                      ; 1.767 ns                ;
; N/A                                     ; Restricted to 500.00 MHz ( period = 2.000 ns )      ; Device4:inst4|lpm_counter0:inst3|lpm_counter:lpm_counter_component|cntr_joi:auto_generated|safe_q[2] ; lpm_dff1:inst6|lpm_ff:lpm_ff_component|dffs[0]                                                      ; clk        ; clk      ; None                        ; None                      ; 1.756 ns                ;
; N/A                                     ; Restricted to 500.00 MHz ( period = 2.000 ns )      ; Device1:inst|lpm_counter0:inst3|lpm_counter:lpm_counter_component|cntr_joi:auto_generated|safe_q[3]  ; lpm_dff1:inst7|lpm_ff:lpm_ff_component|dffs[5]                                                      ; clk        ; clk      ; None                        ; None                      ; 1.755 ns                ;
; N/A                                     ; Restricted to 500.00 MHz ( period = 2.000 ns )      ; Device4:inst4|lpm_counter0:inst3|lpm_counter:lpm_counter_component|cntr_joi:auto_generated|safe_q[2] ; lpm_dff1:inst5|lpm_ff:lpm_ff_component|dffs[0]                                                      ; clk        ; clk      ; None                        ; None                      ; 1.755 ns                ;
; N/A                                     ; Restricted to 500.00 MHz ( period = 2.000 ns )      ; Device1:inst|lpm_counter0:inst3|lpm_counter:lpm_counter_component|cntr_joi:auto_generated|safe_q[1]  ; lpm_dff1:inst7|lpm_ff:lpm_ff_component|dffs[5]                                                      ; clk        ; clk      ; None                        ; None                      ; 1.740 ns                ;
; N/A                                     ; Restricted to 500.00 MHz ( period = 2.000 ns )      ; Device1:inst|lpm_counter0:inst3|lpm_counter:lpm_counter_component|cntr_joi:auto_generated|safe_q[2]  ; lpm_dff1:inst5|lpm_ff:lpm_ff_component|dffs[2]                                                      ; clk        ; clk      ; None                        ; None                      ; 1.745 ns                ;
; N/A                                     ; Restricted to 500.00 MHz ( period = 2.000 ns )      ; Device1:inst|lpm_counter0:inst3|lpm_counter:lpm_counter_component|cntr_joi:auto_generated|safe_q[2]  ; lpm_dff1:inst6|lpm_ff:lpm_ff_component|dffs[2]                                                      ; clk        ; clk      ; None                        ; None                      ; 1.744 ns                ;
; N/A                                     ; Restricted to 500.00 MHz ( period = 2.000 ns )      ; Arbitor:inst3|inst5                                                                                  ; lpm_dff1:inst6|lpm_ff:lpm_ff_component|dffs[2]                                                      ; clk        ; clk      ; None                        ; None                      ; 1.741 ns                ;
; N/A                                     ; Restricted to 500.00 MHz ( period = 2.000 ns )      ; Arbitor:inst3|inst5                                                                                  ; lpm_dff1:inst6|lpm_ff:lpm_ff_component|dffs[1]                                                      ; clk        ; clk      ; None                        ; None                      ; 1.741 ns                ;
; N/A                                     ; Restricted to 500.00 MHz ( period = 2.000 ns )      ; Arbitor:inst3|lpm_counter0:inst|lpm_counter:lpm_counter_component|cntr_joi:auto_generated|safe_q[3]  ; Arbitor:inst3|inst5                                                                                 ; clk        ; clk      ; None                        ; None                      ; 1.733 ns                ;
; N/A                                     ; Restricted to 500.00 MHz ( period = 2.000 ns )      ; Device1:inst|lpm_counter0:inst3|lpm_counter:lpm_counter_component|cntr_joi:auto_generated|safe_q[2]  ; lpm_dff1:inst6|lpm_ff:lpm_ff_component|dffs[3]                                                      ; clk        ; clk      ; None                        ; None                      ; 1.725 ns                ;
; N/A                                     ; Restricted to 500.00 MHz ( period = 2.000 ns )      ; Device1:inst|lpm_counter0:inst3|lpm_counter:lpm_counter_component|cntr_joi:auto_generated|safe_q[2]  ; lpm_dff1:inst5|lpm_ff:lpm_ff_component|dffs[4]                                                      ; clk        ; clk      ; None                        ; None                      ; 1.725 ns                ;
; N/A                                     ; Restricted to 500.00 MHz ( period = 2.000 ns )      ; Device1:inst|lpm_counter0:inst3|lpm_counter:lpm_counter_component|cntr_joi:auto_generated|safe_q[2]  ; lpm_dff1:inst5|lpm_ff:lpm_ff_component|dffs[3]                                                      ; clk        ; clk      ; None                        ; None                      ; 1.724 ns                ;
; N/A                                     ; Restricted to 500.00 MHz ( period = 2.000 ns )      ; Device1:inst|lpm_counter0:inst3|lpm_counter:lpm_counter_component|cntr_joi:auto_generated|safe_q[2]  ; lpm_dff1:inst7|lpm_ff:lpm_ff_component|dffs[3]                                                      ; clk        ; clk      ; None                        ; None                      ; 1.716 ns                ;
; N/A                                     ; Restricted to 500.00 MHz ( period = 2.000 ns )      ; Device4:inst4|lpm_counter0:inst3|lpm_counter:lpm_counter_component|cntr_joi:auto_generated|safe_q[0] ; lpm_dff1:inst6|lpm_ff:lpm_ff_component|dffs[3]                                                      ; clk        ; clk      ; None                        ; None                      ; 1.709 ns                ;
; N/A                                     ; Restricted to 500.00 MHz ( period = 2.000 ns )      ; Device4:inst4|lpm_counter0:inst3|lpm_counter:lpm_counter_component|cntr_joi:auto_generated|safe_q[0] ; lpm_dff1:inst5|lpm_ff:lpm_ff_component|dffs[4]                                                      ; clk        ; clk      ; None                        ; None                      ; 1.709 ns                ;
; N/A                                     ; Restricted to 500.00 MHz ( period = 2.000 ns )      ; Device4:inst4|lpm_counter0:inst3|lpm_counter:lpm_counter_component|cntr_joi:auto_generated|safe_q[0] ; lpm_dff1:inst5|lpm_ff:lpm_ff_component|dffs[3]                                                      ; clk        ; clk      ; None                        ; None                      ; 1.708 ns                ;
; N/A                                     ; Restricted to 500.00 MHz ( period = 2.000 ns )      ; Device4:inst4|lpm_counter0:inst3|lpm_counter:lpm_counter_component|cntr_joi:auto_generated|safe_q[0] ; lpm_dff1:inst7|lpm_ff:lpm_ff_component|dffs[3]                                                      ; clk        ; clk      ; None                        ; None                      ; 1.700 ns                ;
; N/A                                     ; Restricted to 500.00 MHz ( period = 2.000 ns )      ; Device1:inst|lpm_counter0:inst3|lpm_counter:lpm_counter_component|cntr_joi:auto_generated|safe_q[2]  ; lpm_dff1:inst5|lpm_ff:lpm_ff_component|dffs[5]                                                      ; clk        ; clk      ; None                        ; None                      ; 1.697 ns                ;
; N/A                                     ; Restricted to 500.00 MHz ( period = 2.000 ns )      ; Arbitor:inst3|lpm_counter0:inst|lpm_counter:lpm_counter_component|cntr_joi:auto_generated|safe_q[1]  ; Arbitor:inst3|inst5                                                                                 ; clk        ; clk      ; None                        ; None                      ; 1.702 ns                ;
; N/A                                     ; Restricted to 500.00 MHz ( period = 2.000 ns )      ; Device2:inst1|lpm_counter0:inst3|lpm_counter:lpm_counter_component|cntr_joi:auto_generated|safe_q[1] ; lpm_dff1:inst6|lpm_ff:lpm_ff_component|dffs[0]                                                      ; clk        ; clk      ; None                        ; None                      ; 1.693 ns                ;
; N/A                                     ; Restricted to 500.00 MHz ( period = 2.000 ns )      ; Arbitor:inst3|inst9                                                                                  ; lpm_dff1:inst6|lpm_ff:lpm_ff_component|dffs[5]                                                      ; clk        ; clk      ; None                        ; None                      ; 1.694 ns                ;
; N/A                                     ; Restricted to 500.00 MHz ( period = 2.000 ns )      ; Arbitor:inst3|inst9                                                                                  ; lpm_dff1:inst6|lpm_ff:lpm_ff_component|dffs[4]                                                      ; clk        ; clk      ; None                        ; None                      ; 1.694 ns                ;
; N/A                                     ; Restricted to 500.00 MHz ( period = 2.000 ns )      ; Arbitor:inst3|inst9                                                                                  ; lpm_dff1:inst6|lpm_ff:lpm_ff_component|dffs[3]                                                      ; clk        ; clk      ; None                        ; None                      ; 1.694 ns                ;
; N/A                                     ; Restricted to 500.00 MHz ( period = 2.000 ns )      ; Arbitor:inst3|inst9                                                                                  ; lpm_dff1:inst6|lpm_ff:lpm_ff_component|dffs[0]                                                      ; clk        ; clk      ; None                        ; None                      ; 1.694 ns                ;
; N/A                                     ; Restricted to 500.00 MHz ( period = 2.000 ns )      ; Device2:inst1|lpm_counter0:inst3|lpm_counter:lpm_counter_component|cntr_joi:auto_generated|safe_q[1] ; lpm_dff1:inst5|lpm_ff:lpm_ff_component|dffs[0]                                                      ; clk        ; clk      ; None                        ; None                      ; 1.692 ns                ;
; N/A                                     ; Restricted to 500.00 MHz ( period = 2.000 ns )      ; Device1:inst|lpm_counter0:inst3|lpm_counter:lpm_counter_component|cntr_joi:auto_generated|safe_q[3]  ; lpm_dff1:inst5|lpm_ff:lpm_ff_component|dffs[2]                                                      ; clk        ; clk      ; None                        ; None                      ; 1.702 ns                ;
; N/A                                     ; Restricted to 500.00 MHz ( period = 2.000 ns )      ; Device1:inst|lpm_counter0:inst3|lpm_counter:lpm_counter_component|cntr_joi:auto_generated|safe_q[3]  ; lpm_dff1:inst6|lpm_ff:lpm_ff_component|dffs[2]                                                      ; clk        ; clk      ; None                        ; None                      ; 1.701 ns                ;
; N/A                                     ; Restricted to 500.00 MHz ( period = 2.000 ns )      ; Device2:inst1|lpm_counter0:inst3|lpm_counter:lpm_counter_component|cntr_joi:auto_generated|safe_q[1] ; lpm_dff1:inst7|lpm_ff:lpm_ff_component|dffs[5]                                                      ; clk        ; clk      ; None                        ; None                      ; 1.686 ns                ;
; N/A                                     ; Restricted to 500.00 MHz ( period = 2.000 ns )      ; Device1:inst|lpm_counter0:inst3|lpm_counter:lpm_counter_component|cntr_joi:auto_generated|safe_q[3]  ; lpm_dff1:inst6|lpm_ff:lpm_ff_component|dffs[3]                                                      ; clk        ; clk      ; None                        ; None                      ; 1.682 ns                ;
; N/A                                     ; Restricted to 500.00 MHz ( period = 2.000 ns )      ; Device1:inst|lpm_counter0:inst3|lpm_counter:lpm_counter_component|cntr_joi:auto_generated|safe_q[3]  ; lpm_dff1:inst5|lpm_ff:lpm_ff_component|dffs[4]                                                      ; clk        ; clk      ; None                        ; None                      ; 1.682 ns                ;
; N/A                                     ; Restricted to 500.00 MHz ( period = 2.000 ns )      ; Device1:inst|lpm_counter0:inst3|lpm_counter:lpm_counter_component|cntr_joi:auto_generated|safe_q[3]  ; lpm_dff1:inst5|lpm_ff:lpm_ff_component|dffs[3]                                                      ; clk        ; clk      ; None                        ; None                      ; 1.681 ns                ;
; N/A                                     ; Restricted to 500.00 MHz ( period = 2.000 ns )      ; Device4:inst4|lpm_counter0:inst3|lpm_counter:lpm_counter_component|cntr_joi:auto_generated|safe_q[2] ; lpm_dff1:inst6|lpm_ff:lpm_ff_component|dffs[3]                                                      ; clk        ; clk      ; None                        ; None                      ; 1.677 ns                ;
; N/A                                     ; Restricted to 500.00 MHz ( period = 2.000 ns )      ; Device4:inst4|lpm_counter0:inst3|lpm_counter:lpm_counter_component|cntr_joi:auto_generated|safe_q[2] ; lpm_dff1:inst5|lpm_ff:lpm_ff_component|dffs[4]                                                      ; clk        ; clk      ; None                        ; None                      ; 1.677 ns                ;
; N/A                                     ; Restricted to 500.00 MHz ( period = 2.000 ns )      ; Device4:inst4|lpm_counter0:inst3|lpm_counter:lpm_counter_component|cntr_joi:auto_generated|safe_q[2] ; lpm_dff1:inst5|lpm_ff:lpm_ff_component|dffs[3]                                                      ; clk        ; clk      ; None                        ; None                      ; 1.676 ns                ;
; N/A                                     ; Restricted to 500.00 MHz ( period = 2.000 ns )      ; Device1:inst|lpm_counter0:inst3|lpm_counter:lpm_counter_component|cntr_joi:auto_generated|safe_q[1]  ; lpm_dff1:inst5|lpm_ff:lpm_ff_component|dffs[2]                                                      ; clk        ; clk      ; None                        ; None                      ; 1.687 ns                ;
; N/A                                     ; Restricted to 500.00 MHz ( period = 2.000 ns )      ; Device1:inst|lpm_counter0:inst3|lpm_counter:lpm_counter_component|cntr_joi:auto_generated|safe_q[1]  ; lpm_dff1:inst6|lpm_ff:lpm_ff_component|dffs[2]                                                      ; clk        ; clk      ; None                        ; None                      ; 1.686 ns                ;
; N/A                                     ; Restricted to 500.00 MHz ( period = 2.000 ns )      ; Device1:inst|lpm_counter0:inst3|lpm_counter:lpm_counter_component|cntr_joi:auto_generated|safe_q[3]  ; lpm_dff1:inst7|lpm_ff:lpm_ff_component|dffs[3]                                                      ; clk        ; clk      ; None                        ; None                      ; 1.673 ns                ;
; N/A                                     ; Restricted to 500.00 MHz ( period = 2.000 ns )      ; Device1:inst|lpm_counter0:inst3|lpm_counter:lpm_counter_component|cntr_joi:auto_generated|safe_q[1]  ; lpm_dff1:inst6|lpm_ff:lpm_ff_component|dffs[3]                                                      ; clk        ; clk      ; None                        ; None                      ; 1.667 ns                ;
; N/A                                     ; Restricted to 500.00 MHz ( period = 2.000 ns )      ; Device1:inst|lpm_counter0:inst3|lpm_counter:lpm_counter_component|cntr_joi:auto_generated|safe_q[1]  ; lpm_dff1:inst5|lpm_ff:lpm_ff_component|dffs[4]                                                      ; clk        ; clk      ; None                        ; None                      ; 1.667 ns                ;
; N/A                                     ; Restricted to 500.00 MHz ( period = 2.000 ns )      ; Device4:inst4|lpm_counter0:inst3|lpm_counter:lpm_counter_component|cntr_joi:auto_generated|safe_q[2] ; lpm_dff1:inst7|lpm_ff:lpm_ff_component|dffs[3]                                                      ; clk        ; clk      ; None                        ; None                      ; 1.668 ns                ;
; N/A                                     ; Restricted to 500.00 MHz ( period = 2.000 ns )      ; Device1:inst|lpm_counter0:inst3|lpm_counter:lpm_counter_component|cntr_joi:auto_generated|safe_q[1]  ; lpm_dff1:inst5|lpm_ff:lpm_ff_component|dffs[3]                                                      ; clk        ; clk      ; None                        ; None                      ; 1.666 ns                ;
; N/A                                     ; Restricted to 500.00 MHz ( period = 2.000 ns )      ; Device1:inst|lpm_counter0:inst3|lpm_counter:lpm_counter_component|cntr_joi:auto_generated|safe_q[1]  ; lpm_dff1:inst7|lpm_ff:lpm_ff_component|dffs[3]                                                      ; clk        ; clk      ; None                        ; None                      ; 1.658 ns                ;
; N/A                                     ; Restricted to 500.00 MHz ( period = 2.000 ns )      ; Device1:inst|lpm_counter0:inst3|lpm_counter:lpm_counter_component|cntr_joi:auto_generated|safe_q[3]  ; lpm_dff1:inst5|lpm_ff:lpm_ff_component|dffs[5]                                                      ; clk        ; clk      ; None                        ; None                      ; 1.654 ns                ;
; N/A                                     ; Restricted to 500.00 MHz ( period = 2.000 ns )      ; Arbitor:inst3|inst9                                                                                  ; lpm_dff1:inst6|lpm_ff:lpm_ff_component|dffs[2]                                                      ; clk        ; clk      ; None                        ; None                      ; 1.659 ns                ;
; N/A                                     ; Restricted to 500.00 MHz ( period = 2.000 ns )      ; Arbitor:inst3|inst9                                                                                  ; lpm_dff1:inst6|lpm_ff:lpm_ff_component|dffs[1]                                                      ; clk        ; clk      ; None                        ; None                      ; 1.659 ns                ;
; N/A                                     ; Restricted to 500.00 MHz ( period = 2.000 ns )      ; Device1:inst|lpm_counter0:inst3|lpm_counter:lpm_counter_component|cntr_joi:auto_generated|safe_q[1]  ; lpm_dff1:inst5|lpm_ff:lpm_ff_component|dffs[5]                                                      ; clk        ; clk      ; None                        ; None                      ; 1.639 ns                ;
; N/A                                     ; Restricted to 500.00 MHz ( period = 2.000 ns )      ; Device4:inst4|lpm_counter0:inst3|lpm_counter:lpm_counter_component|cntr_joi:auto_generated|safe_q[3] ; lpm_dff1:inst7|lpm_ff:lpm_ff_component|dffs[4]                                                      ; clk        ; clk      ; None                        ; None                      ; 1.614 ns                ;
; N/A                                     ; Restricted to 500.00 MHz ( period = 2.000 ns )      ; Device4:inst4|lpm_counter0:inst3|lpm_counter:lpm_counter_component|cntr_joi:auto_generated|safe_q[3] ; lpm_dff1:inst6|lpm_ff:lpm_ff_component|dffs[0]                                                      ; clk        ; clk      ; None                        ; None                      ; 1.592 ns                ;
; N/A                                     ; Restricted to 500.00 MHz ( period = 2.000 ns )      ; Device4:inst4|lpm_counter0:inst3|lpm_counter:lpm_counter_component|cntr_joi:auto_generated|safe_q[3] ; lpm_dff1:inst5|lpm_ff:lpm_ff_component|dffs[0]                                                      ; clk        ; clk      ; None                        ; None                      ; 1.591 ns                ;
; N/A                                     ; Restricted to 500.00 MHz ( period = 2.000 ns )      ; Device2:inst1|lpm_counter0:inst3|lpm_counter:lpm_counter_component|cntr_joi:auto_generated|safe_q[1] ; lpm_dff1:inst5|lpm_ff:lpm_ff_component|dffs[5]                                                      ; clk        ; clk      ; None                        ; None                      ; 1.585 ns                ;
; N/A                                     ; Restricted to 500.00 MHz ( period = 2.000 ns )      ; Arbitor:inst3|inst6                                                                                  ; lpm_dff1:inst5|lpm_ff:lpm_ff_component|dffs[2]                                                      ; clk        ; clk      ; None                        ; None                      ; 1.586 ns                ;
; N/A                                     ; Restricted to 500.00 MHz ( period = 2.000 ns )      ; Arbitor:inst3|inst6                                                                                  ; lpm_dff1:inst5|lpm_ff:lpm_ff_component|dffs[1]                                                      ; clk        ; clk      ; None                        ; None                      ; 1.586 ns                ;
; N/A                                     ; Restricted to 500.00 MHz ( period = 2.000 ns )      ; Device1:inst|lpm_counter0:inst3|lpm_counter:lpm_counter_component|cntr_joi:auto_generated|safe_q[0]  ; lpm_dff1:inst6|lpm_ff:lpm_ff_component|dffs[5]                                                      ; clk        ; clk      ; None                        ; None                      ; 1.563 ns                ;
; N/A                                     ; Restricted to 500.00 MHz ( period = 2.000 ns )      ; Device1:inst|lpm_counter0:inst3|lpm_counter:lpm_counter_component|cntr_joi:auto_generated|safe_q[0]  ; lpm_dff1:inst6|lpm_ff:lpm_ff_component|dffs[4]                                                      ; clk        ; clk      ; None                        ; None                      ; 1.562 ns                ;
; N/A                                     ; Restricted to 500.00 MHz ( period = 2.000 ns )      ; Device2:inst1|lpm_counter0:inst3|lpm_counter:lpm_counter_component|cntr_joi:auto_generated|safe_q[2] ; lpm_dff1:inst6|lpm_ff:lpm_ff_component|dffs[0]                                                      ; clk        ; clk      ; None                        ; None                      ; 1.556 ns                ;
; N/A                                     ; Restricted to 500.00 MHz ( period = 2.000 ns )      ; Device4:inst4|lpm_counter0:inst3|lpm_counter:lpm_counter_component|cntr_joi:auto_generated|safe_q[1] ; lpm_dff1:inst6|lpm_ff:lpm_ff_component|dffs[4]                                                      ; clk        ; clk      ; None                        ; None                      ; 1.557 ns                ;
; N/A                                     ; Restricted to 500.00 MHz ( period = 2.000 ns )      ; Device2:inst1|lpm_counter0:inst3|lpm_counter:lpm_counter_component|cntr_joi:auto_generated|safe_q[2] ; lpm_dff1:inst5|lpm_ff:lpm_ff_component|dffs[0]                                                      ; clk        ; clk      ; None                        ; None                      ; 1.555 ns                ;
; N/A                                     ; Restricted to 500.00 MHz ( period = 2.000 ns )      ; Device4:inst4|lpm_counter0:inst3|lpm_counter:lpm_counter_component|cntr_joi:auto_generated|safe_q[1] ; lpm_dff1:inst7|lpm_ff:lpm_ff_component|dffs[0]                                                      ; clk        ; clk      ; None                        ; None                      ; 1.557 ns                ;
; N/A                                     ; Restricted to 500.00 MHz ( period = 2.000 ns )      ; Device4:inst4|lpm_counter0:inst3|lpm_counter:lpm_counter_component|cntr_joi:auto_generated|safe_q[3] ; lpm_dff1:inst6|lpm_ff:lpm_ff_component|dffs[3]                                                      ; clk        ; clk      ; None                        ; None                      ; 1.513 ns                ;
; N/A                                     ; Restricted to 500.00 MHz ( period = 2.000 ns )      ; Device4:inst4|lpm_counter0:inst3|lpm_counter:lpm_counter_component|cntr_joi:auto_generated|safe_q[3] ; lpm_dff1:inst5|lpm_ff:lpm_ff_component|dffs[4]                                                      ; clk        ; clk      ; None                        ; None                      ; 1.513 ns                ;
; N/A                                     ; Restricted to 500.00 MHz ( period = 2.000 ns )      ; Device4:inst4|lpm_counter0:inst3|lpm_counter:lpm_counter_component|cntr_joi:auto_generated|safe_q[3] ; lpm_dff1:inst5|lpm_ff:lpm_ff_component|dffs[3]                                                      ; clk        ; clk      ; None                        ; None                      ; 1.512 ns                ;
; N/A                                     ; Restricted to 500.00 MHz ( period = 2.000 ns )      ; Device4:inst4|lpm_counter0:inst3|lpm_counter:lpm_counter_component|cntr_joi:auto_generated|safe_q[3] ; lpm_dff1:inst7|lpm_ff:lpm_ff_component|dffs[3]                                                      ; clk        ; clk      ; None                        ; None                      ; 1.504 ns                ;
; N/A                                     ; Restricted to 500.00 MHz ( period = 2.000 ns )      ; Device2:inst1|lpm_counter0:inst3|lpm_counter:lpm_counter_component|cntr_joi:auto_generated|safe_q[0] ; lpm_dff1:inst6|lpm_ff:lpm_ff_component|dffs[0]                                                      ; clk        ; clk      ; None                        ; None                      ; 1.462 ns                ;
; N/A                                     ; Restricted to 500.00 MHz ( period = 2.000 ns )      ; Device2:inst1|lpm_counter0:inst3|lpm_counter:lpm_counter_component|cntr_joi:auto_generated|safe_q[0] ; lpm_dff1:inst5|lpm_ff:lpm_ff_component|dffs[0]                                                      ; clk        ; clk      ; None                        ; None                      ; 1.461 ns                ;
; N/A                                     ; Restricted to 500.00 MHz ( period = 2.000 ns )      ; Device2:inst1|lpm_counter0:inst3|lpm_counter:lpm_counter_component|cntr_joi:auto_generated|safe_q[0] ; lpm_dff1:inst7|lpm_ff:lpm_ff_component|dffs[5]                                                      ; clk        ; clk      ; None                        ; None                      ; 1.455 ns                ;
; N/A                                     ; Restricted to 500.00 MHz ( period = 2.000 ns )      ; Device1:inst|lpm_counter0:inst3|lpm_counter:lpm_counter_component|cntr_joi:auto_generated|safe_q[2]  ; lpm_dff1:inst6|lpm_ff:lpm_ff_component|dffs[5]                                                      ; clk        ; clk      ; None                        ; None                      ; 1.439 ns                ;
; N/A                                     ; Restricted to 500.00 MHz ( period = 2.000 ns )      ; Device1:inst|lpm_counter0:inst3|lpm_counter:lpm_counter_component|cntr_joi:auto_generated|safe_q[2]  ; lpm_dff1:inst6|lpm_ff:lpm_ff_component|dffs[4]                                                      ; clk        ; clk      ; None                        ; None                      ; 1.438 ns                ;
; N/A                                     ; Restricted to 500.00 MHz ( period = 2.000 ns )      ; Device4:inst4|lpm_counter0:inst3|lpm_counter:lpm_counter_component|cntr_joi:auto_generated|safe_q[0] ; lpm_dff1:inst6|lpm_ff:lpm_ff_component|dffs[4]                                                      ; clk        ; clk      ; None                        ; None                      ; 1.422 ns                ;
; N/A                                     ; Restricted to 500.00 MHz ( period = 2.000 ns )      ; Device4:inst4|lpm_counter0:inst3|lpm_counter:lpm_counter_component|cntr_joi:auto_generated|safe_q[0] ; lpm_dff1:inst7|lpm_ff:lpm_ff_component|dffs[0]                                                      ; clk        ; clk      ; None                        ; None                      ; 1.422 ns                ;
; N/A                                     ; Restricted to 500.00 MHz ( period = 2.000 ns )      ; Device1:inst|lpm_counter0:inst3|lpm_counter:lpm_counter_component|cntr_joi:auto_generated|safe_q[3]  ; lpm_dff1:inst6|lpm_ff:lpm_ff_component|dffs[5]                                                      ; clk        ; clk      ; None                        ; None                      ; 1.396 ns                ;
; N/A                                     ; Restricted to 500.00 MHz ( period = 2.000 ns )      ; Device1:inst|lpm_counter0:inst3|lpm_counter:lpm_counter_component|cntr_joi:auto_generated|safe_q[3]  ; lpm_dff1:inst6|lpm_ff:lpm_ff_component|dffs[4]                                                      ; clk        ; clk      ; None                        ; None                      ; 1.395 ns                ;
; N/A                                     ; Restricted to 500.00 MHz ( period = 2.000 ns )      ; Device4:inst4|lpm_counter0:inst3|lpm_counter:lpm_counter_component|cntr_joi:auto_generated|safe_q[2] ; lpm_dff1:inst6|lpm_ff:lpm_ff_component|dffs[4]                                                      ; clk        ; clk      ; None                        ; None                      ; 1.390 ns                ;
; N/A                                     ; Restricted to 500.00 MHz ( period = 2.000 ns )      ; Device4:inst4|lpm_counter0:inst3|lpm_counter:lpm_counter_component|cntr_joi:auto_generated|safe_q[2] ; lpm_dff1:inst7|lpm_ff:lpm_ff_component|dffs[0]                                                      ; clk        ; clk      ; None                        ; None                      ; 1.390 ns                ;
; N/A                                     ; Restricted to 500.00 MHz ( period = 2.000 ns )      ; Device1:inst|lpm_counter0:inst3|lpm_counter:lpm_counter_component|cntr_joi:auto_generated|safe_q[1]  ; lpm_dff1:inst6|lpm_ff:lpm_ff_component|dffs[5]                                                      ; clk        ; clk      ; None                        ; None                      ; 1.381 ns                ;
; N/A                                     ; Restricted to 500.00 MHz ( period = 2.000 ns )      ; Device1:inst|lpm_counter0:inst3|lpm_counter:lpm_counter_component|cntr_joi:auto_generated|safe_q[1]  ; lpm_dff1:inst6|lpm_ff:lpm_ff_component|dffs[4]                                                      ; clk        ; clk      ; None                        ; None                      ; 1.380 ns                ;
; N/A                                     ; Restricted to 500.00 MHz ( period = 2.000 ns )      ; Device2:inst1|lpm_counter0:inst3|lpm_counter:lpm_counter_component|cntr_joi:auto_generated|safe_q[3] ; lpm_dff1:inst7|lpm_ff:lpm_ff_component|dffs[5]                                                      ; clk        ; clk      ; None                        ; None                      ; 1.362 ns                ;
; N/A                                     ; Restricted to 500.00 MHz ( period = 2.000 ns )      ; Device2:inst1|lpm_counter0:inst3|lpm_counter:lpm_counter_component|cntr_joi:auto_generated|safe_q[0] ; lpm_dff1:inst5|lpm_ff:lpm_ff_component|dffs[5]                                                      ; clk        ; clk      ; None                        ; None                      ; 1.354 ns                ;
; N/A                                     ; Restricted to 500.00 MHz ( period = 2.000 ns )      ; Device2:inst1|lpm_counter0:inst3|lpm_counter:lpm_counter_component|cntr_joi:auto_generated|safe_q[2] ; lpm_dff1:inst7|lpm_ff:lpm_ff_component|dffs[5]                                                      ; clk        ; clk      ; None                        ; None                      ; 1.343 ns                ;
; N/A                                     ; Restricted to 500.00 MHz ( period = 2.000 ns )      ; Device2:inst1|lpm_counter0:inst3|lpm_counter:lpm_counter_component|cntr_joi:auto_generated|safe_q[3] ; lpm_dff1:inst6|lpm_ff:lpm_ff_component|dffs[0]                                                      ; clk        ; clk      ; None                        ; None                      ; 1.334 ns                ;
; N/A                                     ; Restricted to 500.00 MHz ( period = 2.000 ns )      ; Device2:inst1|lpm_counter0:inst3|lpm_counter:lpm_counter_component|cntr_joi:auto_generated|safe_q[3] ; lpm_dff1:inst5|lpm_ff:lpm_ff_component|dffs[0]                                                      ; clk        ; clk      ; None                        ; None                      ; 1.333 ns                ;
; Timing analysis restricted to 200 rows. ; To change the limit use Settings (Assignments menu) ;                                                                                                      ;                                                                                                     ;            ;          ;                             ;                           ;                         ;
+-----------------------------------------+-----------------------------------------------------+------------------------------------------------------------------------------------------------------+-----------------------------------------------------------------------------------------------------+------------+----------+-----------------------------+---------------------------+-------------------------+


+--------------------------------------------------------------------------------+
; tsu                                                                            ;
+-------+--------------+------------+----------+----------------------+----------+
; Slack ; Required tsu ; Actual tsu ; From     ; To                   ; To Clock ;
+-------+--------------+------------+----------+----------------------+----------+
; N/A   ; None         ; 2.831 ns   ; request2 ; Device2:inst1|inst4  ; clk      ;
; N/A   ; None         ; 2.787 ns   ; request1 ; Device1:inst|inst4   ; clk      ;
; N/A   ; None         ; 2.739 ns   ; request4 ; Device4:inst4|inst4  ; clk      ;
; N/A   ; None         ; 2.610 ns   ; request3 ; Device3:inst2|inst4  ; clk      ;
; N/A   ; None         ; 2.497 ns   ; request5 ; Device3:inst11|inst4 ; clk      ;
+-------+--------------+------------+----------+----------------------+----------+


+----------------------------------------------------------------------------------------------------------------+
; tco                                                                                                            ;
+-------+--------------+------------+------------------------------------------------+--------------+------------+
; Slack ; Required tco ; Actual tco ; From                                           ; To           ; From Clock ;
+-------+--------------+------------+------------------------------------------------+--------------+------------+
; N/A   ; None         ; 6.645 ns   ; lpm_dff1:inst6|lpm_ff:lpm_ff_component|dffs[4] ; data1[4]     ; clk        ;
; N/A   ; None         ; 6.634 ns   ; Device2:inst1|inst4                            ; bus_request2 ; clk        ;
; N/A   ; None         ; 6.386 ns   ; lpm_dff1:inst5|lpm_ff:lpm_ff_component|dffs[1] ; data2[1]     ; clk        ;
; N/A   ; None         ; 6.187 ns   ; lpm_dff1:inst6|lpm_ff:lpm_ff_component|dffs[1] ; data1[1]     ; clk        ;
; N/A   ; None         ; 6.131 ns   ; lpm_dff1:inst7|lpm_ff:lpm_ff_component|dffs[3] ; data3[3]     ; clk        ;
; N/A   ; None         ; 6.124 ns   ; lpm_dff1:inst5|lpm_ff:lpm_ff_component|dffs[2] ; data2[2]     ; clk        ;
; N/A   ; None         ; 6.026 ns   ; Device4:inst4|inst4                            ; bus_request4 ; clk        ;
; N/A   ; None         ; 5.854 ns   ; lpm_dff1:inst6|lpm_ff:lpm_ff_component|dffs[0] ; data1[0]     ; clk        ;
; N/A   ; None         ; 5.849 ns   ; lpm_dff1:inst6|lpm_ff:lpm_ff_component|dffs[3] ; data1[3]     ; clk        ;
; N/A   ; None         ; 5.847 ns   ; lpm_dff1:inst5|lpm_ff:lpm_ff_component|dffs[3] ; data2[3]     ; clk        ;
; N/A   ; None         ; 5.806 ns   ; lpm_dff1:inst6|lpm_ff:lpm_ff_component|dffs[2] ; data1[2]     ; clk        ;
; N/A   ; None         ; 5.780 ns   ; Device3:inst11|inst4                           ; bus_request5 ; clk        ;
; N/A   ; None         ; 5.707 ns   ; lpm_dff1:inst5|lpm_ff:lpm_ff_component|dffs[4] ; data2[4]     ; clk        ;
; N/A   ; None         ; 5.685 ns   ; lpm_dff1:inst7|lpm_ff:lpm_ff_component|dffs[4] ; data3[4]     ; clk        ;
; N/A   ; None         ; 5.685 ns   ; lpm_dff1:inst7|lpm_ff:lpm_ff_component|dffs[5] ; data3[5]     ; clk        ;
; N/A   ; None         ; 5.668 ns   ; lpm_dff1:inst5|lpm_ff:lpm_ff_component|dffs[0] ; data2[0]     ; clk        ;
; N/A   ; None         ; 5.663 ns   ; lpm_dff1:inst5|lpm_ff:lpm_ff_component|dffs[5] ; data2[5]     ; clk        ;
; N/A   ; None         ; 5.626 ns   ; lpm_dff1:inst7|lpm_ff:lpm_ff_component|dffs[1] ; data3[1]     ; clk        ;
; N/A   ; None         ; 5.570 ns   ; lpm_dff1:inst6|lpm_ff:lpm_ff_component|dffs[5] ; data1[5]     ; clk        ;
; N/A   ; None         ; 5.565 ns   ; Device1:inst|inst4                             ; bus_request1 ; clk        ;
; N/A   ; None         ; 5.549 ns   ; lpm_dff1:inst7|lpm_ff:lpm_ff_component|dffs[2] ; data3[2]     ; clk        ;
; N/A   ; None         ; 5.510 ns   ; Device3:inst2|inst4                            ; bus_request3 ; clk        ;
; N/A   ; None         ; 5.450 ns   ; lpm_dff1:inst7|lpm_ff:lpm_ff_component|dffs[0] ; data3[0]     ; clk        ;
+-------+--------------+------------+------------------------------------------------+--------------+------------+


+--------------------------------------------------------------------------------------+
; th                                                                                   ;
+---------------+-------------+-----------+----------+----------------------+----------+
; Minimum Slack ; Required th ; Actual th ; From     ; To                   ; To Clock ;
+---------------+-------------+-----------+----------+----------------------+----------+
; N/A           ; None        ; -2.258 ns ; request5 ; Device3:inst11|inst4 ; clk      ;
; N/A           ; None        ; -2.371 ns ; request3 ; Device3:inst2|inst4  ; clk      ;
; N/A           ; None        ; -2.500 ns ; request4 ; Device4:inst4|inst4  ; clk      ;
; N/A           ; None        ; -2.548 ns ; request1 ; Device1:inst|inst4   ; clk      ;
; N/A           ; None        ; -2.592 ns ; request2 ; Device2:inst1|inst4  ; clk      ;
+---------------+-------------+-----------+----------+----------------------+----------+


+--------------------------+
; Timing Analyzer Messages ;
+--------------------------+
Info: *******************************************************************
Info: Running Quartus II Classic Timing Analyzer
    Info: Version 9.1 Build 222 10/21/2009 SJ Web Edition
    Info: Processing started: Tue Nov 24 13:15:49 2020
Info: Command: quartus_tan --read_settings_files=off --write_settings_files=off Lab5 -c Lab5 --timing_analysis_only
Warning: Found pins functioning as undefined clocks and/or memory enables
    Info: Assuming node "clk" is an undefined clock
Info: Clock "clk" has Internal fmax of 397.46 MHz between source register "Arbitor:inst3|inst7" and destination register "Arbitor:inst3|inst6" (period= 2.516 ns)
    Info: + Longest register to register delay is 2.342 ns
        Info: 1: + IC(0.000 ns) + CELL(0.000 ns) = 0.000 ns; Loc. = LCFF_X29_Y8_N5; Fanout = 6; REG Node = 'Arbitor:inst3|inst7'
        Info: 2: + IC(0.529 ns) + CELL(0.225 ns) = 0.754 ns; Loc. = LCCOMB_X26_Y8_N10; Fanout = 9; COMB Node = 'Arbitor:inst3|inst2~0'
        Info: 3: + IC(0.241 ns) + CELL(0.053 ns) = 1.048 ns; Loc. = LCCOMB_X26_Y8_N30; Fanout = 2; COMB Node = 'Arbitor:inst3|inst13~0'
        Info: 4: + IC(0.548 ns) + CELL(0.746 ns) = 2.342 ns; Loc. = LCFF_X26_Y6_N31; Fanout = 7; REG Node = 'Arbitor:inst3|inst6'
        Info: Total cell delay = 1.024 ns ( 43.72 % )
        Info: Total interconnect delay = 1.318 ns ( 56.28 % )
    Info: - Smallest clock skew is 0.010 ns
        Info: + Shortest clock path from clock "clk" to destination register is 2.479 ns
            Info: 1: + IC(0.000 ns) + CELL(0.854 ns) = 0.854 ns; Loc. = PIN_N20; Fanout = 1; CLK Node = 'clk'
            Info: 2: + IC(0.343 ns) + CELL(0.000 ns) = 1.197 ns; Loc. = CLKCTRL_G3; Fanout = 53; COMB Node = 'clk~clkctrl'
            Info: 3: + IC(0.664 ns) + CELL(0.618 ns) = 2.479 ns; Loc. = LCFF_X26_Y6_N31; Fanout = 7; REG Node = 'Arbitor:inst3|inst6'
            Info: Total cell delay = 1.472 ns ( 59.38 % )
            Info: Total interconnect delay = 1.007 ns ( 40.62 % )
        Info: - Longest clock path from clock "clk" to source register is 2.469 ns
            Info: 1: + IC(0.000 ns) + CELL(0.854 ns) = 0.854 ns; Loc. = PIN_N20; Fanout = 1; CLK Node = 'clk'
            Info: 2: + IC(0.343 ns) + CELL(0.000 ns) = 1.197 ns; Loc. = CLKCTRL_G3; Fanout = 53; COMB Node = 'clk~clkctrl'
            Info: 3: + IC(0.654 ns) + CELL(0.618 ns) = 2.469 ns; Loc. = LCFF_X29_Y8_N5; Fanout = 6; REG Node = 'Arbitor:inst3|inst7'
            Info: Total cell delay = 1.472 ns ( 59.62 % )
            Info: Total interconnect delay = 0.997 ns ( 40.38 % )
    Info: + Micro clock to output delay of source is 0.094 ns
    Info: + Micro setup delay of destination is 0.090 ns
Info: tsu for register "Device2:inst1|inst4" (data pin = "request2", clock pin = "clk") is 2.831 ns
    Info: + Longest pin to register delay is 5.220 ns
        Info: 1: + IC(0.000 ns) + CELL(0.857 ns) = 0.857 ns; Loc. = PIN_AA7; Fanout = 1; PIN Node = 'request2'
        Info: 2: + IC(4.155 ns) + CELL(0.053 ns) = 5.065 ns; Loc. = LCCOMB_X26_Y6_N24; Fanout = 1; COMB Node = 'Device2:inst1|inst4~feeder'
        Info: 3: + IC(0.000 ns) + CELL(0.155 ns) = 5.220 ns; Loc. = LCFF_X26_Y6_N25; Fanout = 4; REG Node = 'Device2:inst1|inst4'
        Info: Total cell delay = 1.065 ns ( 20.40 % )
        Info: Total interconnect delay = 4.155 ns ( 79.60 % )
    Info: + Micro setup delay of destination is 0.090 ns
    Info: - Shortest clock path from clock "clk" to destination register is 2.479 ns
        Info: 1: + IC(0.000 ns) + CELL(0.854 ns) = 0.854 ns; Loc. = PIN_N20; Fanout = 1; CLK Node = 'clk'
        Info: 2: + IC(0.343 ns) + CELL(0.000 ns) = 1.197 ns; Loc. = CLKCTRL_G3; Fanout = 53; COMB Node = 'clk~clkctrl'
        Info: 3: + IC(0.664 ns) + CELL(0.618 ns) = 2.479 ns; Loc. = LCFF_X26_Y6_N25; Fanout = 4; REG Node = 'Device2:inst1|inst4'
        Info: Total cell delay = 1.472 ns ( 59.38 % )
        Info: Total interconnect delay = 1.007 ns ( 40.62 % )
Info: tco from clock "clk" to destination pin "data1[4]" through register "lpm_dff1:inst6|lpm_ff:lpm_ff_component|dffs[4]" is 6.645 ns
    Info: + Longest clock path from clock "clk" to source register is 2.475 ns
        Info: 1: + IC(0.000 ns) + CELL(0.854 ns) = 0.854 ns; Loc. = PIN_N20; Fanout = 1; CLK Node = 'clk'
        Info: 2: + IC(0.343 ns) + CELL(0.000 ns) = 1.197 ns; Loc. = CLKCTRL_G3; Fanout = 53; COMB Node = 'clk~clkctrl'
        Info: 3: + IC(0.660 ns) + CELL(0.618 ns) = 2.475 ns; Loc. = LCFF_X27_Y7_N21; Fanout = 1; REG Node = 'lpm_dff1:inst6|lpm_ff:lpm_ff_component|dffs[4]'
        Info: Total cell delay = 1.472 ns ( 59.47 % )
        Info: Total interconnect delay = 1.003 ns ( 40.53 % )
    Info: + Micro clock to output delay of source is 0.094 ns
    Info: + Longest register to pin delay is 4.076 ns
        Info: 1: + IC(0.000 ns) + CELL(0.000 ns) = 0.000 ns; Loc. = LCFF_X27_Y7_N21; Fanout = 1; REG Node = 'lpm_dff1:inst6|lpm_ff:lpm_ff_component|dffs[4]'
        Info: 2: + IC(1.942 ns) + CELL(2.134 ns) = 4.076 ns; Loc. = PIN_R19; Fanout = 0; PIN Node = 'data1[4]'
        Info: Total cell delay = 2.134 ns ( 52.36 % )
        Info: Total interconnect delay = 1.942 ns ( 47.64 % )
Info: th for register "Device3:inst11|inst4" (data pin = "request5", clock pin = "clk") is -2.258 ns
    Info: + Longest clock path from clock "clk" to destination register is 2.479 ns
        Info: 1: + IC(0.000 ns) + CELL(0.854 ns) = 0.854 ns; Loc. = PIN_N20; Fanout = 1; CLK Node = 'clk'
        Info: 2: + IC(0.343 ns) + CELL(0.000 ns) = 1.197 ns; Loc. = CLKCTRL_G3; Fanout = 53; COMB Node = 'clk~clkctrl'
        Info: 3: + IC(0.664 ns) + CELL(0.618 ns) = 2.479 ns; Loc. = LCFF_X27_Y8_N25; Fanout = 3; REG Node = 'Device3:inst11|inst4'
        Info: Total cell delay = 1.472 ns ( 59.38 % )
        Info: Total interconnect delay = 1.007 ns ( 40.62 % )
    Info: + Micro hold delay of destination is 0.149 ns
    Info: - Shortest pin to register delay is 4.886 ns
        Info: 1: + IC(0.000 ns) + CELL(0.800 ns) = 0.800 ns; Loc. = PIN_P5; Fanout = 1; PIN Node = 'request5'
        Info: 2: + IC(3.878 ns) + CELL(0.053 ns) = 4.731 ns; Loc. = LCCOMB_X27_Y8_N24; Fanout = 1; COMB Node = 'Device3:inst11|inst4~feeder'
        Info: 3: + IC(0.000 ns) + CELL(0.155 ns) = 4.886 ns; Loc. = LCFF_X27_Y8_N25; Fanout = 3; REG Node = 'Device3:inst11|inst4'
        Info: Total cell delay = 1.008 ns ( 20.63 % )
        Info: Total interconnect delay = 3.878 ns ( 79.37 % )
Info: Quartus II Classic Timing Analyzer was successful. 0 errors, 1 warning
    Info: Peak virtual memory: 189 megabytes
    Info: Processing ended: Tue Nov 24 13:15:49 2020
    Info: Elapsed time: 00:00:00
    Info: Total CPU time (on all processors): 00:00:00


