Classic Timing Analyzer report for lab_3_2
Wed Nov 19 23:48:17 2025
Quartus II Version 9.1 Build 222 10/21/2009 SJ Web Edition


---------------------
; Table of Contents ;
---------------------
  1. Legal Notice
  2. Timing Analyzer Summary
  3. Timing Analyzer Settings
  4. Clock Settings Summary
  5. Parallel Compilation
  6. Clock Setup: 'clock'
  7. tsu
  8. tco
  9. tpd
 10. th
 11. Timing Analyzer Messages



----------------
; Legal Notice ;
----------------
Copyright (C) 1991-2009 Altera Corporation
Your use of Altera Corporation's design tools, logic functions 
and other software and tools, and its AMPP partner logic 
functions, and any output files from any of the foregoing 
(including device programming or simulation files), and any 
associated documentation or information are expressly subject 
to the terms and conditions of the Altera Program License 
Subscription Agreement, Altera MegaCore Function License 
Agreement, or other applicable license agreement, including, 
without limitation, that your use is for the sole purpose of 
programming logic devices manufactured by Altera and sold by 
Altera or its authorized distributors.  Please refer to the 
applicable agreement for further details.



+------------------------------------------------------------------------------------------------------------------------------------------------------------------------------------------------------------------------------------------------------------------------------------------------------------------------------------------------------------------+
; Timing Analyzer Summary                                                                                                                                                                                                                                                                                                                                          ;
+------------------------------+-------+---------------+----------------------------------+--------------------------------------------------------------------------------------------------------------+------------------------------------------------------------------------------------------------------------------+------------+----------+--------------+
; Type                         ; Slack ; Required Time ; Actual Time                      ; From                                                                                                         ; To                                                                                                               ; From Clock ; To Clock ; Failed Paths ;
+------------------------------+-------+---------------+----------------------------------+--------------------------------------------------------------------------------------------------------------+------------------------------------------------------------------------------------------------------------------+------------+----------+--------------+
; Worst-case tsu               ; N/A   ; None          ; 5.901 ns                         ; ram_mode_read                                                                                                ; lpm_ram_io:inst1|altram:sram|altsyncram:ram_block|altsyncram_bu91:auto_generated|ram_block1a0~porta_datain_reg1  ; --         ; clock    ; 0            ;
; Worst-case tco               ; N/A   ; None          ; 10.100 ns                        ; lpm_rom0:inst|altsyncram:altsyncram_component|altsyncram_ql91:auto_generated|ram_block1a0~porta_address_reg7 ; data_out[4]                                                                                                      ; clock      ; --       ; 0            ;
; Worst-case tpd               ; N/A   ; None          ; 10.656 ns                        ; ram_mode_read                                                                                                ; data_out[0]                                                                                                      ; --         ; --       ; 0            ;
; Worst-case th                ; N/A   ; None          ; -2.268 ns                        ; addr[1]                                                                                                      ; lpm_ram_io:inst1|altram:sram|altsyncram:ram_block|altsyncram_bu91:auto_generated|ram_block1a0~porta_address_reg1 ; --         ; clock    ; 0            ;
; Clock Setup: 'clock'         ; N/A   ; None          ; 180.64 MHz ( period = 5.536 ns ) ; lpm_rom0:inst|altsyncram:altsyncram_component|altsyncram_ql91:auto_generated|ram_block1a0~porta_address_reg7 ; lpm_ram_io:inst1|altram:sram|altsyncram:ram_block|altsyncram_bu91:auto_generated|ram_block1a0~porta_datain_reg4  ; clock      ; clock    ; 0            ;
; Total number of failed paths ;       ;               ;                                  ;                                                                                                              ;                                                                                                                  ;            ;          ; 0            ;
+------------------------------+-------+---------------+----------------------------------+--------------------------------------------------------------------------------------------------------------+------------------------------------------------------------------------------------------------------------------+------------+----------+--------------+


+-----------------------------------------------------------------------------------------------------------------------------------------------------+
; Timing Analyzer Settings                                                                                                                            ;
+------------------------------------------------------------------------------------------------------+--------------------+------+----+-------------+
; Option                                                                                               ; Setting            ; From ; To ; Entity Name ;
+------------------------------------------------------------------------------------------------------+--------------------+------+----+-------------+
; Device Name                                                                                          ; EP2S15F484C3       ;      ;    ;             ;
; Timing Models                                                                                        ; Final              ;      ;    ;             ;
; Default hold multicycle                                                                              ; Same as Multicycle ;      ;    ;             ;
; Cut paths between unrelated clock domains                                                            ; On                 ;      ;    ;             ;
; Cut off read during write signal paths                                                               ; On                 ;      ;    ;             ;
; Cut off feedback from I/O pins                                                                       ; On                 ;      ;    ;             ;
; Report Combined Fast/Slow Timing                                                                     ; Off                ;      ;    ;             ;
; Ignore Clock Settings                                                                                ; Off                ;      ;    ;             ;
; Analyze latches as synchronous elements                                                              ; On                 ;      ;    ;             ;
; Enable Recovery/Removal analysis                                                                     ; Off                ;      ;    ;             ;
; Enable Clock Latency                                                                                 ; Off                ;      ;    ;             ;
; Use TimeQuest Timing Analyzer                                                                        ; Off                ;      ;    ;             ;
; Number of source nodes to report per destination node                                                ; 10                 ;      ;    ;             ;
; Number of destination nodes to report                                                                ; 10                 ;      ;    ;             ;
; Number of paths to report                                                                            ; 200                ;      ;    ;             ;
; Report Minimum Timing Checks                                                                         ; Off                ;      ;    ;             ;
; Use Fast Timing Models                                                                               ; Off                ;      ;    ;             ;
; Report IO Paths Separately                                                                           ; Off                ;      ;    ;             ;
; Perform Multicorner Analysis                                                                         ; On                 ;      ;    ;             ;
; Reports the worst-case path for each clock domain and analysis                                       ; Off                ;      ;    ;             ;
; Reports worst-case timing paths for each clock domain and analysis                                   ; Off                ;      ;    ;             ;
; Specifies the maximum number of worst-case timing paths to report for each clock domain and analysis ; 100                ;      ;    ;             ;
; Removes common clock path pessimism (CCPP) during slack computation                                  ; Off                ;      ;    ;             ;
; Output I/O Timing Endpoint                                                                           ; Near End           ;      ;    ;             ;
+------------------------------------------------------------------------------------------------------+--------------------+------+----+-------------+


+------------------------------------------------------------------------------------------------------------------------------------------------------------------------------------+
; Clock Settings Summary                                                                                                                                                             ;
+-----------------+--------------------+----------+------------------+---------------+--------------+----------+-----------------------+---------------------+--------+--------------+
; Clock Node Name ; Clock Setting Name ; Type     ; Fmax Requirement ; Early Latency ; Late Latency ; Based on ; Multiply Base Fmax by ; Divide Base Fmax by ; Offset ; Phase offset ;
+-----------------+--------------------+----------+------------------+---------------+--------------+----------+-----------------------+---------------------+--------+--------------+
; clock           ;                    ; User Pin ; None             ; 0.000 ns      ; 0.000 ns     ; --       ; N/A                   ; N/A                 ; N/A    ;              ;
+-----------------+--------------------+----------+------------------+---------------+--------------+----------+-----------------------+---------------------+--------+--------------+


Parallel compilation was disabled, but you have multiple processors available. Enable parallel compilation to reduce compilation time.
+-------------------------------------+
; Parallel Compilation                ;
+----------------------------+--------+
; Processors                 ; Number ;
+----------------------------+--------+
; Number detected on machine ; 6      ;
; Maximum allowed            ; 1      ;
+----------------------------+--------+


+------------------------------------------------------------------------------------------------------------------------------------------------------------------------------------------------------------------------------------------------------------------------------------------------------------------------------------------------------------------------------------------------------------------------------------------------+
; Clock Setup: 'clock'                                                                                                                                                                                                                                                                                                                                                                                                                           ;
+-----------------------------------------+-----------------------------------------------------+------------------------------------------------------------------------------------------------------------------+-----------------------------------------------------------------------------------------------------------------+------------+----------+-----------------------------+---------------------------+-------------------------+
; Slack                                   ; Actual fmax (period)                                ; From                                                                                                             ; To                                                                                                              ; From Clock ; To Clock ; Required Setup Relationship ; Required Longest P2P Time ; Actual Longest P2P Time ;
+-----------------------------------------+-----------------------------------------------------+------------------------------------------------------------------------------------------------------------------+-----------------------------------------------------------------------------------------------------------------+------------+----------+-----------------------------+---------------------------+-------------------------+
; N/A                                     ; 180.64 MHz ( period = 5.536 ns )                    ; lpm_rom0:inst|altsyncram:altsyncram_component|altsyncram_ql91:auto_generated|ram_block1a0~porta_address_reg0     ; lpm_ram_io:inst1|altram:sram|altsyncram:ram_block|altsyncram_bu91:auto_generated|ram_block1a0~porta_datain_reg4 ; clock      ; clock    ; None                        ; None                      ; 5.374 ns                ;
; N/A                                     ; 180.64 MHz ( period = 5.536 ns )                    ; lpm_rom0:inst|altsyncram:altsyncram_component|altsyncram_ql91:auto_generated|ram_block1a0~porta_address_reg1     ; lpm_ram_io:inst1|altram:sram|altsyncram:ram_block|altsyncram_bu91:auto_generated|ram_block1a0~porta_datain_reg4 ; clock      ; clock    ; None                        ; None                      ; 5.374 ns                ;
; N/A                                     ; 180.64 MHz ( period = 5.536 ns )                    ; lpm_rom0:inst|altsyncram:altsyncram_component|altsyncram_ql91:auto_generated|ram_block1a0~porta_address_reg2     ; lpm_ram_io:inst1|altram:sram|altsyncram:ram_block|altsyncram_bu91:auto_generated|ram_block1a0~porta_datain_reg4 ; clock      ; clock    ; None                        ; None                      ; 5.374 ns                ;
; N/A                                     ; 180.64 MHz ( period = 5.536 ns )                    ; lpm_rom0:inst|altsyncram:altsyncram_component|altsyncram_ql91:auto_generated|ram_block1a0~porta_address_reg3     ; lpm_ram_io:inst1|altram:sram|altsyncram:ram_block|altsyncram_bu91:auto_generated|ram_block1a0~porta_datain_reg4 ; clock      ; clock    ; None                        ; None                      ; 5.374 ns                ;
; N/A                                     ; 180.64 MHz ( period = 5.536 ns )                    ; lpm_rom0:inst|altsyncram:altsyncram_component|altsyncram_ql91:auto_generated|ram_block1a0~porta_address_reg4     ; lpm_ram_io:inst1|altram:sram|altsyncram:ram_block|altsyncram_bu91:auto_generated|ram_block1a0~porta_datain_reg4 ; clock      ; clock    ; None                        ; None                      ; 5.374 ns                ;
; N/A                                     ; 180.64 MHz ( period = 5.536 ns )                    ; lpm_rom0:inst|altsyncram:altsyncram_component|altsyncram_ql91:auto_generated|ram_block1a0~porta_address_reg5     ; lpm_ram_io:inst1|altram:sram|altsyncram:ram_block|altsyncram_bu91:auto_generated|ram_block1a0~porta_datain_reg4 ; clock      ; clock    ; None                        ; None                      ; 5.374 ns                ;
; N/A                                     ; 180.64 MHz ( period = 5.536 ns )                    ; lpm_rom0:inst|altsyncram:altsyncram_component|altsyncram_ql91:auto_generated|ram_block1a0~porta_address_reg6     ; lpm_ram_io:inst1|altram:sram|altsyncram:ram_block|altsyncram_bu91:auto_generated|ram_block1a0~porta_datain_reg4 ; clock      ; clock    ; None                        ; None                      ; 5.374 ns                ;
; N/A                                     ; 180.64 MHz ( period = 5.536 ns )                    ; lpm_rom0:inst|altsyncram:altsyncram_component|altsyncram_ql91:auto_generated|ram_block1a0~porta_address_reg7     ; lpm_ram_io:inst1|altram:sram|altsyncram:ram_block|altsyncram_bu91:auto_generated|ram_block1a0~porta_datain_reg4 ; clock      ; clock    ; None                        ; None                      ; 5.374 ns                ;
; N/A                                     ; 188.04 MHz ( period = 5.318 ns )                    ; lpm_ram_io:inst1|altram:sram|altsyncram:ram_block|altsyncram_bu91:auto_generated|ram_block1a0~porta_we_reg       ; lpm_ram_io:inst1|altram:sram|altsyncram:ram_block|altsyncram_bu91:auto_generated|ram_block1a0~porta_datain_reg4 ; clock      ; clock    ; None                        ; None                      ; 5.160 ns                ;
; N/A                                     ; 188.04 MHz ( period = 5.318 ns )                    ; lpm_ram_io:inst1|altram:sram|altsyncram:ram_block|altsyncram_bu91:auto_generated|ram_block1a0~porta_address_reg0 ; lpm_ram_io:inst1|altram:sram|altsyncram:ram_block|altsyncram_bu91:auto_generated|ram_block1a0~porta_datain_reg4 ; clock      ; clock    ; None                        ; None                      ; 5.160 ns                ;
; N/A                                     ; 188.04 MHz ( period = 5.318 ns )                    ; lpm_ram_io:inst1|altram:sram|altsyncram:ram_block|altsyncram_bu91:auto_generated|ram_block1a0~porta_address_reg1 ; lpm_ram_io:inst1|altram:sram|altsyncram:ram_block|altsyncram_bu91:auto_generated|ram_block1a0~porta_datain_reg4 ; clock      ; clock    ; None                        ; None                      ; 5.160 ns                ;
; N/A                                     ; 188.04 MHz ( period = 5.318 ns )                    ; lpm_ram_io:inst1|altram:sram|altsyncram:ram_block|altsyncram_bu91:auto_generated|ram_block1a0~porta_address_reg2 ; lpm_ram_io:inst1|altram:sram|altsyncram:ram_block|altsyncram_bu91:auto_generated|ram_block1a0~porta_datain_reg4 ; clock      ; clock    ; None                        ; None                      ; 5.160 ns                ;
; N/A                                     ; 188.04 MHz ( period = 5.318 ns )                    ; lpm_ram_io:inst1|altram:sram|altsyncram:ram_block|altsyncram_bu91:auto_generated|ram_block1a0~porta_address_reg3 ; lpm_ram_io:inst1|altram:sram|altsyncram:ram_block|altsyncram_bu91:auto_generated|ram_block1a0~porta_datain_reg4 ; clock      ; clock    ; None                        ; None                      ; 5.160 ns                ;
; N/A                                     ; 188.04 MHz ( period = 5.318 ns )                    ; lpm_ram_io:inst1|altram:sram|altsyncram:ram_block|altsyncram_bu91:auto_generated|ram_block1a0~porta_address_reg4 ; lpm_ram_io:inst1|altram:sram|altsyncram:ram_block|altsyncram_bu91:auto_generated|ram_block1a0~porta_datain_reg4 ; clock      ; clock    ; None                        ; None                      ; 5.160 ns                ;
; N/A                                     ; 188.04 MHz ( period = 5.318 ns )                    ; lpm_ram_io:inst1|altram:sram|altsyncram:ram_block|altsyncram_bu91:auto_generated|ram_block1a0~porta_address_reg5 ; lpm_ram_io:inst1|altram:sram|altsyncram:ram_block|altsyncram_bu91:auto_generated|ram_block1a0~porta_datain_reg4 ; clock      ; clock    ; None                        ; None                      ; 5.160 ns                ;
; N/A                                     ; 188.04 MHz ( period = 5.318 ns )                    ; lpm_ram_io:inst1|altram:sram|altsyncram:ram_block|altsyncram_bu91:auto_generated|ram_block1a0~porta_address_reg6 ; lpm_ram_io:inst1|altram:sram|altsyncram:ram_block|altsyncram_bu91:auto_generated|ram_block1a0~porta_datain_reg4 ; clock      ; clock    ; None                        ; None                      ; 5.160 ns                ;
; N/A                                     ; 188.04 MHz ( period = 5.318 ns )                    ; lpm_ram_io:inst1|altram:sram|altsyncram:ram_block|altsyncram_bu91:auto_generated|ram_block1a0~porta_address_reg7 ; lpm_ram_io:inst1|altram:sram|altsyncram:ram_block|altsyncram_bu91:auto_generated|ram_block1a0~porta_datain_reg4 ; clock      ; clock    ; None                        ; None                      ; 5.160 ns                ;
; N/A                                     ; 192.05 MHz ( period = 5.207 ns )                    ; lpm_rom0:inst|altsyncram:altsyncram_component|altsyncram_ql91:auto_generated|ram_block1a0~porta_address_reg0     ; lpm_dff0:inst2|lpm_ff:lpm_ff_component|dffs[4]                                                                  ; clock      ; clock    ; None                        ; None                      ; 5.107 ns                ;
; N/A                                     ; 192.05 MHz ( period = 5.207 ns )                    ; lpm_rom0:inst|altsyncram:altsyncram_component|altsyncram_ql91:auto_generated|ram_block1a0~porta_address_reg1     ; lpm_dff0:inst2|lpm_ff:lpm_ff_component|dffs[4]                                                                  ; clock      ; clock    ; None                        ; None                      ; 5.107 ns                ;
; N/A                                     ; 192.05 MHz ( period = 5.207 ns )                    ; lpm_rom0:inst|altsyncram:altsyncram_component|altsyncram_ql91:auto_generated|ram_block1a0~porta_address_reg2     ; lpm_dff0:inst2|lpm_ff:lpm_ff_component|dffs[4]                                                                  ; clock      ; clock    ; None                        ; None                      ; 5.107 ns                ;
; N/A                                     ; 192.05 MHz ( period = 5.207 ns )                    ; lpm_rom0:inst|altsyncram:altsyncram_component|altsyncram_ql91:auto_generated|ram_block1a0~porta_address_reg3     ; lpm_dff0:inst2|lpm_ff:lpm_ff_component|dffs[4]                                                                  ; clock      ; clock    ; None                        ; None                      ; 5.107 ns                ;
; N/A                                     ; 192.05 MHz ( period = 5.207 ns )                    ; lpm_rom0:inst|altsyncram:altsyncram_component|altsyncram_ql91:auto_generated|ram_block1a0~porta_address_reg4     ; lpm_dff0:inst2|lpm_ff:lpm_ff_component|dffs[4]                                                                  ; clock      ; clock    ; None                        ; None                      ; 5.107 ns                ;
; N/A                                     ; 192.05 MHz ( period = 5.207 ns )                    ; lpm_rom0:inst|altsyncram:altsyncram_component|altsyncram_ql91:auto_generated|ram_block1a0~porta_address_reg5     ; lpm_dff0:inst2|lpm_ff:lpm_ff_component|dffs[4]                                                                  ; clock      ; clock    ; None                        ; None                      ; 5.107 ns                ;
; N/A                                     ; 192.05 MHz ( period = 5.207 ns )                    ; lpm_rom0:inst|altsyncram:altsyncram_component|altsyncram_ql91:auto_generated|ram_block1a0~porta_address_reg6     ; lpm_dff0:inst2|lpm_ff:lpm_ff_component|dffs[4]                                                                  ; clock      ; clock    ; None                        ; None                      ; 5.107 ns                ;
; N/A                                     ; 192.05 MHz ( period = 5.207 ns )                    ; lpm_rom0:inst|altsyncram:altsyncram_component|altsyncram_ql91:auto_generated|ram_block1a0~porta_address_reg7     ; lpm_dff0:inst2|lpm_ff:lpm_ff_component|dffs[4]                                                                  ; clock      ; clock    ; None                        ; None                      ; 5.107 ns                ;
; N/A                                     ; 200.44 MHz ( period = 4.989 ns )                    ; lpm_ram_io:inst1|altram:sram|altsyncram:ram_block|altsyncram_bu91:auto_generated|ram_block1a0~porta_we_reg       ; lpm_dff0:inst2|lpm_ff:lpm_ff_component|dffs[4]                                                                  ; clock      ; clock    ; None                        ; None                      ; 4.893 ns                ;
; N/A                                     ; 200.44 MHz ( period = 4.989 ns )                    ; lpm_ram_io:inst1|altram:sram|altsyncram:ram_block|altsyncram_bu91:auto_generated|ram_block1a0~porta_address_reg0 ; lpm_dff0:inst2|lpm_ff:lpm_ff_component|dffs[4]                                                                  ; clock      ; clock    ; None                        ; None                      ; 4.893 ns                ;
; N/A                                     ; 200.44 MHz ( period = 4.989 ns )                    ; lpm_ram_io:inst1|altram:sram|altsyncram:ram_block|altsyncram_bu91:auto_generated|ram_block1a0~porta_address_reg1 ; lpm_dff0:inst2|lpm_ff:lpm_ff_component|dffs[4]                                                                  ; clock      ; clock    ; None                        ; None                      ; 4.893 ns                ;
; N/A                                     ; 200.44 MHz ( period = 4.989 ns )                    ; lpm_ram_io:inst1|altram:sram|altsyncram:ram_block|altsyncram_bu91:auto_generated|ram_block1a0~porta_address_reg2 ; lpm_dff0:inst2|lpm_ff:lpm_ff_component|dffs[4]                                                                  ; clock      ; clock    ; None                        ; None                      ; 4.893 ns                ;
; N/A                                     ; 200.44 MHz ( period = 4.989 ns )                    ; lpm_ram_io:inst1|altram:sram|altsyncram:ram_block|altsyncram_bu91:auto_generated|ram_block1a0~porta_address_reg3 ; lpm_dff0:inst2|lpm_ff:lpm_ff_component|dffs[4]                                                                  ; clock      ; clock    ; None                        ; None                      ; 4.893 ns                ;
; N/A                                     ; 200.44 MHz ( period = 4.989 ns )                    ; lpm_ram_io:inst1|altram:sram|altsyncram:ram_block|altsyncram_bu91:auto_generated|ram_block1a0~porta_address_reg4 ; lpm_dff0:inst2|lpm_ff:lpm_ff_component|dffs[4]                                                                  ; clock      ; clock    ; None                        ; None                      ; 4.893 ns                ;
; N/A                                     ; 200.44 MHz ( period = 4.989 ns )                    ; lpm_ram_io:inst1|altram:sram|altsyncram:ram_block|altsyncram_bu91:auto_generated|ram_block1a0~porta_address_reg5 ; lpm_dff0:inst2|lpm_ff:lpm_ff_component|dffs[4]                                                                  ; clock      ; clock    ; None                        ; None                      ; 4.893 ns                ;
; N/A                                     ; 200.44 MHz ( period = 4.989 ns )                    ; lpm_ram_io:inst1|altram:sram|altsyncram:ram_block|altsyncram_bu91:auto_generated|ram_block1a0~porta_address_reg6 ; lpm_dff0:inst2|lpm_ff:lpm_ff_component|dffs[4]                                                                  ; clock      ; clock    ; None                        ; None                      ; 4.893 ns                ;
; N/A                                     ; 200.44 MHz ( period = 4.989 ns )                    ; lpm_ram_io:inst1|altram:sram|altsyncram:ram_block|altsyncram_bu91:auto_generated|ram_block1a0~porta_address_reg7 ; lpm_dff0:inst2|lpm_ff:lpm_ff_component|dffs[4]                                                                  ; clock      ; clock    ; None                        ; None                      ; 4.893 ns                ;
; N/A                                     ; 203.33 MHz ( period = 4.918 ns )                    ; lpm_ram_io:inst1|altram:sram|altsyncram:ram_block|altsyncram_bu91:auto_generated|ram_block1a0~porta_we_reg       ; lpm_ram_io:inst1|altram:sram|altsyncram:ram_block|altsyncram_bu91:auto_generated|ram_block1a0~porta_datain_reg7 ; clock      ; clock    ; None                        ; None                      ; 4.760 ns                ;
; N/A                                     ; 203.33 MHz ( period = 4.918 ns )                    ; lpm_ram_io:inst1|altram:sram|altsyncram:ram_block|altsyncram_bu91:auto_generated|ram_block1a0~porta_address_reg0 ; lpm_ram_io:inst1|altram:sram|altsyncram:ram_block|altsyncram_bu91:auto_generated|ram_block1a0~porta_datain_reg7 ; clock      ; clock    ; None                        ; None                      ; 4.760 ns                ;
; N/A                                     ; 203.33 MHz ( period = 4.918 ns )                    ; lpm_ram_io:inst1|altram:sram|altsyncram:ram_block|altsyncram_bu91:auto_generated|ram_block1a0~porta_address_reg1 ; lpm_ram_io:inst1|altram:sram|altsyncram:ram_block|altsyncram_bu91:auto_generated|ram_block1a0~porta_datain_reg7 ; clock      ; clock    ; None                        ; None                      ; 4.760 ns                ;
; N/A                                     ; 203.33 MHz ( period = 4.918 ns )                    ; lpm_ram_io:inst1|altram:sram|altsyncram:ram_block|altsyncram_bu91:auto_generated|ram_block1a0~porta_address_reg2 ; lpm_ram_io:inst1|altram:sram|altsyncram:ram_block|altsyncram_bu91:auto_generated|ram_block1a0~porta_datain_reg7 ; clock      ; clock    ; None                        ; None                      ; 4.760 ns                ;
; N/A                                     ; 203.33 MHz ( period = 4.918 ns )                    ; lpm_ram_io:inst1|altram:sram|altsyncram:ram_block|altsyncram_bu91:auto_generated|ram_block1a0~porta_address_reg3 ; lpm_ram_io:inst1|altram:sram|altsyncram:ram_block|altsyncram_bu91:auto_generated|ram_block1a0~porta_datain_reg7 ; clock      ; clock    ; None                        ; None                      ; 4.760 ns                ;
; N/A                                     ; 203.33 MHz ( period = 4.918 ns )                    ; lpm_ram_io:inst1|altram:sram|altsyncram:ram_block|altsyncram_bu91:auto_generated|ram_block1a0~porta_address_reg4 ; lpm_ram_io:inst1|altram:sram|altsyncram:ram_block|altsyncram_bu91:auto_generated|ram_block1a0~porta_datain_reg7 ; clock      ; clock    ; None                        ; None                      ; 4.760 ns                ;
; N/A                                     ; 203.33 MHz ( period = 4.918 ns )                    ; lpm_ram_io:inst1|altram:sram|altsyncram:ram_block|altsyncram_bu91:auto_generated|ram_block1a0~porta_address_reg5 ; lpm_ram_io:inst1|altram:sram|altsyncram:ram_block|altsyncram_bu91:auto_generated|ram_block1a0~porta_datain_reg7 ; clock      ; clock    ; None                        ; None                      ; 4.760 ns                ;
; N/A                                     ; 203.33 MHz ( period = 4.918 ns )                    ; lpm_ram_io:inst1|altram:sram|altsyncram:ram_block|altsyncram_bu91:auto_generated|ram_block1a0~porta_address_reg6 ; lpm_ram_io:inst1|altram:sram|altsyncram:ram_block|altsyncram_bu91:auto_generated|ram_block1a0~porta_datain_reg7 ; clock      ; clock    ; None                        ; None                      ; 4.760 ns                ;
; N/A                                     ; 203.33 MHz ( period = 4.918 ns )                    ; lpm_ram_io:inst1|altram:sram|altsyncram:ram_block|altsyncram_bu91:auto_generated|ram_block1a0~porta_address_reg7 ; lpm_ram_io:inst1|altram:sram|altsyncram:ram_block|altsyncram_bu91:auto_generated|ram_block1a0~porta_datain_reg7 ; clock      ; clock    ; None                        ; None                      ; 4.760 ns                ;
; N/A                                     ; 206.14 MHz ( period = 4.851 ns )                    ; lpm_ram_io:inst1|altram:sram|altsyncram:ram_block|altsyncram_bu91:auto_generated|ram_block1a0~porta_we_reg       ; lpm_ram_io:inst1|altram:sram|altsyncram:ram_block|altsyncram_bu91:auto_generated|ram_block1a0~porta_datain_reg1 ; clock      ; clock    ; None                        ; None                      ; 4.693 ns                ;
; N/A                                     ; 206.14 MHz ( period = 4.851 ns )                    ; lpm_ram_io:inst1|altram:sram|altsyncram:ram_block|altsyncram_bu91:auto_generated|ram_block1a0~porta_address_reg0 ; lpm_ram_io:inst1|altram:sram|altsyncram:ram_block|altsyncram_bu91:auto_generated|ram_block1a0~porta_datain_reg1 ; clock      ; clock    ; None                        ; None                      ; 4.693 ns                ;
; N/A                                     ; 206.14 MHz ( period = 4.851 ns )                    ; lpm_ram_io:inst1|altram:sram|altsyncram:ram_block|altsyncram_bu91:auto_generated|ram_block1a0~porta_address_reg1 ; lpm_ram_io:inst1|altram:sram|altsyncram:ram_block|altsyncram_bu91:auto_generated|ram_block1a0~porta_datain_reg1 ; clock      ; clock    ; None                        ; None                      ; 4.693 ns                ;
; N/A                                     ; 206.14 MHz ( period = 4.851 ns )                    ; lpm_ram_io:inst1|altram:sram|altsyncram:ram_block|altsyncram_bu91:auto_generated|ram_block1a0~porta_address_reg2 ; lpm_ram_io:inst1|altram:sram|altsyncram:ram_block|altsyncram_bu91:auto_generated|ram_block1a0~porta_datain_reg1 ; clock      ; clock    ; None                        ; None                      ; 4.693 ns                ;
; N/A                                     ; 206.14 MHz ( period = 4.851 ns )                    ; lpm_ram_io:inst1|altram:sram|altsyncram:ram_block|altsyncram_bu91:auto_generated|ram_block1a0~porta_address_reg3 ; lpm_ram_io:inst1|altram:sram|altsyncram:ram_block|altsyncram_bu91:auto_generated|ram_block1a0~porta_datain_reg1 ; clock      ; clock    ; None                        ; None                      ; 4.693 ns                ;
; N/A                                     ; 206.14 MHz ( period = 4.851 ns )                    ; lpm_ram_io:inst1|altram:sram|altsyncram:ram_block|altsyncram_bu91:auto_generated|ram_block1a0~porta_address_reg4 ; lpm_ram_io:inst1|altram:sram|altsyncram:ram_block|altsyncram_bu91:auto_generated|ram_block1a0~porta_datain_reg1 ; clock      ; clock    ; None                        ; None                      ; 4.693 ns                ;
; N/A                                     ; 206.14 MHz ( period = 4.851 ns )                    ; lpm_ram_io:inst1|altram:sram|altsyncram:ram_block|altsyncram_bu91:auto_generated|ram_block1a0~porta_address_reg5 ; lpm_ram_io:inst1|altram:sram|altsyncram:ram_block|altsyncram_bu91:auto_generated|ram_block1a0~porta_datain_reg1 ; clock      ; clock    ; None                        ; None                      ; 4.693 ns                ;
; N/A                                     ; 206.14 MHz ( period = 4.851 ns )                    ; lpm_ram_io:inst1|altram:sram|altsyncram:ram_block|altsyncram_bu91:auto_generated|ram_block1a0~porta_address_reg6 ; lpm_ram_io:inst1|altram:sram|altsyncram:ram_block|altsyncram_bu91:auto_generated|ram_block1a0~porta_datain_reg1 ; clock      ; clock    ; None                        ; None                      ; 4.693 ns                ;
; N/A                                     ; 206.14 MHz ( period = 4.851 ns )                    ; lpm_ram_io:inst1|altram:sram|altsyncram:ram_block|altsyncram_bu91:auto_generated|ram_block1a0~porta_address_reg7 ; lpm_ram_io:inst1|altram:sram|altsyncram:ram_block|altsyncram_bu91:auto_generated|ram_block1a0~porta_datain_reg1 ; clock      ; clock    ; None                        ; None                      ; 4.693 ns                ;
; N/A                                     ; 206.87 MHz ( period = 4.834 ns )                    ; lpm_rom0:inst|altsyncram:altsyncram_component|altsyncram_ql91:auto_generated|ram_block1a0~porta_address_reg0     ; lpm_ram_io:inst1|altram:sram|altsyncram:ram_block|altsyncram_bu91:auto_generated|ram_block1a0~porta_datain_reg7 ; clock      ; clock    ; None                        ; None                      ; 4.672 ns                ;
; N/A                                     ; 206.87 MHz ( period = 4.834 ns )                    ; lpm_rom0:inst|altsyncram:altsyncram_component|altsyncram_ql91:auto_generated|ram_block1a0~porta_address_reg1     ; lpm_ram_io:inst1|altram:sram|altsyncram:ram_block|altsyncram_bu91:auto_generated|ram_block1a0~porta_datain_reg7 ; clock      ; clock    ; None                        ; None                      ; 4.672 ns                ;
; N/A                                     ; 206.87 MHz ( period = 4.834 ns )                    ; lpm_rom0:inst|altsyncram:altsyncram_component|altsyncram_ql91:auto_generated|ram_block1a0~porta_address_reg2     ; lpm_ram_io:inst1|altram:sram|altsyncram:ram_block|altsyncram_bu91:auto_generated|ram_block1a0~porta_datain_reg7 ; clock      ; clock    ; None                        ; None                      ; 4.672 ns                ;
; N/A                                     ; 206.87 MHz ( period = 4.834 ns )                    ; lpm_rom0:inst|altsyncram:altsyncram_component|altsyncram_ql91:auto_generated|ram_block1a0~porta_address_reg3     ; lpm_ram_io:inst1|altram:sram|altsyncram:ram_block|altsyncram_bu91:auto_generated|ram_block1a0~porta_datain_reg7 ; clock      ; clock    ; None                        ; None                      ; 4.672 ns                ;
; N/A                                     ; 206.87 MHz ( period = 4.834 ns )                    ; lpm_rom0:inst|altsyncram:altsyncram_component|altsyncram_ql91:auto_generated|ram_block1a0~porta_address_reg4     ; lpm_ram_io:inst1|altram:sram|altsyncram:ram_block|altsyncram_bu91:auto_generated|ram_block1a0~porta_datain_reg7 ; clock      ; clock    ; None                        ; None                      ; 4.672 ns                ;
; N/A                                     ; 206.87 MHz ( period = 4.834 ns )                    ; lpm_rom0:inst|altsyncram:altsyncram_component|altsyncram_ql91:auto_generated|ram_block1a0~porta_address_reg5     ; lpm_ram_io:inst1|altram:sram|altsyncram:ram_block|altsyncram_bu91:auto_generated|ram_block1a0~porta_datain_reg7 ; clock      ; clock    ; None                        ; None                      ; 4.672 ns                ;
; N/A                                     ; 206.87 MHz ( period = 4.834 ns )                    ; lpm_rom0:inst|altsyncram:altsyncram_component|altsyncram_ql91:auto_generated|ram_block1a0~porta_address_reg6     ; lpm_ram_io:inst1|altram:sram|altsyncram:ram_block|altsyncram_bu91:auto_generated|ram_block1a0~porta_datain_reg7 ; clock      ; clock    ; None                        ; None                      ; 4.672 ns                ;
; N/A                                     ; 206.87 MHz ( period = 4.834 ns )                    ; lpm_rom0:inst|altsyncram:altsyncram_component|altsyncram_ql91:auto_generated|ram_block1a0~porta_address_reg7     ; lpm_ram_io:inst1|altram:sram|altsyncram:ram_block|altsyncram_bu91:auto_generated|ram_block1a0~porta_datain_reg7 ; clock      ; clock    ; None                        ; None                      ; 4.672 ns                ;
; N/A                                     ; 207.99 MHz ( period = 4.808 ns )                    ; lpm_rom0:inst|altsyncram:altsyncram_component|altsyncram_ql91:auto_generated|ram_block1a0~porta_address_reg0     ; lpm_ram_io:inst1|altram:sram|altsyncram:ram_block|altsyncram_bu91:auto_generated|ram_block1a0~porta_datain_reg5 ; clock      ; clock    ; None                        ; None                      ; 4.646 ns                ;
; N/A                                     ; 207.99 MHz ( period = 4.808 ns )                    ; lpm_rom0:inst|altsyncram:altsyncram_component|altsyncram_ql91:auto_generated|ram_block1a0~porta_address_reg1     ; lpm_ram_io:inst1|altram:sram|altsyncram:ram_block|altsyncram_bu91:auto_generated|ram_block1a0~porta_datain_reg5 ; clock      ; clock    ; None                        ; None                      ; 4.646 ns                ;
; N/A                                     ; 207.99 MHz ( period = 4.808 ns )                    ; lpm_rom0:inst|altsyncram:altsyncram_component|altsyncram_ql91:auto_generated|ram_block1a0~porta_address_reg2     ; lpm_ram_io:inst1|altram:sram|altsyncram:ram_block|altsyncram_bu91:auto_generated|ram_block1a0~porta_datain_reg5 ; clock      ; clock    ; None                        ; None                      ; 4.646 ns                ;
; N/A                                     ; 207.99 MHz ( period = 4.808 ns )                    ; lpm_rom0:inst|altsyncram:altsyncram_component|altsyncram_ql91:auto_generated|ram_block1a0~porta_address_reg3     ; lpm_ram_io:inst1|altram:sram|altsyncram:ram_block|altsyncram_bu91:auto_generated|ram_block1a0~porta_datain_reg5 ; clock      ; clock    ; None                        ; None                      ; 4.646 ns                ;
; N/A                                     ; 207.99 MHz ( period = 4.808 ns )                    ; lpm_rom0:inst|altsyncram:altsyncram_component|altsyncram_ql91:auto_generated|ram_block1a0~porta_address_reg4     ; lpm_ram_io:inst1|altram:sram|altsyncram:ram_block|altsyncram_bu91:auto_generated|ram_block1a0~porta_datain_reg5 ; clock      ; clock    ; None                        ; None                      ; 4.646 ns                ;
; N/A                                     ; 207.99 MHz ( period = 4.808 ns )                    ; lpm_rom0:inst|altsyncram:altsyncram_component|altsyncram_ql91:auto_generated|ram_block1a0~porta_address_reg5     ; lpm_ram_io:inst1|altram:sram|altsyncram:ram_block|altsyncram_bu91:auto_generated|ram_block1a0~porta_datain_reg5 ; clock      ; clock    ; None                        ; None                      ; 4.646 ns                ;
; N/A                                     ; 207.99 MHz ( period = 4.808 ns )                    ; lpm_rom0:inst|altsyncram:altsyncram_component|altsyncram_ql91:auto_generated|ram_block1a0~porta_address_reg6     ; lpm_ram_io:inst1|altram:sram|altsyncram:ram_block|altsyncram_bu91:auto_generated|ram_block1a0~porta_datain_reg5 ; clock      ; clock    ; None                        ; None                      ; 4.646 ns                ;
; N/A                                     ; 207.99 MHz ( period = 4.808 ns )                    ; lpm_rom0:inst|altsyncram:altsyncram_component|altsyncram_ql91:auto_generated|ram_block1a0~porta_address_reg7     ; lpm_ram_io:inst1|altram:sram|altsyncram:ram_block|altsyncram_bu91:auto_generated|ram_block1a0~porta_datain_reg5 ; clock      ; clock    ; None                        ; None                      ; 4.646 ns                ;
; N/A                                     ; 209.29 MHz ( period = 4.778 ns )                    ; lpm_ram_io:inst1|altram:sram|altsyncram:ram_block|altsyncram_bu91:auto_generated|ram_block1a0~porta_we_reg       ; lpm_ram_io:inst1|altram:sram|altsyncram:ram_block|altsyncram_bu91:auto_generated|ram_block1a0~porta_datain_reg5 ; clock      ; clock    ; None                        ; None                      ; 4.620 ns                ;
; N/A                                     ; 209.29 MHz ( period = 4.778 ns )                    ; lpm_ram_io:inst1|altram:sram|altsyncram:ram_block|altsyncram_bu91:auto_generated|ram_block1a0~porta_address_reg0 ; lpm_ram_io:inst1|altram:sram|altsyncram:ram_block|altsyncram_bu91:auto_generated|ram_block1a0~porta_datain_reg5 ; clock      ; clock    ; None                        ; None                      ; 4.620 ns                ;
; N/A                                     ; 209.29 MHz ( period = 4.778 ns )                    ; lpm_ram_io:inst1|altram:sram|altsyncram:ram_block|altsyncram_bu91:auto_generated|ram_block1a0~porta_address_reg1 ; lpm_ram_io:inst1|altram:sram|altsyncram:ram_block|altsyncram_bu91:auto_generated|ram_block1a0~porta_datain_reg5 ; clock      ; clock    ; None                        ; None                      ; 4.620 ns                ;
; N/A                                     ; 209.29 MHz ( period = 4.778 ns )                    ; lpm_ram_io:inst1|altram:sram|altsyncram:ram_block|altsyncram_bu91:auto_generated|ram_block1a0~porta_address_reg2 ; lpm_ram_io:inst1|altram:sram|altsyncram:ram_block|altsyncram_bu91:auto_generated|ram_block1a0~porta_datain_reg5 ; clock      ; clock    ; None                        ; None                      ; 4.620 ns                ;
; N/A                                     ; 209.29 MHz ( period = 4.778 ns )                    ; lpm_ram_io:inst1|altram:sram|altsyncram:ram_block|altsyncram_bu91:auto_generated|ram_block1a0~porta_address_reg3 ; lpm_ram_io:inst1|altram:sram|altsyncram:ram_block|altsyncram_bu91:auto_generated|ram_block1a0~porta_datain_reg5 ; clock      ; clock    ; None                        ; None                      ; 4.620 ns                ;
; N/A                                     ; 209.29 MHz ( period = 4.778 ns )                    ; lpm_ram_io:inst1|altram:sram|altsyncram:ram_block|altsyncram_bu91:auto_generated|ram_block1a0~porta_address_reg4 ; lpm_ram_io:inst1|altram:sram|altsyncram:ram_block|altsyncram_bu91:auto_generated|ram_block1a0~porta_datain_reg5 ; clock      ; clock    ; None                        ; None                      ; 4.620 ns                ;
; N/A                                     ; 209.29 MHz ( period = 4.778 ns )                    ; lpm_ram_io:inst1|altram:sram|altsyncram:ram_block|altsyncram_bu91:auto_generated|ram_block1a0~porta_address_reg5 ; lpm_ram_io:inst1|altram:sram|altsyncram:ram_block|altsyncram_bu91:auto_generated|ram_block1a0~porta_datain_reg5 ; clock      ; clock    ; None                        ; None                      ; 4.620 ns                ;
; N/A                                     ; 209.29 MHz ( period = 4.778 ns )                    ; lpm_ram_io:inst1|altram:sram|altsyncram:ram_block|altsyncram_bu91:auto_generated|ram_block1a0~porta_address_reg6 ; lpm_ram_io:inst1|altram:sram|altsyncram:ram_block|altsyncram_bu91:auto_generated|ram_block1a0~porta_datain_reg5 ; clock      ; clock    ; None                        ; None                      ; 4.620 ns                ;
; N/A                                     ; 209.29 MHz ( period = 4.778 ns )                    ; lpm_ram_io:inst1|altram:sram|altsyncram:ram_block|altsyncram_bu91:auto_generated|ram_block1a0~porta_address_reg7 ; lpm_ram_io:inst1|altram:sram|altsyncram:ram_block|altsyncram_bu91:auto_generated|ram_block1a0~porta_datain_reg5 ; clock      ; clock    ; None                        ; None                      ; 4.620 ns                ;
; N/A                                     ; 209.34 MHz ( period = 4.777 ns )                    ; lpm_ram_io:inst1|altram:sram|altsyncram:ram_block|altsyncram_bu91:auto_generated|ram_block1a0~porta_we_reg       ; lpm_ram_io:inst1|altram:sram|altsyncram:ram_block|altsyncram_bu91:auto_generated|ram_block1a0~porta_datain_reg3 ; clock      ; clock    ; None                        ; None                      ; 4.619 ns                ;
; N/A                                     ; 209.34 MHz ( period = 4.777 ns )                    ; lpm_ram_io:inst1|altram:sram|altsyncram:ram_block|altsyncram_bu91:auto_generated|ram_block1a0~porta_address_reg0 ; lpm_ram_io:inst1|altram:sram|altsyncram:ram_block|altsyncram_bu91:auto_generated|ram_block1a0~porta_datain_reg3 ; clock      ; clock    ; None                        ; None                      ; 4.619 ns                ;
; N/A                                     ; 209.34 MHz ( period = 4.777 ns )                    ; lpm_ram_io:inst1|altram:sram|altsyncram:ram_block|altsyncram_bu91:auto_generated|ram_block1a0~porta_address_reg1 ; lpm_ram_io:inst1|altram:sram|altsyncram:ram_block|altsyncram_bu91:auto_generated|ram_block1a0~porta_datain_reg3 ; clock      ; clock    ; None                        ; None                      ; 4.619 ns                ;
; N/A                                     ; 209.34 MHz ( period = 4.777 ns )                    ; lpm_ram_io:inst1|altram:sram|altsyncram:ram_block|altsyncram_bu91:auto_generated|ram_block1a0~porta_address_reg2 ; lpm_ram_io:inst1|altram:sram|altsyncram:ram_block|altsyncram_bu91:auto_generated|ram_block1a0~porta_datain_reg3 ; clock      ; clock    ; None                        ; None                      ; 4.619 ns                ;
; N/A                                     ; 209.34 MHz ( period = 4.777 ns )                    ; lpm_ram_io:inst1|altram:sram|altsyncram:ram_block|altsyncram_bu91:auto_generated|ram_block1a0~porta_address_reg3 ; lpm_ram_io:inst1|altram:sram|altsyncram:ram_block|altsyncram_bu91:auto_generated|ram_block1a0~porta_datain_reg3 ; clock      ; clock    ; None                        ; None                      ; 4.619 ns                ;
; N/A                                     ; 209.34 MHz ( period = 4.777 ns )                    ; lpm_ram_io:inst1|altram:sram|altsyncram:ram_block|altsyncram_bu91:auto_generated|ram_block1a0~porta_address_reg4 ; lpm_ram_io:inst1|altram:sram|altsyncram:ram_block|altsyncram_bu91:auto_generated|ram_block1a0~porta_datain_reg3 ; clock      ; clock    ; None                        ; None                      ; 4.619 ns                ;
; N/A                                     ; 209.34 MHz ( period = 4.777 ns )                    ; lpm_ram_io:inst1|altram:sram|altsyncram:ram_block|altsyncram_bu91:auto_generated|ram_block1a0~porta_address_reg5 ; lpm_ram_io:inst1|altram:sram|altsyncram:ram_block|altsyncram_bu91:auto_generated|ram_block1a0~porta_datain_reg3 ; clock      ; clock    ; None                        ; None                      ; 4.619 ns                ;
; N/A                                     ; 209.34 MHz ( period = 4.777 ns )                    ; lpm_ram_io:inst1|altram:sram|altsyncram:ram_block|altsyncram_bu91:auto_generated|ram_block1a0~porta_address_reg6 ; lpm_ram_io:inst1|altram:sram|altsyncram:ram_block|altsyncram_bu91:auto_generated|ram_block1a0~porta_datain_reg3 ; clock      ; clock    ; None                        ; None                      ; 4.619 ns                ;
; N/A                                     ; 209.34 MHz ( period = 4.777 ns )                    ; lpm_ram_io:inst1|altram:sram|altsyncram:ram_block|altsyncram_bu91:auto_generated|ram_block1a0~porta_address_reg7 ; lpm_ram_io:inst1|altram:sram|altsyncram:ram_block|altsyncram_bu91:auto_generated|ram_block1a0~porta_datain_reg3 ; clock      ; clock    ; None                        ; None                      ; 4.619 ns                ;
; N/A                                     ; 225.84 MHz ( period = 4.428 ns )                    ; lpm_rom0:inst|altsyncram:altsyncram_component|altsyncram_ql91:auto_generated|ram_block1a0~porta_address_reg0     ; lpm_ram_io:inst1|altram:sram|altsyncram:ram_block|altsyncram_bu91:auto_generated|ram_block1a0~porta_datain_reg1 ; clock      ; clock    ; None                        ; None                      ; 4.266 ns                ;
; N/A                                     ; 225.84 MHz ( period = 4.428 ns )                    ; lpm_rom0:inst|altsyncram:altsyncram_component|altsyncram_ql91:auto_generated|ram_block1a0~porta_address_reg1     ; lpm_ram_io:inst1|altram:sram|altsyncram:ram_block|altsyncram_bu91:auto_generated|ram_block1a0~porta_datain_reg1 ; clock      ; clock    ; None                        ; None                      ; 4.266 ns                ;
; N/A                                     ; 225.84 MHz ( period = 4.428 ns )                    ; lpm_rom0:inst|altsyncram:altsyncram_component|altsyncram_ql91:auto_generated|ram_block1a0~porta_address_reg2     ; lpm_ram_io:inst1|altram:sram|altsyncram:ram_block|altsyncram_bu91:auto_generated|ram_block1a0~porta_datain_reg1 ; clock      ; clock    ; None                        ; None                      ; 4.266 ns                ;
; N/A                                     ; 225.84 MHz ( period = 4.428 ns )                    ; lpm_rom0:inst|altsyncram:altsyncram_component|altsyncram_ql91:auto_generated|ram_block1a0~porta_address_reg3     ; lpm_ram_io:inst1|altram:sram|altsyncram:ram_block|altsyncram_bu91:auto_generated|ram_block1a0~porta_datain_reg1 ; clock      ; clock    ; None                        ; None                      ; 4.266 ns                ;
; N/A                                     ; 225.84 MHz ( period = 4.428 ns )                    ; lpm_rom0:inst|altsyncram:altsyncram_component|altsyncram_ql91:auto_generated|ram_block1a0~porta_address_reg4     ; lpm_ram_io:inst1|altram:sram|altsyncram:ram_block|altsyncram_bu91:auto_generated|ram_block1a0~porta_datain_reg1 ; clock      ; clock    ; None                        ; None                      ; 4.266 ns                ;
; N/A                                     ; 225.84 MHz ( period = 4.428 ns )                    ; lpm_rom0:inst|altsyncram:altsyncram_component|altsyncram_ql91:auto_generated|ram_block1a0~porta_address_reg5     ; lpm_ram_io:inst1|altram:sram|altsyncram:ram_block|altsyncram_bu91:auto_generated|ram_block1a0~porta_datain_reg1 ; clock      ; clock    ; None                        ; None                      ; 4.266 ns                ;
; N/A                                     ; 225.84 MHz ( period = 4.428 ns )                    ; lpm_rom0:inst|altsyncram:altsyncram_component|altsyncram_ql91:auto_generated|ram_block1a0~porta_address_reg6     ; lpm_ram_io:inst1|altram:sram|altsyncram:ram_block|altsyncram_bu91:auto_generated|ram_block1a0~porta_datain_reg1 ; clock      ; clock    ; None                        ; None                      ; 4.266 ns                ;
; N/A                                     ; 225.84 MHz ( period = 4.428 ns )                    ; lpm_rom0:inst|altsyncram:altsyncram_component|altsyncram_ql91:auto_generated|ram_block1a0~porta_address_reg7     ; lpm_ram_io:inst1|altram:sram|altsyncram:ram_block|altsyncram_bu91:auto_generated|ram_block1a0~porta_datain_reg1 ; clock      ; clock    ; None                        ; None                      ; 4.266 ns                ;
; N/A                                     ; 226.65 MHz ( period = 4.412 ns )                    ; lpm_rom0:inst|altsyncram:altsyncram_component|altsyncram_ql91:auto_generated|ram_block1a0~porta_address_reg0     ; lpm_ram_io:inst1|altram:sram|altsyncram:ram_block|altsyncram_bu91:auto_generated|ram_block1a0~porta_datain_reg2 ; clock      ; clock    ; None                        ; None                      ; 4.250 ns                ;
; N/A                                     ; 226.65 MHz ( period = 4.412 ns )                    ; lpm_rom0:inst|altsyncram:altsyncram_component|altsyncram_ql91:auto_generated|ram_block1a0~porta_address_reg1     ; lpm_ram_io:inst1|altram:sram|altsyncram:ram_block|altsyncram_bu91:auto_generated|ram_block1a0~porta_datain_reg2 ; clock      ; clock    ; None                        ; None                      ; 4.250 ns                ;
; N/A                                     ; 226.65 MHz ( period = 4.412 ns )                    ; lpm_rom0:inst|altsyncram:altsyncram_component|altsyncram_ql91:auto_generated|ram_block1a0~porta_address_reg2     ; lpm_ram_io:inst1|altram:sram|altsyncram:ram_block|altsyncram_bu91:auto_generated|ram_block1a0~porta_datain_reg2 ; clock      ; clock    ; None                        ; None                      ; 4.250 ns                ;
; N/A                                     ; 226.65 MHz ( period = 4.412 ns )                    ; lpm_rom0:inst|altsyncram:altsyncram_component|altsyncram_ql91:auto_generated|ram_block1a0~porta_address_reg3     ; lpm_ram_io:inst1|altram:sram|altsyncram:ram_block|altsyncram_bu91:auto_generated|ram_block1a0~porta_datain_reg2 ; clock      ; clock    ; None                        ; None                      ; 4.250 ns                ;
; N/A                                     ; 226.65 MHz ( period = 4.412 ns )                    ; lpm_rom0:inst|altsyncram:altsyncram_component|altsyncram_ql91:auto_generated|ram_block1a0~porta_address_reg4     ; lpm_ram_io:inst1|altram:sram|altsyncram:ram_block|altsyncram_bu91:auto_generated|ram_block1a0~porta_datain_reg2 ; clock      ; clock    ; None                        ; None                      ; 4.250 ns                ;
; N/A                                     ; 226.65 MHz ( period = 4.412 ns )                    ; lpm_rom0:inst|altsyncram:altsyncram_component|altsyncram_ql91:auto_generated|ram_block1a0~porta_address_reg5     ; lpm_ram_io:inst1|altram:sram|altsyncram:ram_block|altsyncram_bu91:auto_generated|ram_block1a0~porta_datain_reg2 ; clock      ; clock    ; None                        ; None                      ; 4.250 ns                ;
; N/A                                     ; 226.65 MHz ( period = 4.412 ns )                    ; lpm_rom0:inst|altsyncram:altsyncram_component|altsyncram_ql91:auto_generated|ram_block1a0~porta_address_reg6     ; lpm_ram_io:inst1|altram:sram|altsyncram:ram_block|altsyncram_bu91:auto_generated|ram_block1a0~porta_datain_reg2 ; clock      ; clock    ; None                        ; None                      ; 4.250 ns                ;
; N/A                                     ; 226.65 MHz ( period = 4.412 ns )                    ; lpm_rom0:inst|altsyncram:altsyncram_component|altsyncram_ql91:auto_generated|ram_block1a0~porta_address_reg7     ; lpm_ram_io:inst1|altram:sram|altsyncram:ram_block|altsyncram_bu91:auto_generated|ram_block1a0~porta_datain_reg2 ; clock      ; clock    ; None                        ; None                      ; 4.250 ns                ;
; N/A                                     ; 230.36 MHz ( period = 4.341 ns )                    ; lpm_rom0:inst|altsyncram:altsyncram_component|altsyncram_ql91:auto_generated|ram_block1a0~porta_address_reg0     ; lpm_ram_io:inst1|altram:sram|altsyncram:ram_block|altsyncram_bu91:auto_generated|ram_block1a0~porta_datain_reg0 ; clock      ; clock    ; None                        ; None                      ; 4.179 ns                ;
; N/A                                     ; 230.36 MHz ( period = 4.341 ns )                    ; lpm_rom0:inst|altsyncram:altsyncram_component|altsyncram_ql91:auto_generated|ram_block1a0~porta_address_reg1     ; lpm_ram_io:inst1|altram:sram|altsyncram:ram_block|altsyncram_bu91:auto_generated|ram_block1a0~porta_datain_reg0 ; clock      ; clock    ; None                        ; None                      ; 4.179 ns                ;
; N/A                                     ; 230.36 MHz ( period = 4.341 ns )                    ; lpm_rom0:inst|altsyncram:altsyncram_component|altsyncram_ql91:auto_generated|ram_block1a0~porta_address_reg2     ; lpm_ram_io:inst1|altram:sram|altsyncram:ram_block|altsyncram_bu91:auto_generated|ram_block1a0~porta_datain_reg0 ; clock      ; clock    ; None                        ; None                      ; 4.179 ns                ;
; N/A                                     ; 230.36 MHz ( period = 4.341 ns )                    ; lpm_rom0:inst|altsyncram:altsyncram_component|altsyncram_ql91:auto_generated|ram_block1a0~porta_address_reg3     ; lpm_ram_io:inst1|altram:sram|altsyncram:ram_block|altsyncram_bu91:auto_generated|ram_block1a0~porta_datain_reg0 ; clock      ; clock    ; None                        ; None                      ; 4.179 ns                ;
; N/A                                     ; 230.36 MHz ( period = 4.341 ns )                    ; lpm_rom0:inst|altsyncram:altsyncram_component|altsyncram_ql91:auto_generated|ram_block1a0~porta_address_reg4     ; lpm_ram_io:inst1|altram:sram|altsyncram:ram_block|altsyncram_bu91:auto_generated|ram_block1a0~porta_datain_reg0 ; clock      ; clock    ; None                        ; None                      ; 4.179 ns                ;
; N/A                                     ; 230.36 MHz ( period = 4.341 ns )                    ; lpm_rom0:inst|altsyncram:altsyncram_component|altsyncram_ql91:auto_generated|ram_block1a0~porta_address_reg5     ; lpm_ram_io:inst1|altram:sram|altsyncram:ram_block|altsyncram_bu91:auto_generated|ram_block1a0~porta_datain_reg0 ; clock      ; clock    ; None                        ; None                      ; 4.179 ns                ;
; N/A                                     ; 230.36 MHz ( period = 4.341 ns )                    ; lpm_rom0:inst|altsyncram:altsyncram_component|altsyncram_ql91:auto_generated|ram_block1a0~porta_address_reg6     ; lpm_ram_io:inst1|altram:sram|altsyncram:ram_block|altsyncram_bu91:auto_generated|ram_block1a0~porta_datain_reg0 ; clock      ; clock    ; None                        ; None                      ; 4.179 ns                ;
; N/A                                     ; 230.36 MHz ( period = 4.341 ns )                    ; lpm_rom0:inst|altsyncram:altsyncram_component|altsyncram_ql91:auto_generated|ram_block1a0~porta_address_reg7     ; lpm_ram_io:inst1|altram:sram|altsyncram:ram_block|altsyncram_bu91:auto_generated|ram_block1a0~porta_datain_reg0 ; clock      ; clock    ; None                        ; None                      ; 4.179 ns                ;
; N/A                                     ; 230.68 MHz ( period = 4.335 ns )                    ; lpm_rom0:inst|altsyncram:altsyncram_component|altsyncram_ql91:auto_generated|ram_block1a0~porta_address_reg0     ; lpm_ram_io:inst1|altram:sram|altsyncram:ram_block|altsyncram_bu91:auto_generated|ram_block1a0~porta_datain_reg3 ; clock      ; clock    ; None                        ; None                      ; 4.173 ns                ;
; N/A                                     ; 230.68 MHz ( period = 4.335 ns )                    ; lpm_rom0:inst|altsyncram:altsyncram_component|altsyncram_ql91:auto_generated|ram_block1a0~porta_address_reg1     ; lpm_ram_io:inst1|altram:sram|altsyncram:ram_block|altsyncram_bu91:auto_generated|ram_block1a0~porta_datain_reg3 ; clock      ; clock    ; None                        ; None                      ; 4.173 ns                ;
; N/A                                     ; 230.68 MHz ( period = 4.335 ns )                    ; lpm_rom0:inst|altsyncram:altsyncram_component|altsyncram_ql91:auto_generated|ram_block1a0~porta_address_reg2     ; lpm_ram_io:inst1|altram:sram|altsyncram:ram_block|altsyncram_bu91:auto_generated|ram_block1a0~porta_datain_reg3 ; clock      ; clock    ; None                        ; None                      ; 4.173 ns                ;
; N/A                                     ; 230.68 MHz ( period = 4.335 ns )                    ; lpm_rom0:inst|altsyncram:altsyncram_component|altsyncram_ql91:auto_generated|ram_block1a0~porta_address_reg3     ; lpm_ram_io:inst1|altram:sram|altsyncram:ram_block|altsyncram_bu91:auto_generated|ram_block1a0~porta_datain_reg3 ; clock      ; clock    ; None                        ; None                      ; 4.173 ns                ;
; N/A                                     ; 230.68 MHz ( period = 4.335 ns )                    ; lpm_rom0:inst|altsyncram:altsyncram_component|altsyncram_ql91:auto_generated|ram_block1a0~porta_address_reg4     ; lpm_ram_io:inst1|altram:sram|altsyncram:ram_block|altsyncram_bu91:auto_generated|ram_block1a0~porta_datain_reg3 ; clock      ; clock    ; None                        ; None                      ; 4.173 ns                ;
; N/A                                     ; 230.68 MHz ( period = 4.335 ns )                    ; lpm_rom0:inst|altsyncram:altsyncram_component|altsyncram_ql91:auto_generated|ram_block1a0~porta_address_reg5     ; lpm_ram_io:inst1|altram:sram|altsyncram:ram_block|altsyncram_bu91:auto_generated|ram_block1a0~porta_datain_reg3 ; clock      ; clock    ; None                        ; None                      ; 4.173 ns                ;
; N/A                                     ; 230.68 MHz ( period = 4.335 ns )                    ; lpm_rom0:inst|altsyncram:altsyncram_component|altsyncram_ql91:auto_generated|ram_block1a0~porta_address_reg6     ; lpm_ram_io:inst1|altram:sram|altsyncram:ram_block|altsyncram_bu91:auto_generated|ram_block1a0~porta_datain_reg3 ; clock      ; clock    ; None                        ; None                      ; 4.173 ns                ;
; N/A                                     ; 230.68 MHz ( period = 4.335 ns )                    ; lpm_rom0:inst|altsyncram:altsyncram_component|altsyncram_ql91:auto_generated|ram_block1a0~porta_address_reg7     ; lpm_ram_io:inst1|altram:sram|altsyncram:ram_block|altsyncram_bu91:auto_generated|ram_block1a0~porta_datain_reg3 ; clock      ; clock    ; None                        ; None                      ; 4.173 ns                ;
; N/A                                     ; 231.70 MHz ( period = 4.316 ns )                    ; lpm_ram_io:inst1|altram:sram|altsyncram:ram_block|altsyncram_bu91:auto_generated|ram_block1a0~porta_we_reg       ; lpm_ram_io:inst1|altram:sram|altsyncram:ram_block|altsyncram_bu91:auto_generated|ram_block1a0~porta_datain_reg0 ; clock      ; clock    ; None                        ; None                      ; 4.158 ns                ;
; N/A                                     ; 231.70 MHz ( period = 4.316 ns )                    ; lpm_ram_io:inst1|altram:sram|altsyncram:ram_block|altsyncram_bu91:auto_generated|ram_block1a0~porta_address_reg0 ; lpm_ram_io:inst1|altram:sram|altsyncram:ram_block|altsyncram_bu91:auto_generated|ram_block1a0~porta_datain_reg0 ; clock      ; clock    ; None                        ; None                      ; 4.158 ns                ;
; N/A                                     ; 231.70 MHz ( period = 4.316 ns )                    ; lpm_ram_io:inst1|altram:sram|altsyncram:ram_block|altsyncram_bu91:auto_generated|ram_block1a0~porta_address_reg1 ; lpm_ram_io:inst1|altram:sram|altsyncram:ram_block|altsyncram_bu91:auto_generated|ram_block1a0~porta_datain_reg0 ; clock      ; clock    ; None                        ; None                      ; 4.158 ns                ;
; N/A                                     ; 231.70 MHz ( period = 4.316 ns )                    ; lpm_ram_io:inst1|altram:sram|altsyncram:ram_block|altsyncram_bu91:auto_generated|ram_block1a0~porta_address_reg2 ; lpm_ram_io:inst1|altram:sram|altsyncram:ram_block|altsyncram_bu91:auto_generated|ram_block1a0~porta_datain_reg0 ; clock      ; clock    ; None                        ; None                      ; 4.158 ns                ;
; N/A                                     ; 231.70 MHz ( period = 4.316 ns )                    ; lpm_ram_io:inst1|altram:sram|altsyncram:ram_block|altsyncram_bu91:auto_generated|ram_block1a0~porta_address_reg3 ; lpm_ram_io:inst1|altram:sram|altsyncram:ram_block|altsyncram_bu91:auto_generated|ram_block1a0~porta_datain_reg0 ; clock      ; clock    ; None                        ; None                      ; 4.158 ns                ;
; N/A                                     ; 231.70 MHz ( period = 4.316 ns )                    ; lpm_ram_io:inst1|altram:sram|altsyncram:ram_block|altsyncram_bu91:auto_generated|ram_block1a0~porta_address_reg4 ; lpm_ram_io:inst1|altram:sram|altsyncram:ram_block|altsyncram_bu91:auto_generated|ram_block1a0~porta_datain_reg0 ; clock      ; clock    ; None                        ; None                      ; 4.158 ns                ;
; N/A                                     ; 231.70 MHz ( period = 4.316 ns )                    ; lpm_ram_io:inst1|altram:sram|altsyncram:ram_block|altsyncram_bu91:auto_generated|ram_block1a0~porta_address_reg5 ; lpm_ram_io:inst1|altram:sram|altsyncram:ram_block|altsyncram_bu91:auto_generated|ram_block1a0~porta_datain_reg0 ; clock      ; clock    ; None                        ; None                      ; 4.158 ns                ;
; N/A                                     ; 231.70 MHz ( period = 4.316 ns )                    ; lpm_ram_io:inst1|altram:sram|altsyncram:ram_block|altsyncram_bu91:auto_generated|ram_block1a0~porta_address_reg6 ; lpm_ram_io:inst1|altram:sram|altsyncram:ram_block|altsyncram_bu91:auto_generated|ram_block1a0~porta_datain_reg0 ; clock      ; clock    ; None                        ; None                      ; 4.158 ns                ;
; N/A                                     ; 231.70 MHz ( period = 4.316 ns )                    ; lpm_ram_io:inst1|altram:sram|altsyncram:ram_block|altsyncram_bu91:auto_generated|ram_block1a0~porta_address_reg7 ; lpm_ram_io:inst1|altram:sram|altsyncram:ram_block|altsyncram_bu91:auto_generated|ram_block1a0~porta_datain_reg0 ; clock      ; clock    ; None                        ; None                      ; 4.158 ns                ;
; N/A                                     ; 236.13 MHz ( period = 4.235 ns )                    ; lpm_ram_io:inst1|altram:sram|altsyncram:ram_block|altsyncram_bu91:auto_generated|ram_block1a0~porta_we_reg       ; lpm_ram_io:inst1|altram:sram|altsyncram:ram_block|altsyncram_bu91:auto_generated|ram_block1a0~porta_datain_reg6 ; clock      ; clock    ; None                        ; None                      ; 4.077 ns                ;
; N/A                                     ; 236.13 MHz ( period = 4.235 ns )                    ; lpm_ram_io:inst1|altram:sram|altsyncram:ram_block|altsyncram_bu91:auto_generated|ram_block1a0~porta_address_reg0 ; lpm_ram_io:inst1|altram:sram|altsyncram:ram_block|altsyncram_bu91:auto_generated|ram_block1a0~porta_datain_reg6 ; clock      ; clock    ; None                        ; None                      ; 4.077 ns                ;
; N/A                                     ; 236.13 MHz ( period = 4.235 ns )                    ; lpm_ram_io:inst1|altram:sram|altsyncram:ram_block|altsyncram_bu91:auto_generated|ram_block1a0~porta_address_reg1 ; lpm_ram_io:inst1|altram:sram|altsyncram:ram_block|altsyncram_bu91:auto_generated|ram_block1a0~porta_datain_reg6 ; clock      ; clock    ; None                        ; None                      ; 4.077 ns                ;
; N/A                                     ; 236.13 MHz ( period = 4.235 ns )                    ; lpm_ram_io:inst1|altram:sram|altsyncram:ram_block|altsyncram_bu91:auto_generated|ram_block1a0~porta_address_reg2 ; lpm_ram_io:inst1|altram:sram|altsyncram:ram_block|altsyncram_bu91:auto_generated|ram_block1a0~porta_datain_reg6 ; clock      ; clock    ; None                        ; None                      ; 4.077 ns                ;
; N/A                                     ; 236.13 MHz ( period = 4.235 ns )                    ; lpm_ram_io:inst1|altram:sram|altsyncram:ram_block|altsyncram_bu91:auto_generated|ram_block1a0~porta_address_reg3 ; lpm_ram_io:inst1|altram:sram|altsyncram:ram_block|altsyncram_bu91:auto_generated|ram_block1a0~porta_datain_reg6 ; clock      ; clock    ; None                        ; None                      ; 4.077 ns                ;
; N/A                                     ; 236.13 MHz ( period = 4.235 ns )                    ; lpm_ram_io:inst1|altram:sram|altsyncram:ram_block|altsyncram_bu91:auto_generated|ram_block1a0~porta_address_reg4 ; lpm_ram_io:inst1|altram:sram|altsyncram:ram_block|altsyncram_bu91:auto_generated|ram_block1a0~porta_datain_reg6 ; clock      ; clock    ; None                        ; None                      ; 4.077 ns                ;
; N/A                                     ; 236.13 MHz ( period = 4.235 ns )                    ; lpm_ram_io:inst1|altram:sram|altsyncram:ram_block|altsyncram_bu91:auto_generated|ram_block1a0~porta_address_reg5 ; lpm_ram_io:inst1|altram:sram|altsyncram:ram_block|altsyncram_bu91:auto_generated|ram_block1a0~porta_datain_reg6 ; clock      ; clock    ; None                        ; None                      ; 4.077 ns                ;
; N/A                                     ; 236.13 MHz ( period = 4.235 ns )                    ; lpm_ram_io:inst1|altram:sram|altsyncram:ram_block|altsyncram_bu91:auto_generated|ram_block1a0~porta_address_reg6 ; lpm_ram_io:inst1|altram:sram|altsyncram:ram_block|altsyncram_bu91:auto_generated|ram_block1a0~porta_datain_reg6 ; clock      ; clock    ; None                        ; None                      ; 4.077 ns                ;
; N/A                                     ; 236.13 MHz ( period = 4.235 ns )                    ; lpm_ram_io:inst1|altram:sram|altsyncram:ram_block|altsyncram_bu91:auto_generated|ram_block1a0~porta_address_reg7 ; lpm_ram_io:inst1|altram:sram|altsyncram:ram_block|altsyncram_bu91:auto_generated|ram_block1a0~porta_datain_reg6 ; clock      ; clock    ; None                        ; None                      ; 4.077 ns                ;
; N/A                                     ; 239.41 MHz ( period = 4.177 ns )                    ; lpm_ram_io:inst1|altram:sram|altsyncram:ram_block|altsyncram_bu91:auto_generated|ram_block1a0~porta_we_reg       ; lpm_ram_io:inst1|altram:sram|altsyncram:ram_block|altsyncram_bu91:auto_generated|ram_block1a0~porta_datain_reg2 ; clock      ; clock    ; None                        ; None                      ; 4.019 ns                ;
; N/A                                     ; 239.41 MHz ( period = 4.177 ns )                    ; lpm_ram_io:inst1|altram:sram|altsyncram:ram_block|altsyncram_bu91:auto_generated|ram_block1a0~porta_address_reg0 ; lpm_ram_io:inst1|altram:sram|altsyncram:ram_block|altsyncram_bu91:auto_generated|ram_block1a0~porta_datain_reg2 ; clock      ; clock    ; None                        ; None                      ; 4.019 ns                ;
; N/A                                     ; 239.41 MHz ( period = 4.177 ns )                    ; lpm_ram_io:inst1|altram:sram|altsyncram:ram_block|altsyncram_bu91:auto_generated|ram_block1a0~porta_address_reg1 ; lpm_ram_io:inst1|altram:sram|altsyncram:ram_block|altsyncram_bu91:auto_generated|ram_block1a0~porta_datain_reg2 ; clock      ; clock    ; None                        ; None                      ; 4.019 ns                ;
; N/A                                     ; 239.41 MHz ( period = 4.177 ns )                    ; lpm_ram_io:inst1|altram:sram|altsyncram:ram_block|altsyncram_bu91:auto_generated|ram_block1a0~porta_address_reg2 ; lpm_ram_io:inst1|altram:sram|altsyncram:ram_block|altsyncram_bu91:auto_generated|ram_block1a0~porta_datain_reg2 ; clock      ; clock    ; None                        ; None                      ; 4.019 ns                ;
; N/A                                     ; 239.41 MHz ( period = 4.177 ns )                    ; lpm_ram_io:inst1|altram:sram|altsyncram:ram_block|altsyncram_bu91:auto_generated|ram_block1a0~porta_address_reg3 ; lpm_ram_io:inst1|altram:sram|altsyncram:ram_block|altsyncram_bu91:auto_generated|ram_block1a0~porta_datain_reg2 ; clock      ; clock    ; None                        ; None                      ; 4.019 ns                ;
; N/A                                     ; 239.41 MHz ( period = 4.177 ns )                    ; lpm_ram_io:inst1|altram:sram|altsyncram:ram_block|altsyncram_bu91:auto_generated|ram_block1a0~porta_address_reg4 ; lpm_ram_io:inst1|altram:sram|altsyncram:ram_block|altsyncram_bu91:auto_generated|ram_block1a0~porta_datain_reg2 ; clock      ; clock    ; None                        ; None                      ; 4.019 ns                ;
; N/A                                     ; 239.41 MHz ( period = 4.177 ns )                    ; lpm_ram_io:inst1|altram:sram|altsyncram:ram_block|altsyncram_bu91:auto_generated|ram_block1a0~porta_address_reg5 ; lpm_ram_io:inst1|altram:sram|altsyncram:ram_block|altsyncram_bu91:auto_generated|ram_block1a0~porta_datain_reg2 ; clock      ; clock    ; None                        ; None                      ; 4.019 ns                ;
; N/A                                     ; 239.41 MHz ( period = 4.177 ns )                    ; lpm_ram_io:inst1|altram:sram|altsyncram:ram_block|altsyncram_bu91:auto_generated|ram_block1a0~porta_address_reg6 ; lpm_ram_io:inst1|altram:sram|altsyncram:ram_block|altsyncram_bu91:auto_generated|ram_block1a0~porta_datain_reg2 ; clock      ; clock    ; None                        ; None                      ; 4.019 ns                ;
; N/A                                     ; 239.41 MHz ( period = 4.177 ns )                    ; lpm_ram_io:inst1|altram:sram|altsyncram:ram_block|altsyncram_bu91:auto_generated|ram_block1a0~porta_address_reg7 ; lpm_ram_io:inst1|altram:sram|altsyncram:ram_block|altsyncram_bu91:auto_generated|ram_block1a0~porta_datain_reg2 ; clock      ; clock    ; None                        ; None                      ; 4.019 ns                ;
; N/A                                     ; 241.95 MHz ( period = 4.133 ns )                    ; lpm_ram_io:inst1|altram:sram|altsyncram:ram_block|altsyncram_bu91:auto_generated|ram_block1a0~porta_we_reg       ; lpm_dff0:inst2|lpm_ff:lpm_ff_component|dffs[6]                                                                  ; clock      ; clock    ; None                        ; None                      ; 4.037 ns                ;
; N/A                                     ; 241.95 MHz ( period = 4.133 ns )                    ; lpm_ram_io:inst1|altram:sram|altsyncram:ram_block|altsyncram_bu91:auto_generated|ram_block1a0~porta_address_reg0 ; lpm_dff0:inst2|lpm_ff:lpm_ff_component|dffs[6]                                                                  ; clock      ; clock    ; None                        ; None                      ; 4.037 ns                ;
; N/A                                     ; 241.95 MHz ( period = 4.133 ns )                    ; lpm_ram_io:inst1|altram:sram|altsyncram:ram_block|altsyncram_bu91:auto_generated|ram_block1a0~porta_address_reg1 ; lpm_dff0:inst2|lpm_ff:lpm_ff_component|dffs[6]                                                                  ; clock      ; clock    ; None                        ; None                      ; 4.037 ns                ;
; N/A                                     ; 241.95 MHz ( period = 4.133 ns )                    ; lpm_ram_io:inst1|altram:sram|altsyncram:ram_block|altsyncram_bu91:auto_generated|ram_block1a0~porta_address_reg2 ; lpm_dff0:inst2|lpm_ff:lpm_ff_component|dffs[6]                                                                  ; clock      ; clock    ; None                        ; None                      ; 4.037 ns                ;
; N/A                                     ; 241.95 MHz ( period = 4.133 ns )                    ; lpm_ram_io:inst1|altram:sram|altsyncram:ram_block|altsyncram_bu91:auto_generated|ram_block1a0~porta_address_reg3 ; lpm_dff0:inst2|lpm_ff:lpm_ff_component|dffs[6]                                                                  ; clock      ; clock    ; None                        ; None                      ; 4.037 ns                ;
; N/A                                     ; 241.95 MHz ( period = 4.133 ns )                    ; lpm_ram_io:inst1|altram:sram|altsyncram:ram_block|altsyncram_bu91:auto_generated|ram_block1a0~porta_address_reg4 ; lpm_dff0:inst2|lpm_ff:lpm_ff_component|dffs[6]                                                                  ; clock      ; clock    ; None                        ; None                      ; 4.037 ns                ;
; N/A                                     ; 241.95 MHz ( period = 4.133 ns )                    ; lpm_ram_io:inst1|altram:sram|altsyncram:ram_block|altsyncram_bu91:auto_generated|ram_block1a0~porta_address_reg5 ; lpm_dff0:inst2|lpm_ff:lpm_ff_component|dffs[6]                                                                  ; clock      ; clock    ; None                        ; None                      ; 4.037 ns                ;
; N/A                                     ; 241.95 MHz ( period = 4.133 ns )                    ; lpm_ram_io:inst1|altram:sram|altsyncram:ram_block|altsyncram_bu91:auto_generated|ram_block1a0~porta_address_reg6 ; lpm_dff0:inst2|lpm_ff:lpm_ff_component|dffs[6]                                                                  ; clock      ; clock    ; None                        ; None                      ; 4.037 ns                ;
; N/A                                     ; 241.95 MHz ( period = 4.133 ns )                    ; lpm_ram_io:inst1|altram:sram|altsyncram:ram_block|altsyncram_bu91:auto_generated|ram_block1a0~porta_address_reg7 ; lpm_dff0:inst2|lpm_ff:lpm_ff_component|dffs[6]                                                                  ; clock      ; clock    ; None                        ; None                      ; 4.037 ns                ;
; N/A                                     ; 244.32 MHz ( period = 4.093 ns )                    ; lpm_rom0:inst|altsyncram:altsyncram_component|altsyncram_ql91:auto_generated|ram_block1a0~porta_address_reg0     ; lpm_ram_io:inst1|altram:sram|altsyncram:ram_block|altsyncram_bu91:auto_generated|ram_block1a0~porta_datain_reg6 ; clock      ; clock    ; None                        ; None                      ; 3.931 ns                ;
; N/A                                     ; 244.32 MHz ( period = 4.093 ns )                    ; lpm_rom0:inst|altsyncram:altsyncram_component|altsyncram_ql91:auto_generated|ram_block1a0~porta_address_reg1     ; lpm_ram_io:inst1|altram:sram|altsyncram:ram_block|altsyncram_bu91:auto_generated|ram_block1a0~porta_datain_reg6 ; clock      ; clock    ; None                        ; None                      ; 3.931 ns                ;
; N/A                                     ; 244.32 MHz ( period = 4.093 ns )                    ; lpm_rom0:inst|altsyncram:altsyncram_component|altsyncram_ql91:auto_generated|ram_block1a0~porta_address_reg2     ; lpm_ram_io:inst1|altram:sram|altsyncram:ram_block|altsyncram_bu91:auto_generated|ram_block1a0~porta_datain_reg6 ; clock      ; clock    ; None                        ; None                      ; 3.931 ns                ;
; N/A                                     ; 244.32 MHz ( period = 4.093 ns )                    ; lpm_rom0:inst|altsyncram:altsyncram_component|altsyncram_ql91:auto_generated|ram_block1a0~porta_address_reg3     ; lpm_ram_io:inst1|altram:sram|altsyncram:ram_block|altsyncram_bu91:auto_generated|ram_block1a0~porta_datain_reg6 ; clock      ; clock    ; None                        ; None                      ; 3.931 ns                ;
; N/A                                     ; 244.32 MHz ( period = 4.093 ns )                    ; lpm_rom0:inst|altsyncram:altsyncram_component|altsyncram_ql91:auto_generated|ram_block1a0~porta_address_reg4     ; lpm_ram_io:inst1|altram:sram|altsyncram:ram_block|altsyncram_bu91:auto_generated|ram_block1a0~porta_datain_reg6 ; clock      ; clock    ; None                        ; None                      ; 3.931 ns                ;
; N/A                                     ; 244.32 MHz ( period = 4.093 ns )                    ; lpm_rom0:inst|altsyncram:altsyncram_component|altsyncram_ql91:auto_generated|ram_block1a0~porta_address_reg5     ; lpm_ram_io:inst1|altram:sram|altsyncram:ram_block|altsyncram_bu91:auto_generated|ram_block1a0~porta_datain_reg6 ; clock      ; clock    ; None                        ; None                      ; 3.931 ns                ;
; N/A                                     ; 244.32 MHz ( period = 4.093 ns )                    ; lpm_rom0:inst|altsyncram:altsyncram_component|altsyncram_ql91:auto_generated|ram_block1a0~porta_address_reg6     ; lpm_ram_io:inst1|altram:sram|altsyncram:ram_block|altsyncram_bu91:auto_generated|ram_block1a0~porta_datain_reg6 ; clock      ; clock    ; None                        ; None                      ; 3.931 ns                ;
; N/A                                     ; 244.32 MHz ( period = 4.093 ns )                    ; lpm_rom0:inst|altsyncram:altsyncram_component|altsyncram_ql91:auto_generated|ram_block1a0~porta_address_reg7     ; lpm_ram_io:inst1|altram:sram|altsyncram:ram_block|altsyncram_bu91:auto_generated|ram_block1a0~porta_datain_reg6 ; clock      ; clock    ; None                        ; None                      ; 3.931 ns                ;
; N/A                                     ; 250.56 MHz ( period = 3.991 ns )                    ; lpm_rom0:inst|altsyncram:altsyncram_component|altsyncram_ql91:auto_generated|ram_block1a0~porta_address_reg0     ; lpm_dff0:inst2|lpm_ff:lpm_ff_component|dffs[6]                                                                  ; clock      ; clock    ; None                        ; None                      ; 3.891 ns                ;
; N/A                                     ; 250.56 MHz ( period = 3.991 ns )                    ; lpm_rom0:inst|altsyncram:altsyncram_component|altsyncram_ql91:auto_generated|ram_block1a0~porta_address_reg1     ; lpm_dff0:inst2|lpm_ff:lpm_ff_component|dffs[6]                                                                  ; clock      ; clock    ; None                        ; None                      ; 3.891 ns                ;
; N/A                                     ; 250.56 MHz ( period = 3.991 ns )                    ; lpm_rom0:inst|altsyncram:altsyncram_component|altsyncram_ql91:auto_generated|ram_block1a0~porta_address_reg2     ; lpm_dff0:inst2|lpm_ff:lpm_ff_component|dffs[6]                                                                  ; clock      ; clock    ; None                        ; None                      ; 3.891 ns                ;
; N/A                                     ; 250.56 MHz ( period = 3.991 ns )                    ; lpm_rom0:inst|altsyncram:altsyncram_component|altsyncram_ql91:auto_generated|ram_block1a0~porta_address_reg3     ; lpm_dff0:inst2|lpm_ff:lpm_ff_component|dffs[6]                                                                  ; clock      ; clock    ; None                        ; None                      ; 3.891 ns                ;
; N/A                                     ; 250.56 MHz ( period = 3.991 ns )                    ; lpm_rom0:inst|altsyncram:altsyncram_component|altsyncram_ql91:auto_generated|ram_block1a0~porta_address_reg4     ; lpm_dff0:inst2|lpm_ff:lpm_ff_component|dffs[6]                                                                  ; clock      ; clock    ; None                        ; None                      ; 3.891 ns                ;
; N/A                                     ; 250.56 MHz ( period = 3.991 ns )                    ; lpm_rom0:inst|altsyncram:altsyncram_component|altsyncram_ql91:auto_generated|ram_block1a0~porta_address_reg5     ; lpm_dff0:inst2|lpm_ff:lpm_ff_component|dffs[6]                                                                  ; clock      ; clock    ; None                        ; None                      ; 3.891 ns                ;
; N/A                                     ; 250.56 MHz ( period = 3.991 ns )                    ; lpm_rom0:inst|altsyncram:altsyncram_component|altsyncram_ql91:auto_generated|ram_block1a0~porta_address_reg6     ; lpm_dff0:inst2|lpm_ff:lpm_ff_component|dffs[6]                                                                  ; clock      ; clock    ; None                        ; None                      ; 3.891 ns                ;
; N/A                                     ; 250.56 MHz ( period = 3.991 ns )                    ; lpm_rom0:inst|altsyncram:altsyncram_component|altsyncram_ql91:auto_generated|ram_block1a0~porta_address_reg7     ; lpm_dff0:inst2|lpm_ff:lpm_ff_component|dffs[6]                                                                  ; clock      ; clock    ; None                        ; None                      ; 3.891 ns                ;
; N/A                                     ; 263.23 MHz ( period = 3.799 ns )                    ; lpm_ram_io:inst1|altram:sram|altsyncram:ram_block|altsyncram_bu91:auto_generated|ram_block1a0~porta_we_reg       ; lpm_dff0:inst2|lpm_ff:lpm_ff_component|dffs[1]                                                                  ; clock      ; clock    ; None                        ; None                      ; 3.703 ns                ;
; N/A                                     ; 263.23 MHz ( period = 3.799 ns )                    ; lpm_ram_io:inst1|altram:sram|altsyncram:ram_block|altsyncram_bu91:auto_generated|ram_block1a0~porta_address_reg0 ; lpm_dff0:inst2|lpm_ff:lpm_ff_component|dffs[1]                                                                  ; clock      ; clock    ; None                        ; None                      ; 3.703 ns                ;
; N/A                                     ; 263.23 MHz ( period = 3.799 ns )                    ; lpm_ram_io:inst1|altram:sram|altsyncram:ram_block|altsyncram_bu91:auto_generated|ram_block1a0~porta_address_reg1 ; lpm_dff0:inst2|lpm_ff:lpm_ff_component|dffs[1]                                                                  ; clock      ; clock    ; None                        ; None                      ; 3.703 ns                ;
; N/A                                     ; 263.23 MHz ( period = 3.799 ns )                    ; lpm_ram_io:inst1|altram:sram|altsyncram:ram_block|altsyncram_bu91:auto_generated|ram_block1a0~porta_address_reg2 ; lpm_dff0:inst2|lpm_ff:lpm_ff_component|dffs[1]                                                                  ; clock      ; clock    ; None                        ; None                      ; 3.703 ns                ;
; N/A                                     ; 263.23 MHz ( period = 3.799 ns )                    ; lpm_ram_io:inst1|altram:sram|altsyncram:ram_block|altsyncram_bu91:auto_generated|ram_block1a0~porta_address_reg3 ; lpm_dff0:inst2|lpm_ff:lpm_ff_component|dffs[1]                                                                  ; clock      ; clock    ; None                        ; None                      ; 3.703 ns                ;
; N/A                                     ; 263.23 MHz ( period = 3.799 ns )                    ; lpm_ram_io:inst1|altram:sram|altsyncram:ram_block|altsyncram_bu91:auto_generated|ram_block1a0~porta_address_reg4 ; lpm_dff0:inst2|lpm_ff:lpm_ff_component|dffs[1]                                                                  ; clock      ; clock    ; None                        ; None                      ; 3.703 ns                ;
; N/A                                     ; 263.23 MHz ( period = 3.799 ns )                    ; lpm_ram_io:inst1|altram:sram|altsyncram:ram_block|altsyncram_bu91:auto_generated|ram_block1a0~porta_address_reg5 ; lpm_dff0:inst2|lpm_ff:lpm_ff_component|dffs[1]                                                                  ; clock      ; clock    ; None                        ; None                      ; 3.703 ns                ;
; N/A                                     ; 263.23 MHz ( period = 3.799 ns )                    ; lpm_ram_io:inst1|altram:sram|altsyncram:ram_block|altsyncram_bu91:auto_generated|ram_block1a0~porta_address_reg6 ; lpm_dff0:inst2|lpm_ff:lpm_ff_component|dffs[1]                                                                  ; clock      ; clock    ; None                        ; None                      ; 3.703 ns                ;
; N/A                                     ; 263.23 MHz ( period = 3.799 ns )                    ; lpm_ram_io:inst1|altram:sram|altsyncram:ram_block|altsyncram_bu91:auto_generated|ram_block1a0~porta_address_reg7 ; lpm_dff0:inst2|lpm_ff:lpm_ff_component|dffs[1]                                                                  ; clock      ; clock    ; None                        ; None                      ; 3.703 ns                ;
; N/A                                     ; 267.88 MHz ( period = 3.733 ns )                    ; lpm_ram_io:inst1|altram:sram|altsyncram:ram_block|altsyncram_bu91:auto_generated|ram_block1a0~porta_we_reg       ; lpm_dff0:inst2|lpm_ff:lpm_ff_component|dffs[3]                                                                  ; clock      ; clock    ; None                        ; None                      ; 3.640 ns                ;
; N/A                                     ; 267.88 MHz ( period = 3.733 ns )                    ; lpm_ram_io:inst1|altram:sram|altsyncram:ram_block|altsyncram_bu91:auto_generated|ram_block1a0~porta_address_reg0 ; lpm_dff0:inst2|lpm_ff:lpm_ff_component|dffs[3]                                                                  ; clock      ; clock    ; None                        ; None                      ; 3.640 ns                ;
; N/A                                     ; 267.88 MHz ( period = 3.733 ns )                    ; lpm_ram_io:inst1|altram:sram|altsyncram:ram_block|altsyncram_bu91:auto_generated|ram_block1a0~porta_address_reg1 ; lpm_dff0:inst2|lpm_ff:lpm_ff_component|dffs[3]                                                                  ; clock      ; clock    ; None                        ; None                      ; 3.640 ns                ;
; N/A                                     ; 267.88 MHz ( period = 3.733 ns )                    ; lpm_ram_io:inst1|altram:sram|altsyncram:ram_block|altsyncram_bu91:auto_generated|ram_block1a0~porta_address_reg2 ; lpm_dff0:inst2|lpm_ff:lpm_ff_component|dffs[3]                                                                  ; clock      ; clock    ; None                        ; None                      ; 3.640 ns                ;
; N/A                                     ; 267.88 MHz ( period = 3.733 ns )                    ; lpm_ram_io:inst1|altram:sram|altsyncram:ram_block|altsyncram_bu91:auto_generated|ram_block1a0~porta_address_reg3 ; lpm_dff0:inst2|lpm_ff:lpm_ff_component|dffs[3]                                                                  ; clock      ; clock    ; None                        ; None                      ; 3.640 ns                ;
; N/A                                     ; 267.88 MHz ( period = 3.733 ns )                    ; lpm_ram_io:inst1|altram:sram|altsyncram:ram_block|altsyncram_bu91:auto_generated|ram_block1a0~porta_address_reg4 ; lpm_dff0:inst2|lpm_ff:lpm_ff_component|dffs[3]                                                                  ; clock      ; clock    ; None                        ; None                      ; 3.640 ns                ;
; N/A                                     ; 267.88 MHz ( period = 3.733 ns )                    ; lpm_ram_io:inst1|altram:sram|altsyncram:ram_block|altsyncram_bu91:auto_generated|ram_block1a0~porta_address_reg5 ; lpm_dff0:inst2|lpm_ff:lpm_ff_component|dffs[3]                                                                  ; clock      ; clock    ; None                        ; None                      ; 3.640 ns                ;
; N/A                                     ; 267.88 MHz ( period = 3.733 ns )                    ; lpm_ram_io:inst1|altram:sram|altsyncram:ram_block|altsyncram_bu91:auto_generated|ram_block1a0~porta_address_reg6 ; lpm_dff0:inst2|lpm_ff:lpm_ff_component|dffs[3]                                                                  ; clock      ; clock    ; None                        ; None                      ; 3.640 ns                ;
; N/A                                     ; 267.88 MHz ( period = 3.733 ns )                    ; lpm_ram_io:inst1|altram:sram|altsyncram:ram_block|altsyncram_bu91:auto_generated|ram_block1a0~porta_address_reg7 ; lpm_dff0:inst2|lpm_ff:lpm_ff_component|dffs[3]                                                                  ; clock      ; clock    ; None                        ; None                      ; 3.640 ns                ;
; N/A                                     ; 271.37 MHz ( period = 3.685 ns )                    ; lpm_ram_io:inst1|altram:sram|altsyncram:ram_block|altsyncram_bu91:auto_generated|ram_block1a0~porta_we_reg       ; lpm_dff0:inst2|lpm_ff:lpm_ff_component|dffs[7]                                                                  ; clock      ; clock    ; None                        ; None                      ; 3.589 ns                ;
; N/A                                     ; 271.37 MHz ( period = 3.685 ns )                    ; lpm_ram_io:inst1|altram:sram|altsyncram:ram_block|altsyncram_bu91:auto_generated|ram_block1a0~porta_address_reg0 ; lpm_dff0:inst2|lpm_ff:lpm_ff_component|dffs[7]                                                                  ; clock      ; clock    ; None                        ; None                      ; 3.589 ns                ;
; N/A                                     ; 271.37 MHz ( period = 3.685 ns )                    ; lpm_ram_io:inst1|altram:sram|altsyncram:ram_block|altsyncram_bu91:auto_generated|ram_block1a0~porta_address_reg1 ; lpm_dff0:inst2|lpm_ff:lpm_ff_component|dffs[7]                                                                  ; clock      ; clock    ; None                        ; None                      ; 3.589 ns                ;
; N/A                                     ; 271.37 MHz ( period = 3.685 ns )                    ; lpm_ram_io:inst1|altram:sram|altsyncram:ram_block|altsyncram_bu91:auto_generated|ram_block1a0~porta_address_reg2 ; lpm_dff0:inst2|lpm_ff:lpm_ff_component|dffs[7]                                                                  ; clock      ; clock    ; None                        ; None                      ; 3.589 ns                ;
; N/A                                     ; 271.37 MHz ( period = 3.685 ns )                    ; lpm_ram_io:inst1|altram:sram|altsyncram:ram_block|altsyncram_bu91:auto_generated|ram_block1a0~porta_address_reg3 ; lpm_dff0:inst2|lpm_ff:lpm_ff_component|dffs[7]                                                                  ; clock      ; clock    ; None                        ; None                      ; 3.589 ns                ;
; N/A                                     ; 271.37 MHz ( period = 3.685 ns )                    ; lpm_ram_io:inst1|altram:sram|altsyncram:ram_block|altsyncram_bu91:auto_generated|ram_block1a0~porta_address_reg4 ; lpm_dff0:inst2|lpm_ff:lpm_ff_component|dffs[7]                                                                  ; clock      ; clock    ; None                        ; None                      ; 3.589 ns                ;
; N/A                                     ; 271.37 MHz ( period = 3.685 ns )                    ; lpm_ram_io:inst1|altram:sram|altsyncram:ram_block|altsyncram_bu91:auto_generated|ram_block1a0~porta_address_reg5 ; lpm_dff0:inst2|lpm_ff:lpm_ff_component|dffs[7]                                                                  ; clock      ; clock    ; None                        ; None                      ; 3.589 ns                ;
; N/A                                     ; 271.37 MHz ( period = 3.685 ns )                    ; lpm_ram_io:inst1|altram:sram|altsyncram:ram_block|altsyncram_bu91:auto_generated|ram_block1a0~porta_address_reg6 ; lpm_dff0:inst2|lpm_ff:lpm_ff_component|dffs[7]                                                                  ; clock      ; clock    ; None                        ; None                      ; 3.589 ns                ;
; N/A                                     ; 271.37 MHz ( period = 3.685 ns )                    ; lpm_ram_io:inst1|altram:sram|altsyncram:ram_block|altsyncram_bu91:auto_generated|ram_block1a0~porta_address_reg7 ; lpm_dff0:inst2|lpm_ff:lpm_ff_component|dffs[7]                                                                  ; clock      ; clock    ; None                        ; None                      ; 3.589 ns                ;
; N/A                                     ; 273.45 MHz ( period = 3.657 ns )                    ; lpm_rom0:inst|altsyncram:altsyncram_component|altsyncram_ql91:auto_generated|ram_block1a0~porta_address_reg4     ; lpm_dff0:inst2|lpm_ff:lpm_ff_component|dffs[5]                                                                  ; clock      ; clock    ; None                        ; None                      ; 3.560 ns                ;
; N/A                                     ; 273.45 MHz ( period = 3.657 ns )                    ; lpm_rom0:inst|altsyncram:altsyncram_component|altsyncram_ql91:auto_generated|ram_block1a0~porta_address_reg5     ; lpm_dff0:inst2|lpm_ff:lpm_ff_component|dffs[5]                                                                  ; clock      ; clock    ; None                        ; None                      ; 3.560 ns                ;
; N/A                                     ; 273.45 MHz ( period = 3.657 ns )                    ; lpm_rom0:inst|altsyncram:altsyncram_component|altsyncram_ql91:auto_generated|ram_block1a0~porta_address_reg6     ; lpm_dff0:inst2|lpm_ff:lpm_ff_component|dffs[5]                                                                  ; clock      ; clock    ; None                        ; None                      ; 3.560 ns                ;
; Timing analysis restricted to 200 rows. ; To change the limit use Settings (Assignments menu) ;                                                                                                                  ;                                                                                                                 ;            ;          ;                             ;                           ;                         ;
+-----------------------------------------+-----------------------------------------------------+------------------------------------------------------------------------------------------------------------------+-----------------------------------------------------------------------------------------------------------------+------------+----------+-----------------------------+---------------------------+-------------------------+


+----------------------------------------------------------------------------------------------------------------------------------------------------------------------------------+
; tsu                                                                                                                                                                              ;
+-------+--------------+------------+----------------+------------------------------------------------------------------------------------------------------------------+----------+
; Slack ; Required tsu ; Actual tsu ; From           ; To                                                                                                               ; To Clock ;
+-------+--------------+------------+----------------+------------------------------------------------------------------------------------------------------------------+----------+
; N/A   ; None         ; 5.901 ns   ; ram_mode_read  ; lpm_ram_io:inst1|altram:sram|altsyncram:ram_block|altsyncram_bu91:auto_generated|ram_block1a0~porta_datain_reg1  ; clock    ;
; N/A   ; None         ; 5.851 ns   ; ram_mode_read  ; lpm_ram_io:inst1|altram:sram|altsyncram:ram_block|altsyncram_bu91:auto_generated|ram_block1a0~porta_datain_reg0  ; clock    ;
; N/A   ; None         ; 5.704 ns   ; ram_mode_read  ; lpm_ram_io:inst1|altram:sram|altsyncram:ram_block|altsyncram_bu91:auto_generated|ram_block1a0~porta_datain_reg3  ; clock    ;
; N/A   ; None         ; 5.694 ns   ; ram_chip_en    ; lpm_ram_io:inst1|altram:sram|altsyncram:ram_block|altsyncram_bu91:auto_generated|ram_block1a0~porta_datain_reg1  ; clock    ;
; N/A   ; None         ; 5.641 ns   ; ram_chip_en    ; lpm_ram_io:inst1|altram:sram|altsyncram:ram_block|altsyncram_bu91:auto_generated|ram_block1a0~porta_datain_reg0  ; clock    ;
; N/A   ; None         ; 5.629 ns   ; reg_read       ; lpm_ram_io:inst1|altram:sram|altsyncram:ram_block|altsyncram_bu91:auto_generated|ram_block1a0~porta_datain_reg1  ; clock    ;
; N/A   ; None         ; 5.600 ns   ; rom_read       ; lpm_ram_io:inst1|altram:sram|altsyncram:ram_block|altsyncram_bu91:auto_generated|ram_block1a0~porta_datain_reg7  ; clock    ;
; N/A   ; None         ; 5.594 ns   ; ram_mode_read  ; lpm_ram_io:inst1|altram:sram|altsyncram:ram_block|altsyncram_bu91:auto_generated|ram_block1a0~porta_datain_reg5  ; clock    ;
; N/A   ; None         ; 5.590 ns   ; ram_chip_en    ; lpm_ram_io:inst1|altram:sram|altsyncram:ram_block|altsyncram_bu91:auto_generated|ram_block1a0~porta_datain_reg3  ; clock    ;
; N/A   ; None         ; 5.579 ns   ; reg_read       ; lpm_ram_io:inst1|altram:sram|altsyncram:ram_block|altsyncram_bu91:auto_generated|ram_block1a0~porta_datain_reg0  ; clock    ;
; N/A   ; None         ; 5.565 ns   ; ram_mode_read  ; lpm_ram_io:inst1|altram:sram|altsyncram:ram_block|altsyncram_bu91:auto_generated|ram_block1a0~porta_datain_reg4  ; clock    ;
; N/A   ; None         ; 5.541 ns   ; ram_chip_en    ; lpm_ram_io:inst1|altram:sram|altsyncram:ram_block|altsyncram_bu91:auto_generated|ram_block1a0~porta_datain_reg4  ; clock    ;
; N/A   ; None         ; 5.505 ns   ; ram_mode_read  ; lpm_ram_io:inst1|altram:sram|altsyncram:ram_block|altsyncram_bu91:auto_generated|ram_block1a0~porta_datain_reg2  ; clock    ;
; N/A   ; None         ; 5.486 ns   ; ram_mode_read  ; lpm_ram_io:inst1|altram:sram|altsyncram:ram_block|altsyncram_bu91:auto_generated|ram_block1a0~porta_datain_reg7  ; clock    ;
; N/A   ; None         ; 5.473 ns   ; rom_read       ; lpm_ram_io:inst1|altram:sram|altsyncram:ram_block|altsyncram_bu91:auto_generated|ram_block1a0~porta_datain_reg1  ; clock    ;
; N/A   ; None         ; 5.443 ns   ; ram_chip_en    ; lpm_ram_io:inst1|altram:sram|altsyncram:ram_block|altsyncram_bu91:auto_generated|ram_block1a0~porta_datain_reg7  ; clock    ;
; N/A   ; None         ; 5.440 ns   ; ram_chip_en    ; lpm_ram_io:inst1|altram:sram|altsyncram:ram_block|altsyncram_bu91:auto_generated|ram_block1a0~porta_datain_reg2  ; clock    ;
; N/A   ; None         ; 5.432 ns   ; reg_read       ; lpm_ram_io:inst1|altram:sram|altsyncram:ram_block|altsyncram_bu91:auto_generated|ram_block1a0~porta_datain_reg3  ; clock    ;
; N/A   ; None         ; 5.423 ns   ; rom_read       ; lpm_ram_io:inst1|altram:sram|altsyncram:ram_block|altsyncram_bu91:auto_generated|ram_block1a0~porta_datain_reg0  ; clock    ;
; N/A   ; None         ; 5.391 ns   ; ram_mode_read  ; lpm_ram_io:inst1|altram:sram|altsyncram:ram_block|altsyncram_bu91:auto_generated|ram_block1a0~porta_datain_reg6  ; clock    ;
; N/A   ; None         ; 5.384 ns   ; ram_chip_en    ; lpm_ram_io:inst1|altram:sram|altsyncram:ram_block|altsyncram_bu91:auto_generated|ram_block1a0~porta_datain_reg5  ; clock    ;
; N/A   ; None         ; 5.304 ns   ; reg_read       ; lpm_ram_io:inst1|altram:sram|altsyncram:ram_block|altsyncram_bu91:auto_generated|ram_block1a0~porta_datain_reg7  ; clock    ;
; N/A   ; None         ; 5.276 ns   ; rom_read       ; lpm_ram_io:inst1|altram:sram|altsyncram:ram_block|altsyncram_bu91:auto_generated|ram_block1a0~porta_datain_reg3  ; clock    ;
; N/A   ; None         ; 5.262 ns   ; ram_mode_write ; lpm_ram_io:inst1|altram:sram|altsyncram:ram_block|altsyncram_bu91:auto_generated|ram_block1a0~porta_datain_reg1  ; clock    ;
; N/A   ; None         ; 5.236 ns   ; ram_mode_read  ; lpm_dff0:inst2|lpm_ff:lpm_ff_component|dffs[4]                                                                   ; clock    ;
; N/A   ; None         ; 5.233 ns   ; reg_read       ; lpm_ram_io:inst1|altram:sram|altsyncram:ram_block|altsyncram_bu91:auto_generated|ram_block1a0~porta_datain_reg2  ; clock    ;
; N/A   ; None         ; 5.213 ns   ; rom_read       ; lpm_ram_io:inst1|altram:sram|altsyncram:ram_block|altsyncram_bu91:auto_generated|ram_block1a0~porta_datain_reg2  ; clock    ;
; N/A   ; None         ; 5.212 ns   ; ram_mode_write ; lpm_ram_io:inst1|altram:sram|altsyncram:ram_block|altsyncram_bu91:auto_generated|ram_block1a0~porta_datain_reg0  ; clock    ;
; N/A   ; None         ; 5.212 ns   ; ram_chip_en    ; lpm_dff0:inst2|lpm_ff:lpm_ff_component|dffs[4]                                                                   ; clock    ;
; N/A   ; None         ; 5.181 ns   ; ram_chip_en    ; lpm_ram_io:inst1|altram:sram|altsyncram:ram_block|altsyncram_bu91:auto_generated|ram_block1a0~porta_datain_reg6  ; clock    ;
; N/A   ; None         ; 5.167 ns   ; rom_read       ; lpm_ram_io:inst1|altram:sram|altsyncram:ram_block|altsyncram_bu91:auto_generated|ram_block1a0~porta_datain_reg5  ; clock    ;
; N/A   ; None         ; 5.132 ns   ; rom_read       ; lpm_ram_io:inst1|altram:sram|altsyncram:ram_block|altsyncram_bu91:auto_generated|ram_block1a0~porta_datain_reg4  ; clock    ;
; N/A   ; None         ; 5.127 ns   ; ram_mode_write ; lpm_ram_io:inst1|altram:sram|altsyncram:ram_block|altsyncram_bu91:auto_generated|ram_block1a0~porta_datain_reg3  ; clock    ;
; N/A   ; None         ; 5.119 ns   ; reg_read       ; lpm_ram_io:inst1|altram:sram|altsyncram:ram_block|altsyncram_bu91:auto_generated|ram_block1a0~porta_datain_reg6  ; clock    ;
; N/A   ; None         ; 5.112 ns   ; reg_read       ; lpm_ram_io:inst1|altram:sram|altsyncram:ram_block|altsyncram_bu91:auto_generated|ram_block1a0~porta_datain_reg5  ; clock    ;
; N/A   ; None         ; 4.982 ns   ; ram_mode_write ; lpm_ram_io:inst1|altram:sram|altsyncram:ram_block|altsyncram_bu91:auto_generated|ram_block1a0~porta_datain_reg7  ; clock    ;
; N/A   ; None         ; 4.977 ns   ; ram_mode_write ; lpm_ram_io:inst1|altram:sram|altsyncram:ram_block|altsyncram_bu91:auto_generated|ram_block1a0~porta_datain_reg2  ; clock    ;
; N/A   ; None         ; 4.963 ns   ; rom_read       ; lpm_ram_io:inst1|altram:sram|altsyncram:ram_block|altsyncram_bu91:auto_generated|ram_block1a0~porta_datain_reg6  ; clock    ;
; N/A   ; None         ; 4.944 ns   ; ram_mode_write ; lpm_ram_io:inst1|altram:sram|altsyncram:ram_block|altsyncram_bu91:auto_generated|ram_block1a0~porta_datain_reg5  ; clock    ;
; N/A   ; None         ; 4.874 ns   ; ram_mode_read  ; lpm_dff0:inst2|lpm_ff:lpm_ff_component|dffs[6]                                                                   ; clock    ;
; N/A   ; None         ; 4.849 ns   ; ram_mode_read  ; lpm_dff0:inst2|lpm_ff:lpm_ff_component|dffs[1]                                                                   ; clock    ;
; N/A   ; None         ; 4.835 ns   ; rom_read       ; lpm_dff0:inst2|lpm_ff:lpm_ff_component|dffs[6]                                                                   ; clock    ;
; N/A   ; None         ; 4.834 ns   ; ram_mode_read  ; lpm_dff0:inst2|lpm_ff:lpm_ff_component|dffs[0]                                                                   ; clock    ;
; N/A   ; None         ; 4.803 ns   ; rom_read       ; lpm_dff0:inst2|lpm_ff:lpm_ff_component|dffs[4]                                                                   ; clock    ;
; N/A   ; None         ; 4.788 ns   ; reg_read       ; lpm_ram_io:inst1|altram:sram|altsyncram:ram_block|altsyncram_bu91:auto_generated|ram_block1a0~porta_datain_reg4  ; clock    ;
; N/A   ; None         ; 4.752 ns   ; ram_mode_write ; lpm_ram_io:inst1|altram:sram|altsyncram:ram_block|altsyncram_bu91:auto_generated|ram_block1a0~porta_datain_reg6  ; clock    ;
; N/A   ; None         ; 4.715 ns   ; ram_mode_read  ; lpm_dff0:inst2|lpm_ff:lpm_ff_component|dffs[2]                                                                   ; clock    ;
; N/A   ; None         ; 4.678 ns   ; ram_chip_en    ; lpm_dff0:inst2|lpm_ff:lpm_ff_component|dffs[6]                                                                   ; clock    ;
; N/A   ; None         ; 4.667 ns   ; ram_mode_write ; lpm_ram_io:inst1|altram:sram|altsyncram:ram_block|altsyncram_bu91:auto_generated|ram_block1a0~porta_datain_reg4  ; clock    ;
; N/A   ; None         ; 4.660 ns   ; ram_mode_read  ; lpm_dff0:inst2|lpm_ff:lpm_ff_component|dffs[3]                                                                   ; clock    ;
; N/A   ; None         ; 4.650 ns   ; ram_chip_en    ; lpm_dff0:inst2|lpm_ff:lpm_ff_component|dffs[2]                                                                   ; clock    ;
; N/A   ; None         ; 4.649 ns   ; reg_read       ; lpm_dff0:inst2|lpm_ff:lpm_ff_component|dffs[6]                                                                   ; clock    ;
; N/A   ; None         ; 4.642 ns   ; ram_chip_en    ; lpm_dff0:inst2|lpm_ff:lpm_ff_component|dffs[1]                                                                   ; clock    ;
; N/A   ; None         ; 4.624 ns   ; ram_chip_en    ; lpm_dff0:inst2|lpm_ff:lpm_ff_component|dffs[0]                                                                   ; clock    ;
; N/A   ; None         ; 4.584 ns   ; ram_mode_read  ; lpm_ram_io:inst1|altram:sram|altsyncram:ram_block|altsyncram_bu91:auto_generated|ram_block1a0~porta_we_reg       ; clock    ;
; N/A   ; None         ; 4.577 ns   ; reg_read       ; lpm_dff0:inst2|lpm_ff:lpm_ff_component|dffs[1]                                                                   ; clock    ;
; N/A   ; None         ; 4.562 ns   ; reg_read       ; lpm_dff0:inst2|lpm_ff:lpm_ff_component|dffs[0]                                                                   ; clock    ;
; N/A   ; None         ; 4.560 ns   ; ram_chip_en    ; lpm_ram_io:inst1|altram:sram|altsyncram:ram_block|altsyncram_bu91:auto_generated|ram_block1a0~porta_we_reg       ; clock    ;
; N/A   ; None         ; 4.546 ns   ; ram_chip_en    ; lpm_dff0:inst2|lpm_ff:lpm_ff_component|dffs[3]                                                                   ; clock    ;
; N/A   ; None         ; 4.443 ns   ; reg_read       ; lpm_dff0:inst2|lpm_ff:lpm_ff_component|dffs[2]                                                                   ; clock    ;
; N/A   ; None         ; 4.443 ns   ; ram_mode_read  ; lpm_dff0:inst2|lpm_ff:lpm_ff_component|dffs[5]                                                                   ; clock    ;
; N/A   ; None         ; 4.423 ns   ; rom_read       ; lpm_dff0:inst2|lpm_ff:lpm_ff_component|dffs[2]                                                                   ; clock    ;
; N/A   ; None         ; 4.421 ns   ; rom_read       ; lpm_dff0:inst2|lpm_ff:lpm_ff_component|dffs[1]                                                                   ; clock    ;
; N/A   ; None         ; 4.406 ns   ; rom_read       ; lpm_dff0:inst2|lpm_ff:lpm_ff_component|dffs[0]                                                                   ; clock    ;
; N/A   ; None         ; 4.388 ns   ; reg_read       ; lpm_dff0:inst2|lpm_ff:lpm_ff_component|dffs[3]                                                                   ; clock    ;
; N/A   ; None         ; 4.386 ns   ; reg_read       ; lpm_dff0:inst2|lpm_ff:lpm_ff_component|dffs[4]                                                                   ; clock    ;
; N/A   ; None         ; 4.367 ns   ; rom_read       ; lpm_dff0:inst2|lpm_ff:lpm_ff_component|dffs[7]                                                                   ; clock    ;
; N/A   ; None         ; 4.338 ns   ; ram_mode_write ; lpm_dff0:inst2|lpm_ff:lpm_ff_component|dffs[4]                                                                   ; clock    ;
; N/A   ; None         ; 4.326 ns   ; ram_mode_write ; lpm_dff0:inst2|lpm_ff:lpm_ff_component|dffs[6]                                                                   ; clock    ;
; N/A   ; None         ; 4.253 ns   ; ram_mode_read  ; lpm_dff0:inst2|lpm_ff:lpm_ff_component|dffs[7]                                                                   ; clock    ;
; N/A   ; None         ; 4.233 ns   ; ram_chip_en    ; lpm_dff0:inst2|lpm_ff:lpm_ff_component|dffs[5]                                                                   ; clock    ;
; N/A   ; None         ; 4.232 ns   ; rom_read       ; lpm_dff0:inst2|lpm_ff:lpm_ff_component|dffs[3]                                                                   ; clock    ;
; N/A   ; None         ; 4.210 ns   ; ram_mode_write ; lpm_dff0:inst2|lpm_ff:lpm_ff_component|dffs[1]                                                                   ; clock    ;
; N/A   ; None         ; 4.210 ns   ; ram_chip_en    ; lpm_dff0:inst2|lpm_ff:lpm_ff_component|dffs[7]                                                                   ; clock    ;
; N/A   ; None         ; 4.195 ns   ; ram_mode_write ; lpm_dff0:inst2|lpm_ff:lpm_ff_component|dffs[0]                                                                   ; clock    ;
; N/A   ; None         ; 4.187 ns   ; ram_mode_write ; lpm_dff0:inst2|lpm_ff:lpm_ff_component|dffs[2]                                                                   ; clock    ;
; N/A   ; None         ; 4.083 ns   ; ram_mode_write ; lpm_dff0:inst2|lpm_ff:lpm_ff_component|dffs[3]                                                                   ; clock    ;
; N/A   ; None         ; 4.071 ns   ; reg_read       ; lpm_dff0:inst2|lpm_ff:lpm_ff_component|dffs[7]                                                                   ; clock    ;
; N/A   ; None         ; 4.016 ns   ; rom_read       ; lpm_dff0:inst2|lpm_ff:lpm_ff_component|dffs[5]                                                                   ; clock    ;
; N/A   ; None         ; 4.002 ns   ; enable         ; lpm_dff0:inst2|lpm_ff:lpm_ff_component|dffs[0]                                                                   ; clock    ;
; N/A   ; None         ; 4.002 ns   ; enable         ; lpm_dff0:inst2|lpm_ff:lpm_ff_component|dffs[2]                                                                   ; clock    ;
; N/A   ; None         ; 3.852 ns   ; reg_read       ; lpm_dff0:inst2|lpm_ff:lpm_ff_component|dffs[5]                                                                   ; clock    ;
; N/A   ; None         ; 3.793 ns   ; enable         ; lpm_dff0:inst2|lpm_ff:lpm_ff_component|dffs[4]                                                                   ; clock    ;
; N/A   ; None         ; 3.793 ns   ; enable         ; lpm_dff0:inst2|lpm_ff:lpm_ff_component|dffs[6]                                                                   ; clock    ;
; N/A   ; None         ; 3.793 ns   ; enable         ; lpm_dff0:inst2|lpm_ff:lpm_ff_component|dffs[7]                                                                   ; clock    ;
; N/A   ; None         ; 3.793 ns   ; enable         ; lpm_dff0:inst2|lpm_ff:lpm_ff_component|dffs[1]                                                                   ; clock    ;
; N/A   ; None         ; 3.793 ns   ; ram_mode_write ; lpm_dff0:inst2|lpm_ff:lpm_ff_component|dffs[5]                                                                   ; clock    ;
; N/A   ; None         ; 3.782 ns   ; enable         ; lpm_dff0:inst2|lpm_ff:lpm_ff_component|dffs[5]                                                                   ; clock    ;
; N/A   ; None         ; 3.782 ns   ; enable         ; lpm_dff0:inst2|lpm_ff:lpm_ff_component|dffs[3]                                                                   ; clock    ;
; N/A   ; None         ; 3.749 ns   ; ram_mode_write ; lpm_dff0:inst2|lpm_ff:lpm_ff_component|dffs[7]                                                                   ; clock    ;
; N/A   ; None         ; 3.630 ns   ; ram_mode_write ; lpm_ram_io:inst1|altram:sram|altsyncram:ram_block|altsyncram_bu91:auto_generated|ram_block1a0~porta_we_reg       ; clock    ;
; N/A   ; None         ; 3.188 ns   ; addr[6]        ; lpm_ram_io:inst1|altram:sram|altsyncram:ram_block|altsyncram_bu91:auto_generated|ram_block1a0~porta_address_reg6 ; clock    ;
; N/A   ; None         ; 3.092 ns   ; addr[4]        ; lpm_rom0:inst|altsyncram:altsyncram_component|altsyncram_ql91:auto_generated|ram_block1a0~porta_address_reg4     ; clock    ;
; N/A   ; None         ; 3.087 ns   ; addr[4]        ; lpm_ram_io:inst1|altram:sram|altsyncram:ram_block|altsyncram_bu91:auto_generated|ram_block1a0~porta_address_reg4 ; clock    ;
; N/A   ; None         ; 3.078 ns   ; addr[0]        ; lpm_rom0:inst|altsyncram:altsyncram_component|altsyncram_ql91:auto_generated|ram_block1a0~porta_address_reg0     ; clock    ;
; N/A   ; None         ; 3.035 ns   ; addr[0]        ; lpm_ram_io:inst1|altram:sram|altsyncram:ram_block|altsyncram_bu91:auto_generated|ram_block1a0~porta_address_reg0 ; clock    ;
; N/A   ; None         ; 3.027 ns   ; reg_write      ; lpm_dff0:inst2|lpm_ff:lpm_ff_component|dffs[4]                                                                   ; clock    ;
; N/A   ; None         ; 3.026 ns   ; reg_write      ; lpm_dff0:inst2|lpm_ff:lpm_ff_component|dffs[6]                                                                   ; clock    ;
; N/A   ; None         ; 3.026 ns   ; reg_write      ; lpm_dff0:inst2|lpm_ff:lpm_ff_component|dffs[1]                                                                   ; clock    ;
; N/A   ; None         ; 3.025 ns   ; reg_write      ; lpm_dff0:inst2|lpm_ff:lpm_ff_component|dffs[7]                                                                   ; clock    ;
; N/A   ; None         ; 2.994 ns   ; reg_write      ; lpm_dff0:inst2|lpm_ff:lpm_ff_component|dffs[2]                                                                   ; clock    ;
; N/A   ; None         ; 2.993 ns   ; reg_write      ; lpm_dff0:inst2|lpm_ff:lpm_ff_component|dffs[0]                                                                   ; clock    ;
; N/A   ; None         ; 2.990 ns   ; addr[6]        ; lpm_rom0:inst|altsyncram:altsyncram_component|altsyncram_ql91:auto_generated|ram_block1a0~porta_address_reg6     ; clock    ;
; N/A   ; None         ; 2.905 ns   ; addr[2]        ; lpm_ram_io:inst1|altram:sram|altsyncram:ram_block|altsyncram_bu91:auto_generated|ram_block1a0~porta_address_reg2 ; clock    ;
; N/A   ; None         ; 2.868 ns   ; addr[7]        ; lpm_rom0:inst|altsyncram:altsyncram_component|altsyncram_ql91:auto_generated|ram_block1a0~porta_address_reg7     ; clock    ;
; N/A   ; None         ; 2.858 ns   ; addr[7]        ; lpm_ram_io:inst1|altram:sram|altsyncram:ram_block|altsyncram_bu91:auto_generated|ram_block1a0~porta_address_reg7 ; clock    ;
; N/A   ; None         ; 2.833 ns   ; addr[3]        ; lpm_rom0:inst|altsyncram:altsyncram_component|altsyncram_ql91:auto_generated|ram_block1a0~porta_address_reg3     ; clock    ;
; N/A   ; None         ; 2.828 ns   ; reg_write      ; lpm_dff0:inst2|lpm_ff:lpm_ff_component|dffs[5]                                                                   ; clock    ;
; N/A   ; None         ; 2.827 ns   ; reg_write      ; lpm_dff0:inst2|lpm_ff:lpm_ff_component|dffs[3]                                                                   ; clock    ;
; N/A   ; None         ; 2.812 ns   ; addr[5]        ; lpm_ram_io:inst1|altram:sram|altsyncram:ram_block|altsyncram_bu91:auto_generated|ram_block1a0~porta_address_reg5 ; clock    ;
; N/A   ; None         ; 2.808 ns   ; addr[3]        ; lpm_ram_io:inst1|altram:sram|altsyncram:ram_block|altsyncram_bu91:auto_generated|ram_block1a0~porta_address_reg3 ; clock    ;
; N/A   ; None         ; 2.734 ns   ; addr[5]        ; lpm_rom0:inst|altsyncram:altsyncram_component|altsyncram_ql91:auto_generated|ram_block1a0~porta_address_reg5     ; clock    ;
; N/A   ; None         ; 2.623 ns   ; addr[2]        ; lpm_rom0:inst|altsyncram:altsyncram_component|altsyncram_ql91:auto_generated|ram_block1a0~porta_address_reg2     ; clock    ;
; N/A   ; None         ; 2.524 ns   ; addr[1]        ; lpm_rom0:inst|altsyncram:altsyncram_component|altsyncram_ql91:auto_generated|ram_block1a0~porta_address_reg1     ; clock    ;
; N/A   ; None         ; 2.493 ns   ; addr[1]        ; lpm_ram_io:inst1|altram:sram|altsyncram:ram_block|altsyncram_bu91:auto_generated|ram_block1a0~porta_address_reg1 ; clock    ;
+-------+--------------+------------+----------------+------------------------------------------------------------------------------------------------------------------+----------+


+---------------------------------------------------------------------------------------------------------------------------------------------------------------------------------+
; tco                                                                                                                                                                             ;
+-------+--------------+------------+------------------------------------------------------------------------------------------------------------------+-------------+------------+
; Slack ; Required tco ; Actual tco ; From                                                                                                             ; To          ; From Clock ;
+-------+--------------+------------+------------------------------------------------------------------------------------------------------------------+-------------+------------+
; N/A   ; None         ; 10.100 ns  ; lpm_rom0:inst|altsyncram:altsyncram_component|altsyncram_ql91:auto_generated|ram_block1a0~porta_address_reg0     ; data_out[4] ; clock      ;
; N/A   ; None         ; 10.100 ns  ; lpm_rom0:inst|altsyncram:altsyncram_component|altsyncram_ql91:auto_generated|ram_block1a0~porta_address_reg1     ; data_out[4] ; clock      ;
; N/A   ; None         ; 10.100 ns  ; lpm_rom0:inst|altsyncram:altsyncram_component|altsyncram_ql91:auto_generated|ram_block1a0~porta_address_reg2     ; data_out[4] ; clock      ;
; N/A   ; None         ; 10.100 ns  ; lpm_rom0:inst|altsyncram:altsyncram_component|altsyncram_ql91:auto_generated|ram_block1a0~porta_address_reg3     ; data_out[4] ; clock      ;
; N/A   ; None         ; 10.100 ns  ; lpm_rom0:inst|altsyncram:altsyncram_component|altsyncram_ql91:auto_generated|ram_block1a0~porta_address_reg4     ; data_out[4] ; clock      ;
; N/A   ; None         ; 10.100 ns  ; lpm_rom0:inst|altsyncram:altsyncram_component|altsyncram_ql91:auto_generated|ram_block1a0~porta_address_reg5     ; data_out[4] ; clock      ;
; N/A   ; None         ; 10.100 ns  ; lpm_rom0:inst|altsyncram:altsyncram_component|altsyncram_ql91:auto_generated|ram_block1a0~porta_address_reg6     ; data_out[4] ; clock      ;
; N/A   ; None         ; 10.100 ns  ; lpm_rom0:inst|altsyncram:altsyncram_component|altsyncram_ql91:auto_generated|ram_block1a0~porta_address_reg7     ; data_out[4] ; clock      ;
; N/A   ; None         ; 9.882 ns   ; lpm_ram_io:inst1|altram:sram|altsyncram:ram_block|altsyncram_bu91:auto_generated|ram_block1a0~porta_we_reg       ; data_out[4] ; clock      ;
; N/A   ; None         ; 9.882 ns   ; lpm_ram_io:inst1|altram:sram|altsyncram:ram_block|altsyncram_bu91:auto_generated|ram_block1a0~porta_address_reg0 ; data_out[4] ; clock      ;
; N/A   ; None         ; 9.882 ns   ; lpm_ram_io:inst1|altram:sram|altsyncram:ram_block|altsyncram_bu91:auto_generated|ram_block1a0~porta_address_reg1 ; data_out[4] ; clock      ;
; N/A   ; None         ; 9.882 ns   ; lpm_ram_io:inst1|altram:sram|altsyncram:ram_block|altsyncram_bu91:auto_generated|ram_block1a0~porta_address_reg2 ; data_out[4] ; clock      ;
; N/A   ; None         ; 9.882 ns   ; lpm_ram_io:inst1|altram:sram|altsyncram:ram_block|altsyncram_bu91:auto_generated|ram_block1a0~porta_address_reg3 ; data_out[4] ; clock      ;
; N/A   ; None         ; 9.882 ns   ; lpm_ram_io:inst1|altram:sram|altsyncram:ram_block|altsyncram_bu91:auto_generated|ram_block1a0~porta_address_reg4 ; data_out[4] ; clock      ;
; N/A   ; None         ; 9.882 ns   ; lpm_ram_io:inst1|altram:sram|altsyncram:ram_block|altsyncram_bu91:auto_generated|ram_block1a0~porta_address_reg5 ; data_out[4] ; clock      ;
; N/A   ; None         ; 9.882 ns   ; lpm_ram_io:inst1|altram:sram|altsyncram:ram_block|altsyncram_bu91:auto_generated|ram_block1a0~porta_address_reg6 ; data_out[4] ; clock      ;
; N/A   ; None         ; 9.882 ns   ; lpm_ram_io:inst1|altram:sram|altsyncram:ram_block|altsyncram_bu91:auto_generated|ram_block1a0~porta_address_reg7 ; data_out[4] ; clock      ;
; N/A   ; None         ; 9.722 ns   ; lpm_ram_io:inst1|altram:sram|altsyncram:ram_block|altsyncram_bu91:auto_generated|ram_block1a0~porta_we_reg       ; data_out[7] ; clock      ;
; N/A   ; None         ; 9.722 ns   ; lpm_ram_io:inst1|altram:sram|altsyncram:ram_block|altsyncram_bu91:auto_generated|ram_block1a0~porta_address_reg0 ; data_out[7] ; clock      ;
; N/A   ; None         ; 9.722 ns   ; lpm_ram_io:inst1|altram:sram|altsyncram:ram_block|altsyncram_bu91:auto_generated|ram_block1a0~porta_address_reg1 ; data_out[7] ; clock      ;
; N/A   ; None         ; 9.722 ns   ; lpm_ram_io:inst1|altram:sram|altsyncram:ram_block|altsyncram_bu91:auto_generated|ram_block1a0~porta_address_reg2 ; data_out[7] ; clock      ;
; N/A   ; None         ; 9.722 ns   ; lpm_ram_io:inst1|altram:sram|altsyncram:ram_block|altsyncram_bu91:auto_generated|ram_block1a0~porta_address_reg3 ; data_out[7] ; clock      ;
; N/A   ; None         ; 9.722 ns   ; lpm_ram_io:inst1|altram:sram|altsyncram:ram_block|altsyncram_bu91:auto_generated|ram_block1a0~porta_address_reg4 ; data_out[7] ; clock      ;
; N/A   ; None         ; 9.722 ns   ; lpm_ram_io:inst1|altram:sram|altsyncram:ram_block|altsyncram_bu91:auto_generated|ram_block1a0~porta_address_reg5 ; data_out[7] ; clock      ;
; N/A   ; None         ; 9.722 ns   ; lpm_ram_io:inst1|altram:sram|altsyncram:ram_block|altsyncram_bu91:auto_generated|ram_block1a0~porta_address_reg6 ; data_out[7] ; clock      ;
; N/A   ; None         ; 9.722 ns   ; lpm_ram_io:inst1|altram:sram|altsyncram:ram_block|altsyncram_bu91:auto_generated|ram_block1a0~porta_address_reg7 ; data_out[7] ; clock      ;
; N/A   ; None         ; 9.638 ns   ; lpm_rom0:inst|altsyncram:altsyncram_component|altsyncram_ql91:auto_generated|ram_block1a0~porta_address_reg0     ; data_out[7] ; clock      ;
; N/A   ; None         ; 9.638 ns   ; lpm_rom0:inst|altsyncram:altsyncram_component|altsyncram_ql91:auto_generated|ram_block1a0~porta_address_reg1     ; data_out[7] ; clock      ;
; N/A   ; None         ; 9.638 ns   ; lpm_rom0:inst|altsyncram:altsyncram_component|altsyncram_ql91:auto_generated|ram_block1a0~porta_address_reg2     ; data_out[7] ; clock      ;
; N/A   ; None         ; 9.638 ns   ; lpm_rom0:inst|altsyncram:altsyncram_component|altsyncram_ql91:auto_generated|ram_block1a0~porta_address_reg3     ; data_out[7] ; clock      ;
; N/A   ; None         ; 9.638 ns   ; lpm_rom0:inst|altsyncram:altsyncram_component|altsyncram_ql91:auto_generated|ram_block1a0~porta_address_reg4     ; data_out[7] ; clock      ;
; N/A   ; None         ; 9.638 ns   ; lpm_rom0:inst|altsyncram:altsyncram_component|altsyncram_ql91:auto_generated|ram_block1a0~porta_address_reg5     ; data_out[7] ; clock      ;
; N/A   ; None         ; 9.638 ns   ; lpm_rom0:inst|altsyncram:altsyncram_component|altsyncram_ql91:auto_generated|ram_block1a0~porta_address_reg6     ; data_out[7] ; clock      ;
; N/A   ; None         ; 9.638 ns   ; lpm_rom0:inst|altsyncram:altsyncram_component|altsyncram_ql91:auto_generated|ram_block1a0~porta_address_reg7     ; data_out[7] ; clock      ;
; N/A   ; None         ; 9.637 ns   ; lpm_ram_io:inst1|altram:sram|altsyncram:ram_block|altsyncram_bu91:auto_generated|ram_block1a0~porta_we_reg       ; data_out[3] ; clock      ;
; N/A   ; None         ; 9.637 ns   ; lpm_ram_io:inst1|altram:sram|altsyncram:ram_block|altsyncram_bu91:auto_generated|ram_block1a0~porta_address_reg0 ; data_out[3] ; clock      ;
; N/A   ; None         ; 9.637 ns   ; lpm_ram_io:inst1|altram:sram|altsyncram:ram_block|altsyncram_bu91:auto_generated|ram_block1a0~porta_address_reg1 ; data_out[3] ; clock      ;
; N/A   ; None         ; 9.637 ns   ; lpm_ram_io:inst1|altram:sram|altsyncram:ram_block|altsyncram_bu91:auto_generated|ram_block1a0~porta_address_reg2 ; data_out[3] ; clock      ;
; N/A   ; None         ; 9.637 ns   ; lpm_ram_io:inst1|altram:sram|altsyncram:ram_block|altsyncram_bu91:auto_generated|ram_block1a0~porta_address_reg3 ; data_out[3] ; clock      ;
; N/A   ; None         ; 9.637 ns   ; lpm_ram_io:inst1|altram:sram|altsyncram:ram_block|altsyncram_bu91:auto_generated|ram_block1a0~porta_address_reg4 ; data_out[3] ; clock      ;
; N/A   ; None         ; 9.637 ns   ; lpm_ram_io:inst1|altram:sram|altsyncram:ram_block|altsyncram_bu91:auto_generated|ram_block1a0~porta_address_reg5 ; data_out[3] ; clock      ;
; N/A   ; None         ; 9.637 ns   ; lpm_ram_io:inst1|altram:sram|altsyncram:ram_block|altsyncram_bu91:auto_generated|ram_block1a0~porta_address_reg6 ; data_out[3] ; clock      ;
; N/A   ; None         ; 9.637 ns   ; lpm_ram_io:inst1|altram:sram|altsyncram:ram_block|altsyncram_bu91:auto_generated|ram_block1a0~porta_address_reg7 ; data_out[3] ; clock      ;
; N/A   ; None         ; 9.532 ns   ; lpm_ram_io:inst1|altram:sram|altsyncram:ram_block|altsyncram_bu91:auto_generated|ram_block1a0~porta_we_reg       ; data_out[1] ; clock      ;
; N/A   ; None         ; 9.532 ns   ; lpm_ram_io:inst1|altram:sram|altsyncram:ram_block|altsyncram_bu91:auto_generated|ram_block1a0~porta_address_reg0 ; data_out[1] ; clock      ;
; N/A   ; None         ; 9.532 ns   ; lpm_ram_io:inst1|altram:sram|altsyncram:ram_block|altsyncram_bu91:auto_generated|ram_block1a0~porta_address_reg1 ; data_out[1] ; clock      ;
; N/A   ; None         ; 9.532 ns   ; lpm_ram_io:inst1|altram:sram|altsyncram:ram_block|altsyncram_bu91:auto_generated|ram_block1a0~porta_address_reg2 ; data_out[1] ; clock      ;
; N/A   ; None         ; 9.532 ns   ; lpm_ram_io:inst1|altram:sram|altsyncram:ram_block|altsyncram_bu91:auto_generated|ram_block1a0~porta_address_reg3 ; data_out[1] ; clock      ;
; N/A   ; None         ; 9.532 ns   ; lpm_ram_io:inst1|altram:sram|altsyncram:ram_block|altsyncram_bu91:auto_generated|ram_block1a0~porta_address_reg4 ; data_out[1] ; clock      ;
; N/A   ; None         ; 9.532 ns   ; lpm_ram_io:inst1|altram:sram|altsyncram:ram_block|altsyncram_bu91:auto_generated|ram_block1a0~porta_address_reg5 ; data_out[1] ; clock      ;
; N/A   ; None         ; 9.532 ns   ; lpm_ram_io:inst1|altram:sram|altsyncram:ram_block|altsyncram_bu91:auto_generated|ram_block1a0~porta_address_reg6 ; data_out[1] ; clock      ;
; N/A   ; None         ; 9.532 ns   ; lpm_ram_io:inst1|altram:sram|altsyncram:ram_block|altsyncram_bu91:auto_generated|ram_block1a0~porta_address_reg7 ; data_out[1] ; clock      ;
; N/A   ; None         ; 9.195 ns   ; lpm_rom0:inst|altsyncram:altsyncram_component|altsyncram_ql91:auto_generated|ram_block1a0~porta_address_reg0     ; data_out[3] ; clock      ;
; N/A   ; None         ; 9.195 ns   ; lpm_rom0:inst|altsyncram:altsyncram_component|altsyncram_ql91:auto_generated|ram_block1a0~porta_address_reg1     ; data_out[3] ; clock      ;
; N/A   ; None         ; 9.195 ns   ; lpm_rom0:inst|altsyncram:altsyncram_component|altsyncram_ql91:auto_generated|ram_block1a0~porta_address_reg2     ; data_out[3] ; clock      ;
; N/A   ; None         ; 9.195 ns   ; lpm_rom0:inst|altsyncram:altsyncram_component|altsyncram_ql91:auto_generated|ram_block1a0~porta_address_reg3     ; data_out[3] ; clock      ;
; N/A   ; None         ; 9.195 ns   ; lpm_rom0:inst|altsyncram:altsyncram_component|altsyncram_ql91:auto_generated|ram_block1a0~porta_address_reg4     ; data_out[3] ; clock      ;
; N/A   ; None         ; 9.195 ns   ; lpm_rom0:inst|altsyncram:altsyncram_component|altsyncram_ql91:auto_generated|ram_block1a0~porta_address_reg5     ; data_out[3] ; clock      ;
; N/A   ; None         ; 9.195 ns   ; lpm_rom0:inst|altsyncram:altsyncram_component|altsyncram_ql91:auto_generated|ram_block1a0~porta_address_reg6     ; data_out[3] ; clock      ;
; N/A   ; None         ; 9.195 ns   ; lpm_rom0:inst|altsyncram:altsyncram_component|altsyncram_ql91:auto_generated|ram_block1a0~porta_address_reg7     ; data_out[3] ; clock      ;
; N/A   ; None         ; 9.146 ns   ; lpm_rom0:inst|altsyncram:altsyncram_component|altsyncram_ql91:auto_generated|ram_block1a0~porta_address_reg0     ; data_out[0] ; clock      ;
; N/A   ; None         ; 9.146 ns   ; lpm_rom0:inst|altsyncram:altsyncram_component|altsyncram_ql91:auto_generated|ram_block1a0~porta_address_reg1     ; data_out[0] ; clock      ;
; N/A   ; None         ; 9.146 ns   ; lpm_rom0:inst|altsyncram:altsyncram_component|altsyncram_ql91:auto_generated|ram_block1a0~porta_address_reg2     ; data_out[0] ; clock      ;
; N/A   ; None         ; 9.146 ns   ; lpm_rom0:inst|altsyncram:altsyncram_component|altsyncram_ql91:auto_generated|ram_block1a0~porta_address_reg3     ; data_out[0] ; clock      ;
; N/A   ; None         ; 9.146 ns   ; lpm_rom0:inst|altsyncram:altsyncram_component|altsyncram_ql91:auto_generated|ram_block1a0~porta_address_reg4     ; data_out[0] ; clock      ;
; N/A   ; None         ; 9.146 ns   ; lpm_rom0:inst|altsyncram:altsyncram_component|altsyncram_ql91:auto_generated|ram_block1a0~porta_address_reg5     ; data_out[0] ; clock      ;
; N/A   ; None         ; 9.146 ns   ; lpm_rom0:inst|altsyncram:altsyncram_component|altsyncram_ql91:auto_generated|ram_block1a0~porta_address_reg6     ; data_out[0] ; clock      ;
; N/A   ; None         ; 9.146 ns   ; lpm_rom0:inst|altsyncram:altsyncram_component|altsyncram_ql91:auto_generated|ram_block1a0~porta_address_reg7     ; data_out[0] ; clock      ;
; N/A   ; None         ; 9.121 ns   ; lpm_ram_io:inst1|altram:sram|altsyncram:ram_block|altsyncram_bu91:auto_generated|ram_block1a0~porta_we_reg       ; data_out[0] ; clock      ;
; N/A   ; None         ; 9.121 ns   ; lpm_ram_io:inst1|altram:sram|altsyncram:ram_block|altsyncram_bu91:auto_generated|ram_block1a0~porta_address_reg0 ; data_out[0] ; clock      ;
; N/A   ; None         ; 9.121 ns   ; lpm_ram_io:inst1|altram:sram|altsyncram:ram_block|altsyncram_bu91:auto_generated|ram_block1a0~porta_address_reg1 ; data_out[0] ; clock      ;
; N/A   ; None         ; 9.121 ns   ; lpm_ram_io:inst1|altram:sram|altsyncram:ram_block|altsyncram_bu91:auto_generated|ram_block1a0~porta_address_reg2 ; data_out[0] ; clock      ;
; N/A   ; None         ; 9.121 ns   ; lpm_ram_io:inst1|altram:sram|altsyncram:ram_block|altsyncram_bu91:auto_generated|ram_block1a0~porta_address_reg3 ; data_out[0] ; clock      ;
; N/A   ; None         ; 9.121 ns   ; lpm_ram_io:inst1|altram:sram|altsyncram:ram_block|altsyncram_bu91:auto_generated|ram_block1a0~porta_address_reg4 ; data_out[0] ; clock      ;
; N/A   ; None         ; 9.121 ns   ; lpm_ram_io:inst1|altram:sram|altsyncram:ram_block|altsyncram_bu91:auto_generated|ram_block1a0~porta_address_reg5 ; data_out[0] ; clock      ;
; N/A   ; None         ; 9.121 ns   ; lpm_ram_io:inst1|altram:sram|altsyncram:ram_block|altsyncram_bu91:auto_generated|ram_block1a0~porta_address_reg6 ; data_out[0] ; clock      ;
; N/A   ; None         ; 9.121 ns   ; lpm_ram_io:inst1|altram:sram|altsyncram:ram_block|altsyncram_bu91:auto_generated|ram_block1a0~porta_address_reg7 ; data_out[0] ; clock      ;
; N/A   ; None         ; 9.109 ns   ; lpm_rom0:inst|altsyncram:altsyncram_component|altsyncram_ql91:auto_generated|ram_block1a0~porta_address_reg0     ; data_out[1] ; clock      ;
; N/A   ; None         ; 9.109 ns   ; lpm_rom0:inst|altsyncram:altsyncram_component|altsyncram_ql91:auto_generated|ram_block1a0~porta_address_reg1     ; data_out[1] ; clock      ;
; N/A   ; None         ; 9.109 ns   ; lpm_rom0:inst|altsyncram:altsyncram_component|altsyncram_ql91:auto_generated|ram_block1a0~porta_address_reg2     ; data_out[1] ; clock      ;
; N/A   ; None         ; 9.109 ns   ; lpm_rom0:inst|altsyncram:altsyncram_component|altsyncram_ql91:auto_generated|ram_block1a0~porta_address_reg3     ; data_out[1] ; clock      ;
; N/A   ; None         ; 9.109 ns   ; lpm_rom0:inst|altsyncram:altsyncram_component|altsyncram_ql91:auto_generated|ram_block1a0~porta_address_reg4     ; data_out[1] ; clock      ;
; N/A   ; None         ; 9.109 ns   ; lpm_rom0:inst|altsyncram:altsyncram_component|altsyncram_ql91:auto_generated|ram_block1a0~porta_address_reg5     ; data_out[1] ; clock      ;
; N/A   ; None         ; 9.109 ns   ; lpm_rom0:inst|altsyncram:altsyncram_component|altsyncram_ql91:auto_generated|ram_block1a0~porta_address_reg6     ; data_out[1] ; clock      ;
; N/A   ; None         ; 9.109 ns   ; lpm_rom0:inst|altsyncram:altsyncram_component|altsyncram_ql91:auto_generated|ram_block1a0~porta_address_reg7     ; data_out[1] ; clock      ;
; N/A   ; None         ; 9.019 ns   ; lpm_rom0:inst|altsyncram:altsyncram_component|altsyncram_ql91:auto_generated|ram_block1a0~porta_address_reg0     ; data_out[5] ; clock      ;
; N/A   ; None         ; 9.019 ns   ; lpm_rom0:inst|altsyncram:altsyncram_component|altsyncram_ql91:auto_generated|ram_block1a0~porta_address_reg1     ; data_out[5] ; clock      ;
; N/A   ; None         ; 9.019 ns   ; lpm_rom0:inst|altsyncram:altsyncram_component|altsyncram_ql91:auto_generated|ram_block1a0~porta_address_reg2     ; data_out[5] ; clock      ;
; N/A   ; None         ; 9.019 ns   ; lpm_rom0:inst|altsyncram:altsyncram_component|altsyncram_ql91:auto_generated|ram_block1a0~porta_address_reg3     ; data_out[5] ; clock      ;
; N/A   ; None         ; 9.019 ns   ; lpm_rom0:inst|altsyncram:altsyncram_component|altsyncram_ql91:auto_generated|ram_block1a0~porta_address_reg4     ; data_out[5] ; clock      ;
; N/A   ; None         ; 9.019 ns   ; lpm_rom0:inst|altsyncram:altsyncram_component|altsyncram_ql91:auto_generated|ram_block1a0~porta_address_reg5     ; data_out[5] ; clock      ;
; N/A   ; None         ; 9.019 ns   ; lpm_rom0:inst|altsyncram:altsyncram_component|altsyncram_ql91:auto_generated|ram_block1a0~porta_address_reg6     ; data_out[5] ; clock      ;
; N/A   ; None         ; 9.019 ns   ; lpm_rom0:inst|altsyncram:altsyncram_component|altsyncram_ql91:auto_generated|ram_block1a0~porta_address_reg7     ; data_out[5] ; clock      ;
; N/A   ; None         ; 8.989 ns   ; lpm_ram_io:inst1|altram:sram|altsyncram:ram_block|altsyncram_bu91:auto_generated|ram_block1a0~porta_we_reg       ; data_out[5] ; clock      ;
; N/A   ; None         ; 8.989 ns   ; lpm_ram_io:inst1|altram:sram|altsyncram:ram_block|altsyncram_bu91:auto_generated|ram_block1a0~porta_address_reg0 ; data_out[5] ; clock      ;
; N/A   ; None         ; 8.989 ns   ; lpm_ram_io:inst1|altram:sram|altsyncram:ram_block|altsyncram_bu91:auto_generated|ram_block1a0~porta_address_reg1 ; data_out[5] ; clock      ;
; N/A   ; None         ; 8.989 ns   ; lpm_ram_io:inst1|altram:sram|altsyncram:ram_block|altsyncram_bu91:auto_generated|ram_block1a0~porta_address_reg2 ; data_out[5] ; clock      ;
; N/A   ; None         ; 8.989 ns   ; lpm_ram_io:inst1|altram:sram|altsyncram:ram_block|altsyncram_bu91:auto_generated|ram_block1a0~porta_address_reg3 ; data_out[5] ; clock      ;
; N/A   ; None         ; 8.989 ns   ; lpm_ram_io:inst1|altram:sram|altsyncram:ram_block|altsyncram_bu91:auto_generated|ram_block1a0~porta_address_reg4 ; data_out[5] ; clock      ;
; N/A   ; None         ; 8.989 ns   ; lpm_ram_io:inst1|altram:sram|altsyncram:ram_block|altsyncram_bu91:auto_generated|ram_block1a0~porta_address_reg5 ; data_out[5] ; clock      ;
; N/A   ; None         ; 8.989 ns   ; lpm_ram_io:inst1|altram:sram|altsyncram:ram_block|altsyncram_bu91:auto_generated|ram_block1a0~porta_address_reg6 ; data_out[5] ; clock      ;
; N/A   ; None         ; 8.989 ns   ; lpm_ram_io:inst1|altram:sram|altsyncram:ram_block|altsyncram_bu91:auto_generated|ram_block1a0~porta_address_reg7 ; data_out[5] ; clock      ;
; N/A   ; None         ; 8.928 ns   ; lpm_rom0:inst|altsyncram:altsyncram_component|altsyncram_ql91:auto_generated|ram_block1a0~porta_address_reg0     ; data_out[2] ; clock      ;
; N/A   ; None         ; 8.928 ns   ; lpm_rom0:inst|altsyncram:altsyncram_component|altsyncram_ql91:auto_generated|ram_block1a0~porta_address_reg1     ; data_out[2] ; clock      ;
; N/A   ; None         ; 8.928 ns   ; lpm_rom0:inst|altsyncram:altsyncram_component|altsyncram_ql91:auto_generated|ram_block1a0~porta_address_reg2     ; data_out[2] ; clock      ;
; N/A   ; None         ; 8.928 ns   ; lpm_rom0:inst|altsyncram:altsyncram_component|altsyncram_ql91:auto_generated|ram_block1a0~porta_address_reg3     ; data_out[2] ; clock      ;
; N/A   ; None         ; 8.928 ns   ; lpm_rom0:inst|altsyncram:altsyncram_component|altsyncram_ql91:auto_generated|ram_block1a0~porta_address_reg4     ; data_out[2] ; clock      ;
; N/A   ; None         ; 8.928 ns   ; lpm_rom0:inst|altsyncram:altsyncram_component|altsyncram_ql91:auto_generated|ram_block1a0~porta_address_reg5     ; data_out[2] ; clock      ;
; N/A   ; None         ; 8.928 ns   ; lpm_rom0:inst|altsyncram:altsyncram_component|altsyncram_ql91:auto_generated|ram_block1a0~porta_address_reg6     ; data_out[2] ; clock      ;
; N/A   ; None         ; 8.928 ns   ; lpm_rom0:inst|altsyncram:altsyncram_component|altsyncram_ql91:auto_generated|ram_block1a0~porta_address_reg7     ; data_out[2] ; clock      ;
; N/A   ; None         ; 8.745 ns   ; lpm_ram_io:inst1|altram:sram|altsyncram:ram_block|altsyncram_bu91:auto_generated|ram_block1a0~porta_we_reg       ; data_out[6] ; clock      ;
; N/A   ; None         ; 8.745 ns   ; lpm_ram_io:inst1|altram:sram|altsyncram:ram_block|altsyncram_bu91:auto_generated|ram_block1a0~porta_address_reg0 ; data_out[6] ; clock      ;
; N/A   ; None         ; 8.745 ns   ; lpm_ram_io:inst1|altram:sram|altsyncram:ram_block|altsyncram_bu91:auto_generated|ram_block1a0~porta_address_reg1 ; data_out[6] ; clock      ;
; N/A   ; None         ; 8.745 ns   ; lpm_ram_io:inst1|altram:sram|altsyncram:ram_block|altsyncram_bu91:auto_generated|ram_block1a0~porta_address_reg2 ; data_out[6] ; clock      ;
; N/A   ; None         ; 8.745 ns   ; lpm_ram_io:inst1|altram:sram|altsyncram:ram_block|altsyncram_bu91:auto_generated|ram_block1a0~porta_address_reg3 ; data_out[6] ; clock      ;
; N/A   ; None         ; 8.745 ns   ; lpm_ram_io:inst1|altram:sram|altsyncram:ram_block|altsyncram_bu91:auto_generated|ram_block1a0~porta_address_reg4 ; data_out[6] ; clock      ;
; N/A   ; None         ; 8.745 ns   ; lpm_ram_io:inst1|altram:sram|altsyncram:ram_block|altsyncram_bu91:auto_generated|ram_block1a0~porta_address_reg5 ; data_out[6] ; clock      ;
; N/A   ; None         ; 8.745 ns   ; lpm_ram_io:inst1|altram:sram|altsyncram:ram_block|altsyncram_bu91:auto_generated|ram_block1a0~porta_address_reg6 ; data_out[6] ; clock      ;
; N/A   ; None         ; 8.745 ns   ; lpm_ram_io:inst1|altram:sram|altsyncram:ram_block|altsyncram_bu91:auto_generated|ram_block1a0~porta_address_reg7 ; data_out[6] ; clock      ;
; N/A   ; None         ; 8.693 ns   ; lpm_ram_io:inst1|altram:sram|altsyncram:ram_block|altsyncram_bu91:auto_generated|ram_block1a0~porta_we_reg       ; data_out[2] ; clock      ;
; N/A   ; None         ; 8.693 ns   ; lpm_ram_io:inst1|altram:sram|altsyncram:ram_block|altsyncram_bu91:auto_generated|ram_block1a0~porta_address_reg0 ; data_out[2] ; clock      ;
; N/A   ; None         ; 8.693 ns   ; lpm_ram_io:inst1|altram:sram|altsyncram:ram_block|altsyncram_bu91:auto_generated|ram_block1a0~porta_address_reg1 ; data_out[2] ; clock      ;
; N/A   ; None         ; 8.693 ns   ; lpm_ram_io:inst1|altram:sram|altsyncram:ram_block|altsyncram_bu91:auto_generated|ram_block1a0~porta_address_reg2 ; data_out[2] ; clock      ;
; N/A   ; None         ; 8.693 ns   ; lpm_ram_io:inst1|altram:sram|altsyncram:ram_block|altsyncram_bu91:auto_generated|ram_block1a0~porta_address_reg3 ; data_out[2] ; clock      ;
; N/A   ; None         ; 8.693 ns   ; lpm_ram_io:inst1|altram:sram|altsyncram:ram_block|altsyncram_bu91:auto_generated|ram_block1a0~porta_address_reg4 ; data_out[2] ; clock      ;
; N/A   ; None         ; 8.693 ns   ; lpm_ram_io:inst1|altram:sram|altsyncram:ram_block|altsyncram_bu91:auto_generated|ram_block1a0~porta_address_reg5 ; data_out[2] ; clock      ;
; N/A   ; None         ; 8.693 ns   ; lpm_ram_io:inst1|altram:sram|altsyncram:ram_block|altsyncram_bu91:auto_generated|ram_block1a0~porta_address_reg6 ; data_out[2] ; clock      ;
; N/A   ; None         ; 8.693 ns   ; lpm_ram_io:inst1|altram:sram|altsyncram:ram_block|altsyncram_bu91:auto_generated|ram_block1a0~porta_address_reg7 ; data_out[2] ; clock      ;
; N/A   ; None         ; 8.603 ns   ; lpm_rom0:inst|altsyncram:altsyncram_component|altsyncram_ql91:auto_generated|ram_block1a0~porta_address_reg0     ; data_out[6] ; clock      ;
; N/A   ; None         ; 8.603 ns   ; lpm_rom0:inst|altsyncram:altsyncram_component|altsyncram_ql91:auto_generated|ram_block1a0~porta_address_reg1     ; data_out[6] ; clock      ;
; N/A   ; None         ; 8.603 ns   ; lpm_rom0:inst|altsyncram:altsyncram_component|altsyncram_ql91:auto_generated|ram_block1a0~porta_address_reg2     ; data_out[6] ; clock      ;
; N/A   ; None         ; 8.603 ns   ; lpm_rom0:inst|altsyncram:altsyncram_component|altsyncram_ql91:auto_generated|ram_block1a0~porta_address_reg3     ; data_out[6] ; clock      ;
; N/A   ; None         ; 8.603 ns   ; lpm_rom0:inst|altsyncram:altsyncram_component|altsyncram_ql91:auto_generated|ram_block1a0~porta_address_reg4     ; data_out[6] ; clock      ;
; N/A   ; None         ; 8.603 ns   ; lpm_rom0:inst|altsyncram:altsyncram_component|altsyncram_ql91:auto_generated|ram_block1a0~porta_address_reg5     ; data_out[6] ; clock      ;
; N/A   ; None         ; 8.603 ns   ; lpm_rom0:inst|altsyncram:altsyncram_component|altsyncram_ql91:auto_generated|ram_block1a0~porta_address_reg6     ; data_out[6] ; clock      ;
; N/A   ; None         ; 8.603 ns   ; lpm_rom0:inst|altsyncram:altsyncram_component|altsyncram_ql91:auto_generated|ram_block1a0~porta_address_reg7     ; data_out[6] ; clock      ;
; N/A   ; None         ; 7.594 ns   ; lpm_dff0:inst2|lpm_ff:lpm_ff_component|dffs[1]                                                                   ; data_out[1] ; clock      ;
; N/A   ; None         ; 7.436 ns   ; lpm_dff0:inst2|lpm_ff:lpm_ff_component|dffs[2]                                                                   ; data_out[2] ; clock      ;
; N/A   ; None         ; 7.334 ns   ; lpm_dff0:inst2|lpm_ff:lpm_ff_component|dffs[0]                                                                   ; data_out[0] ; clock      ;
; N/A   ; None         ; 7.328 ns   ; lpm_dff0:inst2|lpm_ff:lpm_ff_component|dffs[3]                                                                   ; data_out[3] ; clock      ;
; N/A   ; None         ; 7.017 ns   ; lpm_dff0:inst2|lpm_ff:lpm_ff_component|dffs[7]                                                                   ; data_out[7] ; clock      ;
; N/A   ; None         ; 6.906 ns   ; lpm_dff0:inst2|lpm_ff:lpm_ff_component|dffs[4]                                                                   ; data_out[4] ; clock      ;
; N/A   ; None         ; 6.393 ns   ; lpm_dff0:inst2|lpm_ff:lpm_ff_component|dffs[5]                                                                   ; data_out[5] ; clock      ;
; N/A   ; None         ; 6.287 ns   ; lpm_dff0:inst2|lpm_ff:lpm_ff_component|dffs[6]                                                                   ; data_out[6] ; clock      ;
+-------+--------------+------------+------------------------------------------------------------------------------------------------------------------+-------------+------------+


+----------------------------------------------------------------------------+
; tpd                                                                        ;
+-------+-------------------+-----------------+----------------+-------------+
; Slack ; Required P2P Time ; Actual P2P Time ; From           ; To          ;
+-------+-------------------+-----------------+----------------+-------------+
; N/A   ; None              ; 10.656 ns       ; ram_mode_read  ; data_out[0] ;
; N/A   ; None              ; 10.582 ns       ; ram_mode_read  ; data_out[1] ;
; N/A   ; None              ; 10.564 ns       ; ram_mode_read  ; data_out[3] ;
; N/A   ; None              ; 10.450 ns       ; ram_chip_en    ; data_out[3] ;
; N/A   ; None              ; 10.446 ns       ; ram_chip_en    ; data_out[0] ;
; N/A   ; None              ; 10.404 ns       ; rom_read       ; data_out[7] ;
; N/A   ; None              ; 10.384 ns       ; reg_read       ; data_out[0] ;
; N/A   ; None              ; 10.375 ns       ; ram_chip_en    ; data_out[1] ;
; N/A   ; None              ; 10.310 ns       ; reg_read       ; data_out[1] ;
; N/A   ; None              ; 10.292 ns       ; reg_read       ; data_out[3] ;
; N/A   ; None              ; 10.290 ns       ; ram_mode_read  ; data_out[7] ;
; N/A   ; None              ; 10.247 ns       ; ram_chip_en    ; data_out[7] ;
; N/A   ; None              ; 10.228 ns       ; rom_read       ; data_out[0] ;
; N/A   ; None              ; 10.154 ns       ; rom_read       ; data_out[1] ;
; N/A   ; None              ; 10.136 ns       ; rom_read       ; data_out[3] ;
; N/A   ; None              ; 10.129 ns       ; ram_mode_read  ; data_out[4] ;
; N/A   ; None              ; 10.108 ns       ; reg_read       ; data_out[7] ;
; N/A   ; None              ; 10.105 ns       ; ram_chip_en    ; data_out[4] ;
; N/A   ; None              ; 10.021 ns       ; ram_mode_read  ; data_out[2] ;
; N/A   ; None              ; 10.017 ns       ; ram_mode_write ; data_out[0] ;
; N/A   ; None              ; 9.987 ns        ; ram_mode_write ; data_out[3] ;
; N/A   ; None              ; 9.956 ns        ; ram_chip_en    ; data_out[2] ;
; N/A   ; None              ; 9.943 ns        ; ram_mode_write ; data_out[1] ;
; N/A   ; None              ; 9.805 ns        ; ram_mode_read  ; data_out[5] ;
; N/A   ; None              ; 9.786 ns        ; ram_mode_write ; data_out[7] ;
; N/A   ; None              ; 9.749 ns        ; reg_read       ; data_out[2] ;
; N/A   ; None              ; 9.729 ns        ; rom_read       ; data_out[2] ;
; N/A   ; None              ; 9.696 ns        ; rom_read       ; data_out[4] ;
; N/A   ; None              ; 9.595 ns        ; ram_chip_en    ; data_out[5] ;
; N/A   ; None              ; 9.493 ns        ; ram_mode_write ; data_out[2] ;
; N/A   ; None              ; 9.486 ns        ; ram_mode_read  ; data_out[6] ;
; N/A   ; None              ; 9.447 ns        ; rom_read       ; data_out[6] ;
; N/A   ; None              ; 9.378 ns        ; rom_read       ; data_out[5] ;
; N/A   ; None              ; 9.290 ns        ; ram_chip_en    ; data_out[6] ;
; N/A   ; None              ; 9.279 ns        ; reg_read       ; data_out[4] ;
; N/A   ; None              ; 9.261 ns        ; reg_read       ; data_out[6] ;
; N/A   ; None              ; 9.231 ns        ; ram_mode_write ; data_out[4] ;
; N/A   ; None              ; 9.214 ns        ; reg_read       ; data_out[5] ;
; N/A   ; None              ; 9.155 ns        ; ram_mode_write ; data_out[5] ;
; N/A   ; None              ; 8.938 ns        ; ram_mode_write ; data_out[6] ;
+-------+-------------------+-----------------+----------------+-------------+


+----------------------------------------------------------------------------------------------------------------------------------------------------------------------------------------+
; th                                                                                                                                                                                     ;
+---------------+-------------+-----------+----------------+------------------------------------------------------------------------------------------------------------------+----------+
; Minimum Slack ; Required th ; Actual th ; From           ; To                                                                                                               ; To Clock ;
+---------------+-------------+-----------+----------------+------------------------------------------------------------------------------------------------------------------+----------+
; N/A           ; None        ; -2.268 ns ; addr[1]        ; lpm_ram_io:inst1|altram:sram|altsyncram:ram_block|altsyncram_bu91:auto_generated|ram_block1a0~porta_address_reg1 ; clock    ;
; N/A           ; None        ; -2.299 ns ; addr[1]        ; lpm_rom0:inst|altsyncram:altsyncram_component|altsyncram_ql91:auto_generated|ram_block1a0~porta_address_reg1     ; clock    ;
; N/A           ; None        ; -2.398 ns ; addr[2]        ; lpm_rom0:inst|altsyncram:altsyncram_component|altsyncram_ql91:auto_generated|ram_block1a0~porta_address_reg2     ; clock    ;
; N/A           ; None        ; -2.509 ns ; addr[5]        ; lpm_rom0:inst|altsyncram:altsyncram_component|altsyncram_ql91:auto_generated|ram_block1a0~porta_address_reg5     ; clock    ;
; N/A           ; None        ; -2.583 ns ; addr[3]        ; lpm_ram_io:inst1|altram:sram|altsyncram:ram_block|altsyncram_bu91:auto_generated|ram_block1a0~porta_address_reg3 ; clock    ;
; N/A           ; None        ; -2.587 ns ; addr[5]        ; lpm_ram_io:inst1|altram:sram|altsyncram:ram_block|altsyncram_bu91:auto_generated|ram_block1a0~porta_address_reg5 ; clock    ;
; N/A           ; None        ; -2.588 ns ; reg_write      ; lpm_dff0:inst2|lpm_ff:lpm_ff_component|dffs[3]                                                                   ; clock    ;
; N/A           ; None        ; -2.589 ns ; reg_write      ; lpm_dff0:inst2|lpm_ff:lpm_ff_component|dffs[5]                                                                   ; clock    ;
; N/A           ; None        ; -2.608 ns ; addr[3]        ; lpm_rom0:inst|altsyncram:altsyncram_component|altsyncram_ql91:auto_generated|ram_block1a0~porta_address_reg3     ; clock    ;
; N/A           ; None        ; -2.633 ns ; addr[7]        ; lpm_ram_io:inst1|altram:sram|altsyncram:ram_block|altsyncram_bu91:auto_generated|ram_block1a0~porta_address_reg7 ; clock    ;
; N/A           ; None        ; -2.643 ns ; addr[7]        ; lpm_rom0:inst|altsyncram:altsyncram_component|altsyncram_ql91:auto_generated|ram_block1a0~porta_address_reg7     ; clock    ;
; N/A           ; None        ; -2.680 ns ; addr[2]        ; lpm_ram_io:inst1|altram:sram|altsyncram:ram_block|altsyncram_bu91:auto_generated|ram_block1a0~porta_address_reg2 ; clock    ;
; N/A           ; None        ; -2.754 ns ; reg_write      ; lpm_dff0:inst2|lpm_ff:lpm_ff_component|dffs[0]                                                                   ; clock    ;
; N/A           ; None        ; -2.755 ns ; reg_write      ; lpm_dff0:inst2|lpm_ff:lpm_ff_component|dffs[2]                                                                   ; clock    ;
; N/A           ; None        ; -2.765 ns ; addr[6]        ; lpm_rom0:inst|altsyncram:altsyncram_component|altsyncram_ql91:auto_generated|ram_block1a0~porta_address_reg6     ; clock    ;
; N/A           ; None        ; -2.786 ns ; reg_write      ; lpm_dff0:inst2|lpm_ff:lpm_ff_component|dffs[7]                                                                   ; clock    ;
; N/A           ; None        ; -2.787 ns ; reg_write      ; lpm_dff0:inst2|lpm_ff:lpm_ff_component|dffs[6]                                                                   ; clock    ;
; N/A           ; None        ; -2.787 ns ; reg_write      ; lpm_dff0:inst2|lpm_ff:lpm_ff_component|dffs[1]                                                                   ; clock    ;
; N/A           ; None        ; -2.788 ns ; reg_write      ; lpm_dff0:inst2|lpm_ff:lpm_ff_component|dffs[4]                                                                   ; clock    ;
; N/A           ; None        ; -2.810 ns ; addr[0]        ; lpm_ram_io:inst1|altram:sram|altsyncram:ram_block|altsyncram_bu91:auto_generated|ram_block1a0~porta_address_reg0 ; clock    ;
; N/A           ; None        ; -2.853 ns ; addr[0]        ; lpm_rom0:inst|altsyncram:altsyncram_component|altsyncram_ql91:auto_generated|ram_block1a0~porta_address_reg0     ; clock    ;
; N/A           ; None        ; -2.862 ns ; addr[4]        ; lpm_ram_io:inst1|altram:sram|altsyncram:ram_block|altsyncram_bu91:auto_generated|ram_block1a0~porta_address_reg4 ; clock    ;
; N/A           ; None        ; -2.867 ns ; addr[4]        ; lpm_rom0:inst|altsyncram:altsyncram_component|altsyncram_ql91:auto_generated|ram_block1a0~porta_address_reg4     ; clock    ;
; N/A           ; None        ; -2.963 ns ; addr[6]        ; lpm_ram_io:inst1|altram:sram|altsyncram:ram_block|altsyncram_bu91:auto_generated|ram_block1a0~porta_address_reg6 ; clock    ;
; N/A           ; None        ; -3.018 ns ; rom_read       ; lpm_dff0:inst2|lpm_ff:lpm_ff_component|dffs[0]                                                                   ; clock    ;
; N/A           ; None        ; -3.018 ns ; rom_read       ; lpm_dff0:inst2|lpm_ff:lpm_ff_component|dffs[2]                                                                   ; clock    ;
; N/A           ; None        ; -3.054 ns ; rom_read       ; lpm_dff0:inst2|lpm_ff:lpm_ff_component|dffs[5]                                                                   ; clock    ;
; N/A           ; None        ; -3.054 ns ; rom_read       ; lpm_dff0:inst2|lpm_ff:lpm_ff_component|dffs[3]                                                                   ; clock    ;
; N/A           ; None        ; -3.158 ns ; reg_read       ; lpm_dff0:inst2|lpm_ff:lpm_ff_component|dffs[0]                                                                   ; clock    ;
; N/A           ; None        ; -3.158 ns ; reg_read       ; lpm_dff0:inst2|lpm_ff:lpm_ff_component|dffs[2]                                                                   ; clock    ;
; N/A           ; None        ; -3.212 ns ; ram_chip_en    ; lpm_dff0:inst2|lpm_ff:lpm_ff_component|dffs[5]                                                                   ; clock    ;
; N/A           ; None        ; -3.212 ns ; ram_chip_en    ; lpm_dff0:inst2|lpm_ff:lpm_ff_component|dffs[3]                                                                   ; clock    ;
; N/A           ; None        ; -3.224 ns ; ram_chip_en    ; lpm_dff0:inst2|lpm_ff:lpm_ff_component|dffs[0]                                                                   ; clock    ;
; N/A           ; None        ; -3.224 ns ; ram_chip_en    ; lpm_dff0:inst2|lpm_ff:lpm_ff_component|dffs[2]                                                                   ; clock    ;
; N/A           ; None        ; -3.235 ns ; ram_chip_en    ; lpm_dff0:inst2|lpm_ff:lpm_ff_component|dffs[4]                                                                   ; clock    ;
; N/A           ; None        ; -3.235 ns ; ram_chip_en    ; lpm_dff0:inst2|lpm_ff:lpm_ff_component|dffs[6]                                                                   ; clock    ;
; N/A           ; None        ; -3.240 ns ; ram_chip_en    ; lpm_dff0:inst2|lpm_ff:lpm_ff_component|dffs[7]                                                                   ; clock    ;
; N/A           ; None        ; -3.240 ns ; ram_chip_en    ; lpm_dff0:inst2|lpm_ff:lpm_ff_component|dffs[1]                                                                   ; clock    ;
; N/A           ; None        ; -3.262 ns ; rom_read       ; lpm_dff0:inst2|lpm_ff:lpm_ff_component|dffs[4]                                                                   ; clock    ;
; N/A           ; None        ; -3.262 ns ; rom_read       ; lpm_dff0:inst2|lpm_ff:lpm_ff_component|dffs[6]                                                                   ; clock    ;
; N/A           ; None        ; -3.268 ns ; rom_read       ; lpm_dff0:inst2|lpm_ff:lpm_ff_component|dffs[7]                                                                   ; clock    ;
; N/A           ; None        ; -3.268 ns ; rom_read       ; lpm_dff0:inst2|lpm_ff:lpm_ff_component|dffs[1]                                                                   ; clock    ;
; N/A           ; None        ; -3.314 ns ; reg_read       ; lpm_dff0:inst2|lpm_ff:lpm_ff_component|dffs[5]                                                                   ; clock    ;
; N/A           ; None        ; -3.314 ns ; reg_read       ; lpm_dff0:inst2|lpm_ff:lpm_ff_component|dffs[3]                                                                   ; clock    ;
; N/A           ; None        ; -3.314 ns ; ram_mode_read  ; lpm_dff0:inst2|lpm_ff:lpm_ff_component|dffs[5]                                                                   ; clock    ;
; N/A           ; None        ; -3.314 ns ; ram_mode_read  ; lpm_dff0:inst2|lpm_ff:lpm_ff_component|dffs[3]                                                                   ; clock    ;
; N/A           ; None        ; -3.358 ns ; reg_read       ; lpm_dff0:inst2|lpm_ff:lpm_ff_component|dffs[7]                                                                   ; clock    ;
; N/A           ; None        ; -3.358 ns ; reg_read       ; lpm_dff0:inst2|lpm_ff:lpm_ff_component|dffs[1]                                                                   ; clock    ;
; N/A           ; None        ; -3.360 ns ; reg_read       ; lpm_dff0:inst2|lpm_ff:lpm_ff_component|dffs[4]                                                                   ; clock    ;
; N/A           ; None        ; -3.360 ns ; reg_read       ; lpm_dff0:inst2|lpm_ff:lpm_ff_component|dffs[6]                                                                   ; clock    ;
; N/A           ; None        ; -3.405 ns ; ram_mode_write ; lpm_ram_io:inst1|altram:sram|altsyncram:ram_block|altsyncram_bu91:auto_generated|ram_block1a0~porta_we_reg       ; clock    ;
; N/A           ; None        ; -3.423 ns ; ram_mode_read  ; lpm_dff0:inst2|lpm_ff:lpm_ff_component|dffs[7]                                                                   ; clock    ;
; N/A           ; None        ; -3.423 ns ; ram_mode_read  ; lpm_dff0:inst2|lpm_ff:lpm_ff_component|dffs[1]                                                                   ; clock    ;
; N/A           ; None        ; -3.428 ns ; ram_mode_read  ; lpm_dff0:inst2|lpm_ff:lpm_ff_component|dffs[0]                                                                   ; clock    ;
; N/A           ; None        ; -3.428 ns ; ram_mode_read  ; lpm_dff0:inst2|lpm_ff:lpm_ff_component|dffs[2]                                                                   ; clock    ;
; N/A           ; None        ; -3.437 ns ; ram_mode_read  ; lpm_dff0:inst2|lpm_ff:lpm_ff_component|dffs[4]                                                                   ; clock    ;
; N/A           ; None        ; -3.437 ns ; ram_mode_read  ; lpm_dff0:inst2|lpm_ff:lpm_ff_component|dffs[6]                                                                   ; clock    ;
; N/A           ; None        ; -3.510 ns ; ram_mode_write ; lpm_dff0:inst2|lpm_ff:lpm_ff_component|dffs[7]                                                                   ; clock    ;
; N/A           ; None        ; -3.543 ns ; enable         ; lpm_dff0:inst2|lpm_ff:lpm_ff_component|dffs[5]                                                                   ; clock    ;
; N/A           ; None        ; -3.543 ns ; enable         ; lpm_dff0:inst2|lpm_ff:lpm_ff_component|dffs[3]                                                                   ; clock    ;
; N/A           ; None        ; -3.554 ns ; enable         ; lpm_dff0:inst2|lpm_ff:lpm_ff_component|dffs[4]                                                                   ; clock    ;
; N/A           ; None        ; -3.554 ns ; enable         ; lpm_dff0:inst2|lpm_ff:lpm_ff_component|dffs[6]                                                                   ; clock    ;
; N/A           ; None        ; -3.554 ns ; enable         ; lpm_dff0:inst2|lpm_ff:lpm_ff_component|dffs[7]                                                                   ; clock    ;
; N/A           ; None        ; -3.554 ns ; enable         ; lpm_dff0:inst2|lpm_ff:lpm_ff_component|dffs[1]                                                                   ; clock    ;
; N/A           ; None        ; -3.554 ns ; ram_mode_write ; lpm_dff0:inst2|lpm_ff:lpm_ff_component|dffs[5]                                                                   ; clock    ;
; N/A           ; None        ; -3.563 ns ; ram_mode_write ; lpm_dff0:inst2|lpm_ff:lpm_ff_component|dffs[6]                                                                   ; clock    ;
; N/A           ; None        ; -3.731 ns ; ram_chip_en    ; lpm_ram_io:inst1|altram:sram|altsyncram:ram_block|altsyncram_bu91:auto_generated|ram_block1a0~porta_datain_reg4  ; clock    ;
; N/A           ; None        ; -3.735 ns ; ram_mode_write ; lpm_dff0:inst2|lpm_ff:lpm_ff_component|dffs[4]                                                                   ; clock    ;
; N/A           ; None        ; -3.763 ns ; enable         ; lpm_dff0:inst2|lpm_ff:lpm_ff_component|dffs[0]                                                                   ; clock    ;
; N/A           ; None        ; -3.763 ns ; enable         ; lpm_dff0:inst2|lpm_ff:lpm_ff_component|dffs[2]                                                                   ; clock    ;
; N/A           ; None        ; -3.782 ns ; ram_mode_write ; lpm_dff0:inst2|lpm_ff:lpm_ff_component|dffs[3]                                                                   ; clock    ;
; N/A           ; None        ; -3.837 ns ; ram_mode_write ; lpm_dff0:inst2|lpm_ff:lpm_ff_component|dffs[2]                                                                   ; clock    ;
; N/A           ; None        ; -3.891 ns ; ram_mode_write ; lpm_dff0:inst2|lpm_ff:lpm_ff_component|dffs[0]                                                                   ; clock    ;
; N/A           ; None        ; -3.938 ns ; ram_mode_write ; lpm_ram_io:inst1|altram:sram|altsyncram:ram_block|altsyncram_bu91:auto_generated|ram_block1a0~porta_datain_reg2  ; clock    ;
; N/A           ; None        ; -3.940 ns ; ram_mode_write ; lpm_dff0:inst2|lpm_ff:lpm_ff_component|dffs[1]                                                                   ; clock    ;
; N/A           ; None        ; -3.986 ns ; ram_mode_write ; lpm_ram_io:inst1|altram:sram|altsyncram:ram_block|altsyncram_bu91:auto_generated|ram_block1a0~porta_datain_reg0  ; clock    ;
; N/A           ; None        ; -4.006 ns ; ram_chip_en    ; lpm_ram_io:inst1|altram:sram|altsyncram:ram_block|altsyncram_bu91:auto_generated|ram_block1a0~porta_datain_reg5  ; clock    ;
; N/A           ; None        ; -4.016 ns ; ram_mode_write ; lpm_ram_io:inst1|altram:sram|altsyncram:ram_block|altsyncram_bu91:auto_generated|ram_block1a0~porta_datain_reg3  ; clock    ;
; N/A           ; None        ; -4.040 ns ; ram_chip_en    ; lpm_ram_io:inst1|altram:sram|altsyncram:ram_block|altsyncram_bu91:auto_generated|ram_block1a0~porta_datain_reg6  ; clock    ;
; N/A           ; None        ; -4.041 ns ; ram_mode_read  ; lpm_ram_io:inst1|altram:sram|altsyncram:ram_block|altsyncram_bu91:auto_generated|ram_block1a0~porta_datain_reg4  ; clock    ;
; N/A           ; None        ; -4.060 ns ; ram_chip_en    ; lpm_ram_io:inst1|altram:sram|altsyncram:ram_block|altsyncram_bu91:auto_generated|ram_block1a0~porta_datain_reg7  ; clock    ;
; N/A           ; None        ; -4.078 ns ; ram_mode_write ; lpm_ram_io:inst1|altram:sram|altsyncram:ram_block|altsyncram_bu91:auto_generated|ram_block1a0~porta_datain_reg4  ; clock    ;
; N/A           ; None        ; -4.100 ns ; ram_mode_read  ; lpm_ram_io:inst1|altram:sram|altsyncram:ram_block|altsyncram_bu91:auto_generated|ram_block1a0~porta_datain_reg5  ; clock    ;
; N/A           ; None        ; -4.126 ns ; reg_read       ; lpm_ram_io:inst1|altram:sram|altsyncram:ram_block|altsyncram_bu91:auto_generated|ram_block1a0~porta_datain_reg4  ; clock    ;
; N/A           ; None        ; -4.195 ns ; ram_mode_write ; lpm_ram_io:inst1|altram:sram|altsyncram:ram_block|altsyncram_bu91:auto_generated|ram_block1a0~porta_datain_reg5  ; clock    ;
; N/A           ; None        ; -4.203 ns ; ram_mode_write ; lpm_ram_io:inst1|altram:sram|altsyncram:ram_block|altsyncram_bu91:auto_generated|ram_block1a0~porta_datain_reg6  ; clock    ;
; N/A           ; None        ; -4.218 ns ; ram_chip_en    ; lpm_ram_io:inst1|altram:sram|altsyncram:ram_block|altsyncram_bu91:auto_generated|ram_block1a0~porta_datain_reg0  ; clock    ;
; N/A           ; None        ; -4.231 ns ; ram_mode_write ; lpm_ram_io:inst1|altram:sram|altsyncram:ram_block|altsyncram_bu91:auto_generated|ram_block1a0~porta_datain_reg7  ; clock    ;
; N/A           ; None        ; -4.254 ns ; reg_read       ; lpm_ram_io:inst1|altram:sram|altsyncram:ram_block|altsyncram_bu91:auto_generated|ram_block1a0~porta_datain_reg5  ; clock    ;
; N/A           ; None        ; -4.261 ns ; ram_mode_read  ; lpm_ram_io:inst1|altram:sram|altsyncram:ram_block|altsyncram_bu91:auto_generated|ram_block1a0~porta_datain_reg6  ; clock    ;
; N/A           ; None        ; -4.280 ns ; ram_mode_read  ; lpm_ram_io:inst1|altram:sram|altsyncram:ram_block|altsyncram_bu91:auto_generated|ram_block1a0~porta_datain_reg2  ; clock    ;
; N/A           ; None        ; -4.281 ns ; ram_mode_read  ; lpm_ram_io:inst1|altram:sram|altsyncram:ram_block|altsyncram_bu91:auto_generated|ram_block1a0~porta_datain_reg7  ; clock    ;
; N/A           ; None        ; -4.302 ns ; ram_mode_read  ; lpm_ram_io:inst1|altram:sram|altsyncram:ram_block|altsyncram_bu91:auto_generated|ram_block1a0~porta_datain_reg0  ; clock    ;
; N/A           ; None        ; -4.317 ns ; rom_read       ; lpm_ram_io:inst1|altram:sram|altsyncram:ram_block|altsyncram_bu91:auto_generated|ram_block1a0~porta_datain_reg0  ; clock    ;
; N/A           ; None        ; -4.320 ns ; ram_chip_en    ; lpm_ram_io:inst1|altram:sram|altsyncram:ram_block|altsyncram_bu91:auto_generated|ram_block1a0~porta_datain_reg1  ; clock    ;
; N/A           ; None        ; -4.335 ns ; ram_chip_en    ; lpm_ram_io:inst1|altram:sram|altsyncram:ram_block|altsyncram_bu91:auto_generated|ram_block1a0~porta_we_reg       ; clock    ;
; N/A           ; None        ; -4.345 ns ; ram_chip_en    ; lpm_ram_io:inst1|altram:sram|altsyncram:ram_block|altsyncram_bu91:auto_generated|ram_block1a0~porta_datain_reg2  ; clock    ;
; N/A           ; None        ; -4.352 ns ; reg_read       ; lpm_ram_io:inst1|altram:sram|altsyncram:ram_block|altsyncram_bu91:auto_generated|ram_block1a0~porta_datain_reg0  ; clock    ;
; N/A           ; None        ; -4.359 ns ; ram_mode_write ; lpm_ram_io:inst1|altram:sram|altsyncram:ram_block|altsyncram_bu91:auto_generated|ram_block1a0~porta_datain_reg1  ; clock    ;
; N/A           ; None        ; -4.359 ns ; ram_mode_read  ; lpm_ram_io:inst1|altram:sram|altsyncram:ram_block|altsyncram_bu91:auto_generated|ram_block1a0~porta_we_reg       ; clock    ;
; N/A           ; None        ; -4.393 ns ; rom_read       ; lpm_ram_io:inst1|altram:sram|altsyncram:ram_block|altsyncram_bu91:auto_generated|ram_block1a0~porta_datain_reg3  ; clock    ;
; N/A           ; None        ; -4.407 ns ; rom_read       ; lpm_ram_io:inst1|altram:sram|altsyncram:ram_block|altsyncram_bu91:auto_generated|ram_block1a0~porta_datain_reg4  ; clock    ;
; N/A           ; None        ; -4.419 ns ; rom_read       ; lpm_ram_io:inst1|altram:sram|altsyncram:ram_block|altsyncram_bu91:auto_generated|ram_block1a0~porta_datain_reg5  ; clock    ;
; N/A           ; None        ; -4.459 ns ; ram_mode_read  ; lpm_ram_io:inst1|altram:sram|altsyncram:ram_block|altsyncram_bu91:auto_generated|ram_block1a0~porta_datain_reg3  ; clock    ;
; N/A           ; None        ; -4.466 ns ; reg_read       ; lpm_ram_io:inst1|altram:sram|altsyncram:ram_block|altsyncram_bu91:auto_generated|ram_block1a0~porta_datain_reg3  ; clock    ;
; N/A           ; None        ; -4.469 ns ; rom_read       ; lpm_ram_io:inst1|altram:sram|altsyncram:ram_block|altsyncram_bu91:auto_generated|ram_block1a0~porta_datain_reg2  ; clock    ;
; N/A           ; None        ; -4.479 ns ; ram_chip_en    ; lpm_ram_io:inst1|altram:sram|altsyncram:ram_block|altsyncram_bu91:auto_generated|ram_block1a0~porta_datain_reg3  ; clock    ;
; N/A           ; None        ; -4.526 ns ; reg_read       ; lpm_ram_io:inst1|altram:sram|altsyncram:ram_block|altsyncram_bu91:auto_generated|ram_block1a0~porta_datain_reg6  ; clock    ;
; N/A           ; None        ; -4.538 ns ; reg_read       ; lpm_ram_io:inst1|altram:sram|altsyncram:ram_block|altsyncram_bu91:auto_generated|ram_block1a0~porta_datain_reg1  ; clock    ;
; N/A           ; None        ; -4.553 ns ; reg_read       ; lpm_ram_io:inst1|altram:sram|altsyncram:ram_block|altsyncram_bu91:auto_generated|ram_block1a0~porta_datain_reg7  ; clock    ;
; N/A           ; None        ; -4.567 ns ; reg_read       ; lpm_ram_io:inst1|altram:sram|altsyncram:ram_block|altsyncram_bu91:auto_generated|ram_block1a0~porta_datain_reg2  ; clock    ;
; N/A           ; None        ; -4.570 ns ; rom_read       ; lpm_ram_io:inst1|altram:sram|altsyncram:ram_block|altsyncram_bu91:auto_generated|ram_block1a0~porta_datain_reg1  ; clock    ;
; N/A           ; None        ; -4.625 ns ; ram_mode_read  ; lpm_ram_io:inst1|altram:sram|altsyncram:ram_block|altsyncram_bu91:auto_generated|ram_block1a0~porta_datain_reg1  ; clock    ;
; N/A           ; None        ; -4.712 ns ; rom_read       ; lpm_ram_io:inst1|altram:sram|altsyncram:ram_block|altsyncram_bu91:auto_generated|ram_block1a0~porta_datain_reg6  ; clock    ;
; N/A           ; None        ; -4.758 ns ; rom_read       ; lpm_ram_io:inst1|altram:sram|altsyncram:ram_block|altsyncram_bu91:auto_generated|ram_block1a0~porta_datain_reg7  ; clock    ;
+---------------+-------------+-----------+----------------+------------------------------------------------------------------------------------------------------------------+----------+


+--------------------------+
; Timing Analyzer Messages ;
+--------------------------+
Info: *******************************************************************
Info: Running Quartus II Classic Timing Analyzer
    Info: Version 9.1 Build 222 10/21/2009 SJ Web Edition
    Info: Processing started: Wed Nov 19 23:48:17 2025
Info: Command: quartus_tan --read_settings_files=off --write_settings_files=off lab_3_2 -c lab_3_2 --timing_analysis_only
Warning: Found combinational loop of 1 nodes
    Warning: Node "inst11[7]~17DUPLICATE"
Warning: Found combinational loop of 1 nodes
    Warning: Node "inst11[6]~18DUPLICATE"
Warning: Found combinational loop of 1 nodes
    Warning: Node "inst11[5]~19"
Warning: Found combinational loop of 1 nodes
    Warning: Node "inst11[4]~20DUPLICATE"
Warning: Found combinational loop of 1 nodes
    Warning: Node "inst11[3]~22DUPLICATE"
Warning: Found combinational loop of 1 nodes
    Warning: Node "inst11[2]~24DUPLICATE"
Warning: Found combinational loop of 1 nodes
    Warning: Node "inst11[1]~26DUPLICATE"
Warning: Found combinational loop of 1 nodes
    Warning: Node "inst11[0]~28"
Warning: Found pins functioning as undefined clocks and/or memory enables
    Info: Assuming node "clock" is an undefined clock
Warning: Clock Setting "clock_for_lab3" is unassigned
Info: Clock "clock" has Internal fmax of 180.64 MHz between source memory "lpm_rom0:inst|altsyncram:altsyncram_component|altsyncram_ql91:auto_generated|ram_block1a0~porta_address_reg0" and destination memory "lpm_ram_io:inst1|altram:sram|altsyncram:ram_block|altsyncram_bu91:auto_generated|ram_block1a0~porta_datain_reg4" (period= 5.536 ns)
    Info: + Longest memory to memory delay is 5.374 ns
        Info: 1: + IC(0.000 ns) + CELL(0.000 ns) = 0.000 ns; Loc. = M4K_X32_Y9; Fanout = 8; MEM Node = 'lpm_rom0:inst|altsyncram:altsyncram_component|altsyncram_ql91:auto_generated|ram_block1a0~porta_address_reg0'
        Info: 2: + IC(0.000 ns) + CELL(1.850 ns) = 1.850 ns; Loc. = M4K_X32_Y9; Fanout = 1; MEM Node = 'lpm_rom0:inst|altsyncram:altsyncram_component|altsyncram_ql91:auto_generated|q_a[4]'
        Info: 3: + IC(1.035 ns) + CELL(0.225 ns) = 3.110 ns; Loc. = LCCOMB_X30_Y3_N0; Fanout = 3; COMB Node = 'inst11[4]~32'
        Info: 4: + IC(0.000 ns) + CELL(0.945 ns) = 4.055 ns; Loc. = LCCOMB_X31_Y9_N22; Fanout = 2; COMB LOOP Node = 'inst11[4]~20DUPLICATE'
            Info: Loc. = LCCOMB_X31_Y9_N22; Node "inst11[4]~20DUPLICATE"
        Info: 5: + IC(0.210 ns) + CELL(0.154 ns) = 4.419 ns; Loc. = LCCOMB_X31_Y9_N20; Fanout = 3; COMB Node = 'inst11[4]~20'
        Info: 6: + IC(0.221 ns) + CELL(0.053 ns) = 4.693 ns; Loc. = LCCOMB_X31_Y9_N28; Fanout = 1; COMB Node = 'inst13[4]~9'
        Info: 7: + IC(0.585 ns) + CELL(0.096 ns) = 5.374 ns; Loc. = M4K_X32_Y8; Fanout = 1; MEM Node = 'lpm_ram_io:inst1|altram:sram|altsyncram:ram_block|altsyncram_bu91:auto_generated|ram_block1a0~porta_datain_reg4'
        Info: Total cell delay = 3.323 ns ( 61.83 % )
        Info: Total interconnect delay = 2.051 ns ( 38.17 % )
    Info: - Smallest clock skew is -0.004 ns
        Info: + Shortest clock path from clock "clock" to destination memory is 2.342 ns
            Info: 1: + IC(0.000 ns) + CELL(0.854 ns) = 0.854 ns; Loc. = PIN_N20; Fanout = 1; CLK Node = 'clock'
            Info: 2: + IC(0.343 ns) + CELL(0.000 ns) = 1.197 ns; Loc. = CLKCTRL_G3; Fanout = 41; COMB Node = 'clock~clkctrl'
            Info: 3: + IC(0.664 ns) + CELL(0.481 ns) = 2.342 ns; Loc. = M4K_X32_Y8; Fanout = 1; MEM Node = 'lpm_ram_io:inst1|altram:sram|altsyncram:ram_block|altsyncram_bu91:auto_generated|ram_block1a0~porta_datain_reg4'
            Info: Total cell delay = 1.335 ns ( 57.00 % )
            Info: Total interconnect delay = 1.007 ns ( 43.00 % )
        Info: - Longest clock path from clock "clock" to source memory is 2.346 ns
            Info: 1: + IC(0.000 ns) + CELL(0.854 ns) = 0.854 ns; Loc. = PIN_N20; Fanout = 1; CLK Node = 'clock'
            Info: 2: + IC(0.343 ns) + CELL(0.000 ns) = 1.197 ns; Loc. = CLKCTRL_G3; Fanout = 41; COMB Node = 'clock~clkctrl'
            Info: 3: + IC(0.668 ns) + CELL(0.481 ns) = 2.346 ns; Loc. = M4K_X32_Y9; Fanout = 8; MEM Node = 'lpm_rom0:inst|altsyncram:altsyncram_component|altsyncram_ql91:auto_generated|ram_block1a0~porta_address_reg0'
            Info: Total cell delay = 1.335 ns ( 56.91 % )
            Info: Total interconnect delay = 1.011 ns ( 43.09 % )
    Info: + Micro clock to output delay of source is 0.136 ns
    Info: + Micro setup delay of destination is 0.022 ns
Info: tsu for memory "lpm_ram_io:inst1|altram:sram|altsyncram:ram_block|altsyncram_bu91:auto_generated|ram_block1a0~porta_datain_reg1" (data pin = "ram_mode_read", clock pin = "clock") is 5.901 ns
    Info: + Longest pin to memory delay is 8.221 ns
        Info: 1: + IC(0.000 ns) + CELL(0.772 ns) = 0.772 ns; Loc. = PIN_AB10; Fanout = 48; PIN Node = 'ram_mode_read'
        Info: 2: + IC(4.746 ns) + CELL(0.366 ns) = 5.884 ns; Loc. = LCCOMB_X30_Y9_N4; Fanout = 20; COMB Node = 'inst13[7]~1'
        Info: 3: + IC(0.000 ns) + CELL(0.816 ns) = 6.700 ns; Loc. = LCCOMB_X29_Y9_N6; Fanout = 3; COMB LOOP Node = 'inst11[1]~26DUPLICATE'
            Info: Loc. = LCCOMB_X29_Y9_N6; Node "inst11[1]~26DUPLICATE"
        Info: 4: + IC(0.217 ns) + CELL(0.154 ns) = 7.071 ns; Loc. = LCCOMB_X29_Y9_N4; Fanout = 2; COMB Node = 'inst11[1]~26'
        Info: 5: + IC(0.219 ns) + CELL(0.053 ns) = 7.343 ns; Loc. = LCCOMB_X29_Y9_N16; Fanout = 1; COMB Node = 'inst13[1]~12'
        Info: 6: + IC(0.782 ns) + CELL(0.096 ns) = 8.221 ns; Loc. = M4K_X32_Y8; Fanout = 1; MEM Node = 'lpm_ram_io:inst1|altram:sram|altsyncram:ram_block|altsyncram_bu91:auto_generated|ram_block1a0~porta_datain_reg1'
        Info: Total cell delay = 2.257 ns ( 27.45 % )
        Info: Total interconnect delay = 5.964 ns ( 72.55 % )
    Info: + Micro setup delay of destination is 0.022 ns
    Info: - Shortest clock path from clock "clock" to destination memory is 2.342 ns
        Info: 1: + IC(0.000 ns) + CELL(0.854 ns) = 0.854 ns; Loc. = PIN_N20; Fanout = 1; CLK Node = 'clock'
        Info: 2: + IC(0.343 ns) + CELL(0.000 ns) = 1.197 ns; Loc. = CLKCTRL_G3; Fanout = 41; COMB Node = 'clock~clkctrl'
        Info: 3: + IC(0.664 ns) + CELL(0.481 ns) = 2.342 ns; Loc. = M4K_X32_Y8; Fanout = 1; MEM Node = 'lpm_ram_io:inst1|altram:sram|altsyncram:ram_block|altsyncram_bu91:auto_generated|ram_block1a0~porta_datain_reg1'
        Info: Total cell delay = 1.335 ns ( 57.00 % )
        Info: Total interconnect delay = 1.007 ns ( 43.00 % )
Info: tco from clock "clock" to destination pin "data_out[4]" through memory "lpm_rom0:inst|altsyncram:altsyncram_component|altsyncram_ql91:auto_generated|ram_block1a0~porta_address_reg0" is 10.100 ns
    Info: + Longest clock path from clock "clock" to source memory is 2.346 ns
        Info: 1: + IC(0.000 ns) + CELL(0.854 ns) = 0.854 ns; Loc. = PIN_N20; Fanout = 1; CLK Node = 'clock'
        Info: 2: + IC(0.343 ns) + CELL(0.000 ns) = 1.197 ns; Loc. = CLKCTRL_G3; Fanout = 41; COMB Node = 'clock~clkctrl'
        Info: 3: + IC(0.668 ns) + CELL(0.481 ns) = 2.346 ns; Loc. = M4K_X32_Y9; Fanout = 8; MEM Node = 'lpm_rom0:inst|altsyncram:altsyncram_component|altsyncram_ql91:auto_generated|ram_block1a0~porta_address_reg0'
        Info: Total cell delay = 1.335 ns ( 56.91 % )
        Info: Total interconnect delay = 1.011 ns ( 43.09 % )
    Info: + Micro clock to output delay of source is 0.136 ns
    Info: + Longest memory to pin delay is 7.618 ns
        Info: 1: + IC(0.000 ns) + CELL(0.000 ns) = 0.000 ns; Loc. = M4K_X32_Y9; Fanout = 8; MEM Node = 'lpm_rom0:inst|altsyncram:altsyncram_component|altsyncram_ql91:auto_generated|ram_block1a0~porta_address_reg0'
        Info: 2: + IC(0.000 ns) + CELL(1.850 ns) = 1.850 ns; Loc. = M4K_X32_Y9; Fanout = 1; MEM Node = 'lpm_rom0:inst|altsyncram:altsyncram_component|altsyncram_ql91:auto_generated|q_a[4]'
        Info: 3: + IC(1.035 ns) + CELL(0.225 ns) = 3.110 ns; Loc. = LCCOMB_X30_Y3_N0; Fanout = 3; COMB Node = 'inst11[4]~32'
        Info: 4: + IC(0.000 ns) + CELL(0.945 ns) = 4.055 ns; Loc. = LCCOMB_X31_Y9_N22; Fanout = 2; COMB LOOP Node = 'inst11[4]~20DUPLICATE'
            Info: Loc. = LCCOMB_X31_Y9_N22; Node "inst11[4]~20DUPLICATE"
        Info: 5: + IC(0.210 ns) + CELL(0.154 ns) = 4.419 ns; Loc. = LCCOMB_X31_Y9_N20; Fanout = 3; COMB Node = 'inst11[4]~20'
        Info: 6: + IC(1.075 ns) + CELL(2.124 ns) = 7.618 ns; Loc. = PIN_R5; Fanout = 0; PIN Node = 'data_out[4]'
        Info: Total cell delay = 5.298 ns ( 69.55 % )
        Info: Total interconnect delay = 2.320 ns ( 30.45 % )
Info: Longest tpd from source pin "ram_mode_read" to destination pin "data_out[0]" is 10.656 ns
    Info: 1: + IC(0.000 ns) + CELL(0.772 ns) = 0.772 ns; Loc. = PIN_AB10; Fanout = 48; PIN Node = 'ram_mode_read'
    Info: 2: + IC(4.746 ns) + CELL(0.366 ns) = 5.884 ns; Loc. = LCCOMB_X30_Y9_N4; Fanout = 20; COMB Node = 'inst13[7]~1'
    Info: 3: + IC(0.000 ns) + CELL(0.816 ns) = 6.700 ns; Loc. = LCCOMB_X31_Y9_N24; Fanout = 4; COMB LOOP Node = 'inst11[0]~28'
        Info: Loc. = LCCOMB_X31_Y9_N24; Node "inst11[0]~28"
    Info: 4: + IC(1.964 ns) + CELL(1.992 ns) = 10.656 ns; Loc. = PIN_AB16; Fanout = 0; PIN Node = 'data_out[0]'
    Info: Total cell delay = 3.946 ns ( 37.03 % )
    Info: Total interconnect delay = 6.710 ns ( 62.97 % )
Info: th for memory "lpm_ram_io:inst1|altram:sram|altsyncram:ram_block|altsyncram_bu91:auto_generated|ram_block1a0~porta_address_reg1" (data pin = "addr[1]", clock pin = "clock") is -2.268 ns
    Info: + Longest clock path from clock "clock" to destination memory is 2.342 ns
        Info: 1: + IC(0.000 ns) + CELL(0.854 ns) = 0.854 ns; Loc. = PIN_N20; Fanout = 1; CLK Node = 'clock'
        Info: 2: + IC(0.343 ns) + CELL(0.000 ns) = 1.197 ns; Loc. = CLKCTRL_G3; Fanout = 41; COMB Node = 'clock~clkctrl'
        Info: 3: + IC(0.664 ns) + CELL(0.481 ns) = 2.342 ns; Loc. = M4K_X32_Y8; Fanout = 8; MEM Node = 'lpm_ram_io:inst1|altram:sram|altsyncram:ram_block|altsyncram_bu91:auto_generated|ram_block1a0~porta_address_reg1'
        Info: Total cell delay = 1.335 ns ( 57.00 % )
        Info: Total interconnect delay = 1.007 ns ( 43.00 % )
    Info: + Micro hold delay of destination is 0.203 ns
    Info: - Shortest pin to memory delay is 4.813 ns
        Info: 1: + IC(0.000 ns) + CELL(0.800 ns) = 0.800 ns; Loc. = PIN_P6; Fanout = 2; PIN Node = 'addr[1]'
        Info: 2: + IC(3.910 ns) + CELL(0.103 ns) = 4.813 ns; Loc. = M4K_X32_Y8; Fanout = 8; MEM Node = 'lpm_ram_io:inst1|altram:sram|altsyncram:ram_block|altsyncram_bu91:auto_generated|ram_block1a0~porta_address_reg1'
        Info: Total cell delay = 0.903 ns ( 18.76 % )
        Info: Total interconnect delay = 3.910 ns ( 81.24 % )
Info: Quartus II Classic Timing Analyzer was successful. 0 errors, 18 warnings
    Info: Peak virtual memory: 189 megabytes
    Info: Processing ended: Wed Nov 19 23:48:17 2025
    Info: Elapsed time: 00:00:00
    Info: Total CPU time (on all processors): 00:00:00


