Classic Timing Analyzer report for Lab4
Tue Nov 24 17:43:59 2020
Quartus II Version 9.1 Build 222 10/21/2009 SJ Web Edition


---------------------
; Table of Contents ;
---------------------
  1. Legal Notice
  2. Timing Analyzer Summary
  3. Timing Analyzer Settings
  4. Clock Settings Summary
  5. Parallel Compilation
  6. Clock Setup: 'clk'
  7. tco
  8. Timing Analyzer Messages



----------------
; Legal Notice ;
----------------
Copyright (C) 1991-2009 Altera Corporation
Your use of Altera Corporation's design tools, logic functions 
and other software and tools, and its AMPP partner logic 
functions, and any output files from any of the foregoing 
(including device programming or simulation files), and any 
associated documentation or information are expressly subject 
to the terms and conditions of the Altera Program License 
Subscription Agreement, Altera MegaCore Function License 
Agreement, or other applicable license agreement, including, 
without limitation, that your use is for the sole purpose of 
programming logic devices manufactured by Altera and sold by 
Altera or its authorized distributors.  Please refer to the 
applicable agreement for further details.



+-----------------------------------------------------------------------------------------------------------------------------------------------------------------------------------------------------------------------------------------------------------------------------------------------------------------------------------------+
; Timing Analyzer Summary                                                                                                                                                                                                                                                                                                                 ;
+------------------------------+-------+---------------+----------------------------------+-----------------------------------------------------------------------------------------+--------------------------------------------------------------------------------------------------------------+------------+----------+--------------+
; Type                         ; Slack ; Required Time ; Actual Time                      ; From                                                                                    ; To                                                                                                           ; From Clock ; To Clock ; Failed Paths ;
+------------------------------+-------+---------------+----------------------------------+-----------------------------------------------------------------------------------------+--------------------------------------------------------------------------------------------------------------+------------+----------+--------------+
; Worst-case tco               ; N/A   ; None          ; 8.709 ns                         ; lpm_counter0:inst11|lpm_counter:lpm_counter_component|cntr_r3i:auto_generated|safe_q[1] ; data[8]                                                                                                      ; clk        ; --       ; 0            ;
; Clock Setup: 'clk'           ; N/A   ; None          ; 192.46 MHz ( period = 5.196 ns ) ; lpm_counter0:inst11|lpm_counter:lpm_counter_component|cntr_r3i:auto_generated|safe_q[1] ; lpm_rom0:inst|altsyncram:altsyncram_component|altsyncram_os61:auto_generated|ram_block1a0~porta_address_reg0 ; clk        ; clk      ; 0            ;
; Total number of failed paths ;       ;               ;                                  ;                                                                                         ;                                                                                                              ;            ;          ; 0            ;
+------------------------------+-------+---------------+----------------------------------+-----------------------------------------------------------------------------------------+--------------------------------------------------------------------------------------------------------------+------------+----------+--------------+


+-----------------------------------------------------------------------------------------------------------------------------------------------------+
; Timing Analyzer Settings                                                                                                                            ;
+------------------------------------------------------------------------------------------------------+--------------------+------+----+-------------+
; Option                                                                                               ; Setting            ; From ; To ; Entity Name ;
+------------------------------------------------------------------------------------------------------+--------------------+------+----+-------------+
; Device Name                                                                                          ; EP2S15F484C3       ;      ;    ;             ;
; Timing Models                                                                                        ; Final              ;      ;    ;             ;
; Default hold multicycle                                                                              ; Same as Multicycle ;      ;    ;             ;
; Cut paths between unrelated clock domains                                                            ; On                 ;      ;    ;             ;
; Cut off read during write signal paths                                                               ; On                 ;      ;    ;             ;
; Cut off feedback from I/O pins                                                                       ; On                 ;      ;    ;             ;
; Report Combined Fast/Slow Timing                                                                     ; Off                ;      ;    ;             ;
; Ignore Clock Settings                                                                                ; Off                ;      ;    ;             ;
; Analyze latches as synchronous elements                                                              ; On                 ;      ;    ;             ;
; Enable Recovery/Removal analysis                                                                     ; Off                ;      ;    ;             ;
; Enable Clock Latency                                                                                 ; Off                ;      ;    ;             ;
; Use TimeQuest Timing Analyzer                                                                        ; Off                ;      ;    ;             ;
; Number of source nodes to report per destination node                                                ; 10                 ;      ;    ;             ;
; Number of destination nodes to report                                                                ; 10                 ;      ;    ;             ;
; Number of paths to report                                                                            ; 200                ;      ;    ;             ;
; Report Minimum Timing Checks                                                                         ; Off                ;      ;    ;             ;
; Use Fast Timing Models                                                                               ; Off                ;      ;    ;             ;
; Report IO Paths Separately                                                                           ; Off                ;      ;    ;             ;
; Perform Multicorner Analysis                                                                         ; On                 ;      ;    ;             ;
; Reports the worst-case path for each clock domain and analysis                                       ; Off                ;      ;    ;             ;
; Reports worst-case timing paths for each clock domain and analysis                                   ; Off                ;      ;    ;             ;
; Specifies the maximum number of worst-case timing paths to report for each clock domain and analysis ; 100                ;      ;    ;             ;
; Removes common clock path pessimism (CCPP) during slack computation                                  ; Off                ;      ;    ;             ;
; Output I/O Timing Endpoint                                                                           ; Near End           ;      ;    ;             ;
+------------------------------------------------------------------------------------------------------+--------------------+------+----+-------------+


+------------------------------------------------------------------------------------------------------------------------------------------------------------------------------------+
; Clock Settings Summary                                                                                                                                                             ;
+-----------------+--------------------+----------+------------------+---------------+--------------+----------+-----------------------+---------------------+--------+--------------+
; Clock Node Name ; Clock Setting Name ; Type     ; Fmax Requirement ; Early Latency ; Late Latency ; Based on ; Multiply Base Fmax by ; Divide Base Fmax by ; Offset ; Phase offset ;
+-----------------+--------------------+----------+------------------+---------------+--------------+----------+-----------------------+---------------------+--------+--------------+
; clk             ;                    ; User Pin ; None             ; 0.000 ns      ; 0.000 ns     ; --       ; N/A                   ; N/A                 ; N/A    ;              ;
+-----------------+--------------------+----------+------------------+---------------+--------------+----------+-----------------------+---------------------+--------+--------------+


Parallel compilation was disabled, but you have multiple processors available. Enable parallel compilation to reduce compilation time.
+-------------------------------------+
; Parallel Compilation                ;
+----------------------------+--------+
; Processors                 ; Number ;
+----------------------------+--------+
; Number detected on machine ; 6      ;
; Maximum allowed            ; 1      ;
+----------------------------+--------+


+------------------------------------------------------------------------------------------------------------------------------------------------------------------------------------------------------------------------------------------------------------------------------------------------------------------------------------------------------------------------------------------------------------------------+
; Clock Setup: 'clk'                                                                                                                                                                                                                                                                                                                                                                                                     ;
+-----------------------------------------+-----------------------------------------------------+-----------------------------------------------------------------------------------------+------------------------------------------------------------------------------------------------------------------+------------+----------+-----------------------------+---------------------------+-------------------------+
; Slack                                   ; Actual fmax (period)                                ; From                                                                                    ; To                                                                                                               ; From Clock ; To Clock ; Required Setup Relationship ; Required Longest P2P Time ; Actual Longest P2P Time ;
+-----------------------------------------+-----------------------------------------------------+-----------------------------------------------------------------------------------------+------------------------------------------------------------------------------------------------------------------+------------+----------+-----------------------------+---------------------------+-------------------------+
; N/A                                     ; 192.46 MHz ( period = 5.196 ns )                    ; lpm_counter0:inst11|lpm_counter:lpm_counter_component|cntr_r3i:auto_generated|safe_q[1] ; lpm_rom0:inst|altsyncram:altsyncram_component|altsyncram_os61:auto_generated|ram_block1a0~porta_address_reg0     ; clk        ; clk      ; None                        ; None                      ; 2.340 ns                ;
; N/A                                     ; 203.33 MHz ( period = 4.918 ns )                    ; lpm_counter0:inst11|lpm_counter:lpm_counter_component|cntr_r3i:auto_generated|safe_q[2] ; lpm_rom0:inst|altsyncram:altsyncram_component|altsyncram_os61:auto_generated|ram_block1a0~porta_address_reg0     ; clk        ; clk      ; None                        ; None                      ; 2.201 ns                ;
; N/A                                     ; 208.33 MHz ( period = 4.800 ns )                    ; lpm_counter0:inst11|lpm_counter:lpm_counter_component|cntr_r3i:auto_generated|safe_q[1] ; lpm_rom0:inst|altsyncram:altsyncram_component|altsyncram_os61:auto_generated|ram_block1a0~porta_address_reg1     ; clk        ; clk      ; None                        ; None                      ; 2.142 ns                ;
; N/A                                     ; 208.59 MHz ( period = 4.794 ns )                    ; lpm_counter0:inst11|lpm_counter:lpm_counter_component|cntr_r3i:auto_generated|safe_q[1] ; lpm_rom0:inst|altsyncram:altsyncram_component|altsyncram_os61:auto_generated|ram_block1a0~porta_address_reg2     ; clk        ; clk      ; None                        ; None                      ; 2.139 ns                ;
; N/A                                     ; 211.42 MHz ( period = 4.730 ns )                    ; lpm_counter0:inst11|lpm_counter:lpm_counter_component|cntr_r3i:auto_generated|safe_q[0] ; lpm_rom0:inst|altsyncram:altsyncram_component|altsyncram_os61:auto_generated|ram_block1a0~porta_address_reg0     ; clk        ; clk      ; None                        ; None                      ; 2.107 ns                ;
; N/A                                     ; 216.73 MHz ( period = 4.614 ns )                    ; lpm_counter0:inst11|lpm_counter:lpm_counter_component|cntr_r3i:auto_generated|safe_q[1] ; lpm_ram_dq0:inst2|altsyncram:altsyncram_component|altsyncram_dvb1:auto_generated|ram_block1a0~porta_address_reg0 ; clk        ; clk      ; None                        ; None                      ; 2.053 ns                ;
; N/A                                     ; 219.78 MHz ( period = 4.550 ns )                    ; lpm_dff0:inst13|lpm_ff:lpm_ff_component|dffs[3]                                         ; lpm_rom0:inst|altsyncram:altsyncram_component|altsyncram_os61:auto_generated|ram_block1a0~porta_address_reg3     ; clk        ; clk      ; None                        ; None                      ; 2.016 ns                ;
; N/A                                     ; 221.14 MHz ( period = 4.522 ns )                    ; lpm_counter0:inst11|lpm_counter:lpm_counter_component|cntr_r3i:auto_generated|safe_q[2] ; lpm_rom0:inst|altsyncram:altsyncram_component|altsyncram_os61:auto_generated|ram_block1a0~porta_address_reg1     ; clk        ; clk      ; None                        ; None                      ; 2.003 ns                ;
; N/A                                     ; 221.43 MHz ( period = 4.516 ns )                    ; lpm_counter0:inst11|lpm_counter:lpm_counter_component|cntr_r3i:auto_generated|safe_q[2] ; lpm_rom0:inst|altsyncram:altsyncram_component|altsyncram_os61:auto_generated|ram_block1a0~porta_address_reg2     ; clk        ; clk      ; None                        ; None                      ; 2.000 ns                ;
; N/A                                     ; 222.02 MHz ( period = 4.504 ns )                    ; lpm_dff0:inst13|lpm_ff:lpm_ff_component|dffs[9]                                         ; lpm_rom0:inst|altsyncram:altsyncram_component|altsyncram_os61:auto_generated|ram_block1a0~porta_address_reg3     ; clk        ; clk      ; None                        ; None                      ; 1.994 ns                ;
; N/A                                     ; 223.71 MHz ( period = 4.470 ns )                    ; lpm_dff0:inst13|lpm_ff:lpm_ff_component|dffs[3]                                         ; lpm_ram_dq0:inst2|altsyncram:altsyncram_component|altsyncram_dvb1:auto_generated|ram_block1a0~porta_address_reg3 ; clk        ; clk      ; None                        ; None                      ; 1.980 ns                ;
; N/A                                     ; 226.04 MHz ( period = 4.424 ns )                    ; lpm_dff0:inst13|lpm_ff:lpm_ff_component|dffs[9]                                         ; lpm_ram_dq0:inst2|altsyncram:altsyncram_component|altsyncram_dvb1:auto_generated|ram_block1a0~porta_address_reg3 ; clk        ; clk      ; None                        ; None                      ; 1.958 ns                ;
; N/A                                     ; 226.86 MHz ( period = 4.408 ns )                    ; lpm_counter0:inst11|lpm_counter:lpm_counter_component|cntr_r3i:auto_generated|safe_q[0] ; lpm_rom0:inst|altsyncram:altsyncram_component|altsyncram_os61:auto_generated|ram_block1a0~porta_address_reg2     ; clk        ; clk      ; None                        ; None                      ; 1.946 ns                ;
; N/A                                     ; 228.62 MHz ( period = 4.374 ns )                    ; lpm_counter0:inst11|lpm_counter:lpm_counter_component|cntr_r3i:auto_generated|safe_q[2] ; lpm_rom0:inst|altsyncram:altsyncram_component|altsyncram_os61:auto_generated|ram_block1a0~porta_address_reg3     ; clk        ; clk      ; None                        ; None                      ; 1.929 ns                ;
; N/A                                     ; 230.63 MHz ( period = 4.336 ns )                    ; lpm_counter0:inst11|lpm_counter:lpm_counter_component|cntr_r3i:auto_generated|safe_q[2] ; lpm_ram_dq0:inst2|altsyncram:altsyncram_component|altsyncram_dvb1:auto_generated|ram_block1a0~porta_address_reg0 ; clk        ; clk      ; None                        ; None                      ; 1.914 ns                ;
; N/A                                     ; 230.73 MHz ( period = 4.334 ns )                    ; lpm_counter0:inst11|lpm_counter:lpm_counter_component|cntr_r3i:auto_generated|safe_q[0] ; lpm_rom0:inst|altsyncram:altsyncram_component|altsyncram_os61:auto_generated|ram_block1a0~porta_address_reg1     ; clk        ; clk      ; None                        ; None                      ; 1.909 ns                ;
; N/A                                     ; 232.88 MHz ( period = 4.294 ns )                    ; lpm_counter0:inst11|lpm_counter:lpm_counter_component|cntr_r3i:auto_generated|safe_q[2] ; lpm_ram_dq0:inst2|altsyncram:altsyncram_component|altsyncram_dvb1:auto_generated|ram_block1a0~porta_address_reg3 ; clk        ; clk      ; None                        ; None                      ; 1.893 ns                ;
; N/A                                     ; 233.54 MHz ( period = 4.282 ns )                    ; lpm_counter1:inst25|lpm_counter:lpm_counter_component|cntr_g9j:auto_generated|safe_q[3] ; lpm_rom0:inst|altsyncram:altsyncram_component|altsyncram_os61:auto_generated|ram_block1a0~porta_address_reg3     ; clk        ; clk      ; None                        ; None                      ; 1.885 ns                ;
; N/A                                     ; 235.29 MHz ( period = 4.250 ns )                    ; lpm_counter0:inst11|lpm_counter:lpm_counter_component|cntr_r3i:auto_generated|safe_q[1] ; lpm_ram_dq0:inst2|altsyncram:altsyncram_component|altsyncram_dvb1:auto_generated|ram_block1a0~porta_address_reg1 ; clk        ; clk      ; None                        ; None                      ; 1.871 ns                ;
; N/A                                     ; 235.63 MHz ( period = 4.244 ns )                    ; lpm_counter0:inst11|lpm_counter:lpm_counter_component|cntr_r3i:auto_generated|safe_q[1] ; lpm_ram_dq0:inst2|altsyncram:altsyncram_component|altsyncram_dvb1:auto_generated|ram_block1a0~porta_address_reg2 ; clk        ; clk      ; None                        ; None                      ; 1.868 ns                ;
; N/A                                     ; 235.74 MHz ( period = 4.242 ns )                    ; lpm_rom0:inst|altsyncram:altsyncram_component|altsyncram_os61:auto_generated|q_a[4]     ; lpm_dff0:inst14|lpm_ff:lpm_ff_component|dffs[4]                                                                  ; clk        ; clk      ; None                        ; None                      ; 2.037 ns                ;
; N/A                                     ; 237.98 MHz ( period = 4.202 ns )                    ; lpm_counter1:inst25|lpm_counter:lpm_counter_component|cntr_g9j:auto_generated|safe_q[3] ; lpm_ram_dq0:inst2|altsyncram:altsyncram_component|altsyncram_dvb1:auto_generated|ram_block1a0~porta_address_reg3 ; clk        ; clk      ; None                        ; None                      ; 1.849 ns                ;
; N/A                                     ; 238.89 MHz ( period = 4.186 ns )                    ; lpm_dff0:inst13|lpm_ff:lpm_ff_component|dffs[9]                                         ; lpm_rom0:inst|altsyncram:altsyncram_component|altsyncram_os61:auto_generated|ram_block1a0~porta_address_reg0     ; clk        ; clk      ; None                        ; None                      ; 1.835 ns                ;
; N/A                                     ; 241.08 MHz ( period = 4.148 ns )                    ; lpm_counter0:inst11|lpm_counter:lpm_counter_component|cntr_r3i:auto_generated|safe_q[0] ; lpm_ram_dq0:inst2|altsyncram:altsyncram_component|altsyncram_dvb1:auto_generated|ram_block1a0~porta_address_reg0 ; clk        ; clk      ; None                        ; None                      ; 1.820 ns                ;
; N/A                                     ; 251.76 MHz ( period = 3.972 ns )                    ; lpm_counter0:inst11|lpm_counter:lpm_counter_component|cntr_r3i:auto_generated|safe_q[2] ; lpm_ram_dq0:inst2|altsyncram:altsyncram_component|altsyncram_dvb1:auto_generated|ram_block1a0~porta_address_reg1 ; clk        ; clk      ; None                        ; None                      ; 1.732 ns                ;
; N/A                                     ; 252.14 MHz ( period = 3.966 ns )                    ; lpm_counter0:inst11|lpm_counter:lpm_counter_component|cntr_r3i:auto_generated|safe_q[2] ; lpm_ram_dq0:inst2|altsyncram:altsyncram_component|altsyncram_dvb1:auto_generated|ram_block1a0~porta_address_reg2 ; clk        ; clk      ; None                        ; None                      ; 1.729 ns                ;
; N/A                                     ; 259.20 MHz ( period = 3.858 ns )                    ; lpm_counter1:inst25|lpm_counter:lpm_counter_component|cntr_g9j:auto_generated|safe_q[0] ; lpm_rom0:inst|altsyncram:altsyncram_component|altsyncram_os61:auto_generated|ram_block1a0~porta_address_reg0     ; clk        ; clk      ; None                        ; None                      ; 1.673 ns                ;
; N/A                                     ; 259.20 MHz ( period = 3.858 ns )                    ; lpm_counter0:inst11|lpm_counter:lpm_counter_component|cntr_r3i:auto_generated|safe_q[0] ; lpm_ram_dq0:inst2|altsyncram:altsyncram_component|altsyncram_dvb1:auto_generated|ram_block1a0~porta_address_reg2 ; clk        ; clk      ; None                        ; None                      ; 1.675 ns                ;
; N/A                                     ; 259.34 MHz ( period = 3.856 ns )                    ; lpm_dff0:inst13|lpm_ff:lpm_ff_component|dffs[0]                                         ; lpm_rom0:inst|altsyncram:altsyncram_component|altsyncram_os61:auto_generated|ram_block1a0~porta_address_reg0     ; clk        ; clk      ; None                        ; None                      ; 1.670 ns                ;
; N/A                                     ; 260.55 MHz ( period = 3.838 ns )                    ; lpm_counter0:inst11|lpm_counter:lpm_counter_component|cntr_r3i:auto_generated|safe_q[2] ; lpm_rom0:inst|altsyncram:altsyncram_component|altsyncram_os61:auto_generated|ram_block1a0~porta_address_reg4     ; clk        ; clk      ; None                        ; None                      ; 1.661 ns                ;
; N/A                                     ; 260.69 MHz ( period = 3.836 ns )                    ; lpm_counter0:inst11|lpm_counter:lpm_counter_component|cntr_r3i:auto_generated|safe_q[2] ; lpm_rom0:inst|altsyncram:altsyncram_component|altsyncram_os61:auto_generated|ram_block1a0~porta_address_reg5     ; clk        ; clk      ; None                        ; None                      ; 1.660 ns                ;
; N/A                                     ; 262.47 MHz ( period = 3.810 ns )                    ; lpm_counter0:inst11|lpm_counter:lpm_counter_component|cntr_r3i:auto_generated|safe_q[2] ; lpm_rom0:inst|altsyncram:altsyncram_component|altsyncram_os61:auto_generated|ram_block1a0~porta_address_reg6     ; clk        ; clk      ; None                        ; None                      ; 1.647 ns                ;
; N/A                                     ; 262.61 MHz ( period = 3.808 ns )                    ; lpm_rom0:inst|altsyncram:altsyncram_component|altsyncram_os61:auto_generated|q_a[9]     ; lpm_dff0:inst14|lpm_ff:lpm_ff_component|dffs[9]                                                                  ; clk        ; clk      ; None                        ; None                      ; 1.829 ns                ;
; N/A                                     ; 262.74 MHz ( period = 3.806 ns )                    ; lpm_dff0:inst14|lpm_ff:lpm_ff_component|dffs[9]                                         ; lpm_rom0:inst|altsyncram:altsyncram_component|altsyncram_os61:auto_generated|ram_block1a0~porta_address_reg2     ; clk        ; clk      ; None                        ; None                      ; 1.645 ns                ;
; N/A                                     ; 262.88 MHz ( period = 3.804 ns )                    ; lpm_rom0:inst|altsyncram:altsyncram_component|altsyncram_os61:auto_generated|q_a[9]     ; lpm_dff0:inst13|lpm_ff:lpm_ff_component|dffs[9]                                                                  ; clk        ; clk      ; None                        ; None                      ; 1.827 ns                ;
; N/A                                     ; 263.44 MHz ( period = 3.796 ns )                    ; lpm_dff0:inst13|lpm_ff:lpm_ff_component|dffs[9]                                         ; lpm_rom0:inst|altsyncram:altsyncram_component|altsyncram_os61:auto_generated|ram_block1a0~porta_address_reg5     ; clk        ; clk      ; None                        ; None                      ; 1.640 ns                ;
; N/A                                     ; 263.85 MHz ( period = 3.790 ns )                    ; lpm_dff0:inst13|lpm_ff:lpm_ff_component|dffs[9]                                         ; lpm_rom0:inst|altsyncram:altsyncram_component|altsyncram_os61:auto_generated|ram_block1a0~porta_address_reg1     ; clk        ; clk      ; None                        ; None                      ; 1.637 ns                ;
; N/A                                     ; 264.13 MHz ( period = 3.786 ns )                    ; lpm_dff0:inst13|lpm_ff:lpm_ff_component|dffs[9]                                         ; lpm_rom0:inst|altsyncram:altsyncram_component|altsyncram_os61:auto_generated|ram_block1a0~porta_address_reg4     ; clk        ; clk      ; None                        ; None                      ; 1.635 ns                ;
; N/A                                     ; 264.27 MHz ( period = 3.784 ns )                    ; lpm_counter0:inst11|lpm_counter:lpm_counter_component|cntr_r3i:auto_generated|safe_q[0] ; lpm_ram_dq0:inst2|altsyncram:altsyncram_component|altsyncram_dvb1:auto_generated|ram_block1a0~porta_address_reg1 ; clk        ; clk      ; None                        ; None                      ; 1.638 ns                ;
; N/A                                     ; 264.41 MHz ( period = 3.782 ns )                    ; lpm_dff0:inst13|lpm_ff:lpm_ff_component|dffs[9]                                         ; lpm_rom0:inst|altsyncram:altsyncram_component|altsyncram_os61:auto_generated|ram_block1a0~porta_address_reg2     ; clk        ; clk      ; None                        ; None                      ; 1.633 ns                ;
; N/A                                     ; 265.25 MHz ( period = 3.770 ns )                    ; lpm_dff0:inst13|lpm_ff:lpm_ff_component|dffs[9]                                         ; lpm_rom0:inst|altsyncram:altsyncram_component|altsyncram_os61:auto_generated|ram_block1a0~porta_address_reg6     ; clk        ; clk      ; None                        ; None                      ; 1.627 ns                ;
; N/A                                     ; 265.39 MHz ( period = 3.768 ns )                    ; lpm_counter0:inst11|lpm_counter:lpm_counter_component|cntr_r3i:auto_generated|safe_q[2] ; lpm_rom0:inst|altsyncram:altsyncram_component|altsyncram_os61:auto_generated|ram_block1a0~porta_address_reg7     ; clk        ; clk      ; None                        ; None                      ; 1.626 ns                ;
; N/A                                     ; 265.67 MHz ( period = 3.764 ns )                    ; lpm_counter0:inst11|lpm_counter:lpm_counter_component|cntr_r3i:auto_generated|safe_q[1] ; lpm_rom0:inst|altsyncram:altsyncram_component|altsyncram_os61:auto_generated|ram_block1a0~porta_address_reg3     ; clk        ; clk      ; None                        ; None                      ; 1.624 ns                ;
; N/A                                     ; 265.67 MHz ( period = 3.764 ns )                    ; lpm_counter1:inst25|lpm_counter:lpm_counter_component|cntr_g9j:auto_generated|safe_q[5] ; lpm_rom0:inst|altsyncram:altsyncram_component|altsyncram_os61:auto_generated|ram_block1a0~porta_address_reg5     ; clk        ; clk      ; None                        ; None                      ; 1.626 ns                ;
; N/A                                     ; 266.81 MHz ( period = 3.748 ns )                    ; lpm_rom0:inst|altsyncram:altsyncram_component|altsyncram_os61:auto_generated|q_a[3]     ; lpm_dff0:inst14|lpm_ff:lpm_ff_component|dffs[3]                                                                  ; clk        ; clk      ; None                        ; None                      ; 1.790 ns                ;
; N/A                                     ; 267.52 MHz ( period = 3.738 ns )                    ; lpm_rom0:inst|altsyncram:altsyncram_component|altsyncram_os61:auto_generated|q_a[6]     ; lpm_dff0:inst13|lpm_ff:lpm_ff_component|dffs[6]                                                                  ; clk        ; clk      ; None                        ; None                      ; 1.785 ns                ;
; N/A                                     ; 268.10 MHz ( period = 3.730 ns )                    ; lpm_rom0:inst|altsyncram:altsyncram_component|altsyncram_os61:auto_generated|q_a[7]     ; lpm_dff0:inst14|lpm_ff:lpm_ff_component|dffs[7]                                                                  ; clk        ; clk      ; None                        ; None                      ; 1.790 ns                ;
; N/A                                     ; 268.24 MHz ( period = 3.728 ns )                    ; lpm_rom0:inst|altsyncram:altsyncram_component|altsyncram_os61:auto_generated|q_a[7]     ; lpm_dff0:inst13|lpm_ff:lpm_ff_component|dffs[7]                                                                  ; clk        ; clk      ; None                        ; None                      ; 1.789 ns                ;
; N/A                                     ; 268.24 MHz ( period = 3.728 ns )                    ; lpm_rom0:inst|altsyncram:altsyncram_component|altsyncram_os61:auto_generated|q_a[0]     ; lpm_dff0:inst13|lpm_ff:lpm_ff_component|dffs[0]                                                                  ; clk        ; clk      ; None                        ; None                      ; 1.789 ns                ;
; N/A                                     ; 269.11 MHz ( period = 3.716 ns )                    ; lpm_dff0:inst13|lpm_ff:lpm_ff_component|dffs[9]                                         ; lpm_rom0:inst|altsyncram:altsyncram_component|altsyncram_os61:auto_generated|ram_block1a0~porta_address_reg7     ; clk        ; clk      ; None                        ; None                      ; 1.600 ns                ;
; N/A                                     ; 271.44 MHz ( period = 3.684 ns )                    ; lpm_counter1:inst25|lpm_counter:lpm_counter_component|cntr_g9j:auto_generated|safe_q[6] ; lpm_rom0:inst|altsyncram:altsyncram_component|altsyncram_os61:auto_generated|ram_block1a0~porta_address_reg6     ; clk        ; clk      ; None                        ; None                      ; 1.586 ns                ;
; N/A                                     ; 271.44 MHz ( period = 3.684 ns )                    ; lpm_counter0:inst11|lpm_counter:lpm_counter_component|cntr_r3i:auto_generated|safe_q[1] ; lpm_ram_dq0:inst2|altsyncram:altsyncram_component|altsyncram_dvb1:auto_generated|ram_block1a0~porta_address_reg3 ; clk        ; clk      ; None                        ; None                      ; 1.588 ns                ;
; N/A                                     ; 275.48 MHz ( period = 3.630 ns )                    ; lpm_rom0:inst|altsyncram:altsyncram_component|altsyncram_os61:auto_generated|q_a[1]     ; lpm_dff0:inst13|lpm_ff:lpm_ff_component|dffs[1]                                                                  ; clk        ; clk      ; None                        ; None                      ; 1.740 ns                ;
; N/A                                     ; 276.70 MHz ( period = 3.614 ns )                    ; lpm_rom0:inst|altsyncram:altsyncram_component|altsyncram_os61:auto_generated|q_a[8]     ; lpm_dff0:inst14|lpm_ff:lpm_ff_component|dffs[8]                                                                  ; clk        ; clk      ; None                        ; None                      ; 1.732 ns                ;
; N/A                                     ; 277.47 MHz ( period = 3.604 ns )                    ; lpm_dff0:inst13|lpm_ff:lpm_ff_component|dffs[9]                                         ; lpm_ram_dq0:inst2|altsyncram:altsyncram_component|altsyncram_dvb1:auto_generated|ram_block1a0~porta_address_reg0 ; clk        ; clk      ; None                        ; None                      ; 1.548 ns                ;
; N/A                                     ; 283.29 MHz ( period = 3.530 ns )                    ; lpm_ram_dq0:inst2|altsyncram:altsyncram_component|altsyncram_dvb1:auto_generated|q_a[4] ; lpm_dff0:inst14|lpm_ff:lpm_ff_component|dffs[4]                                                                  ; clk        ; clk      ; None                        ; None                      ; 1.677 ns                ;
; N/A                                     ; 283.93 MHz ( period = 3.522 ns )                    ; lpm_counter1:inst25|lpm_counter:lpm_counter_component|cntr_g9j:auto_generated|safe_q[4] ; lpm_rom0:inst|altsyncram:altsyncram_component|altsyncram_os61:auto_generated|ram_block1a0~porta_address_reg4     ; clk        ; clk      ; None                        ; None                      ; 1.505 ns                ;
; N/A                                     ; 285.39 MHz ( period = 3.504 ns )                    ; lpm_counter1:inst25|lpm_counter:lpm_counter_component|cntr_g9j:auto_generated|safe_q[1] ; lpm_rom0:inst|altsyncram:altsyncram_component|altsyncram_os61:auto_generated|ram_block1a0~porta_address_reg1     ; clk        ; clk      ; None                        ; None                      ; 1.496 ns                ;
; N/A                                     ; 292.23 MHz ( period = 3.422 ns )                    ; lpm_counter1:inst25|lpm_counter:lpm_counter_component|cntr_g9j:auto_generated|safe_q[2] ; lpm_rom0:inst|altsyncram:altsyncram_component|altsyncram_os61:auto_generated|ram_block1a0~porta_address_reg2     ; clk        ; clk      ; None                        ; None                      ; 1.455 ns                ;
; N/A                                     ; 295.86 MHz ( period = 3.380 ns )                    ; lpm_counter1:inst25|lpm_counter:lpm_counter_component|cntr_g9j:auto_generated|safe_q[7] ; lpm_rom0:inst|altsyncram:altsyncram_component|altsyncram_os61:auto_generated|ram_block1a0~porta_address_reg7     ; clk        ; clk      ; None                        ; None                      ; 1.434 ns                ;
; N/A                                     ; 299.94 MHz ( period = 3.334 ns )                    ; lpm_rom0:inst|altsyncram:altsyncram_component|altsyncram_os61:auto_generated|q_a[4]     ; lpm_dff0:inst15|lpm_ff:lpm_ff_component|dffs[4]                                                                  ; clk        ; clk      ; None                        ; None                      ; 1.593 ns                ;
; N/A                                     ; 303.77 MHz ( period = 3.292 ns )                    ; lpm_counter0:inst11|lpm_counter:lpm_counter_component|cntr_r3i:auto_generated|safe_q[2] ; lpm_ram_dq0:inst2|altsyncram:altsyncram_component|altsyncram_dvb1:auto_generated|ram_block1a0~porta_address_reg5 ; clk        ; clk      ; None                        ; None                      ; 1.392 ns                ;
; N/A                                     ; 303.95 MHz ( period = 3.290 ns )                    ; lpm_rom0:inst|altsyncram:altsyncram_component|altsyncram_os61:auto_generated|q_a[2]     ; lpm_dff0:inst13|lpm_ff:lpm_ff_component|dffs[2]                                                                  ; clk        ; clk      ; None                        ; None                      ; 1.570 ns                ;
; N/A                                     ; 304.51 MHz ( period = 3.284 ns )                    ; lpm_counter0:inst11|lpm_counter:lpm_counter_component|cntr_r3i:auto_generated|safe_q[2] ; lpm_ram_dq0:inst2|altsyncram:altsyncram_component|altsyncram_dvb1:auto_generated|ram_block1a0~porta_address_reg4 ; clk        ; clk      ; None                        ; None                      ; 1.388 ns                ;
; N/A                                     ; 304.69 MHz ( period = 3.282 ns )                    ; lpm_counter0:inst11|lpm_counter:lpm_counter_component|cntr_r3i:auto_generated|safe_q[2] ; lpm_ram_dq0:inst2|altsyncram:altsyncram_component|altsyncram_dvb1:auto_generated|ram_block1a0~porta_address_reg6 ; clk        ; clk      ; None                        ; None                      ; 1.387 ns                ;
; N/A                                     ; 305.06 MHz ( period = 3.278 ns )                    ; lpm_counter0:inst11|lpm_counter:lpm_counter_component|cntr_r3i:auto_generated|safe_q[2] ; lpm_ram_dq0:inst2|altsyncram:altsyncram_component|altsyncram_dvb1:auto_generated|ram_block1a0~porta_address_reg7 ; clk        ; clk      ; None                        ; None                      ; 1.385 ns                ;
; N/A                                     ; 305.25 MHz ( period = 3.276 ns )                    ; lpm_counter1:inst25|lpm_counter:lpm_counter_component|cntr_g9j:auto_generated|safe_q[0] ; lpm_ram_dq0:inst2|altsyncram:altsyncram_component|altsyncram_dvb1:auto_generated|ram_block1a0~porta_address_reg0 ; clk        ; clk      ; None                        ; None                      ; 1.386 ns                ;
; N/A                                     ; 305.44 MHz ( period = 3.274 ns )                    ; lpm_dff0:inst13|lpm_ff:lpm_ff_component|dffs[0]                                         ; lpm_ram_dq0:inst2|altsyncram:altsyncram_component|altsyncram_dvb1:auto_generated|ram_block1a0~porta_address_reg0 ; clk        ; clk      ; None                        ; None                      ; 1.383 ns                ;
; N/A                                     ; 307.13 MHz ( period = 3.256 ns )                    ; lpm_dff0:inst14|lpm_ff:lpm_ff_component|dffs[9]                                         ; lpm_ram_dq0:inst2|altsyncram:altsyncram_component|altsyncram_dvb1:auto_generated|ram_block1a0~porta_address_reg2 ; clk        ; clk      ; None                        ; None                      ; 1.374 ns                ;
; N/A                                     ; 307.50 MHz ( period = 3.252 ns )                    ; lpm_dff0:inst13|lpm_ff:lpm_ff_component|dffs[9]                                         ; lpm_ram_dq0:inst2|altsyncram:altsyncram_component|altsyncram_dvb1:auto_generated|ram_block1a0~porta_address_reg5 ; clk        ; clk      ; None                        ; None                      ; 1.372 ns                ;
; N/A                                     ; 307.69 MHz ( period = 3.250 ns )                    ; lpm_rom0:inst|altsyncram:altsyncram_component|altsyncram_os61:auto_generated|q_a[0]     ; lpm_dff0:inst15|lpm_ff:lpm_ff_component|dffs[0]                                                                  ; clk        ; clk      ; None                        ; None                      ; 1.543 ns                ;
; N/A                                     ; 308.45 MHz ( period = 3.242 ns )                    ; lpm_dff0:inst13|lpm_ff:lpm_ff_component|dffs[9]                                         ; lpm_ram_dq0:inst2|altsyncram:altsyncram_component|altsyncram_dvb1:auto_generated|ram_block1a0~porta_address_reg6 ; clk        ; clk      ; None                        ; None                      ; 1.367 ns                ;
; N/A                                     ; 308.64 MHz ( period = 3.240 ns )                    ; lpm_dff0:inst13|lpm_ff:lpm_ff_component|dffs[9]                                         ; lpm_ram_dq0:inst2|altsyncram:altsyncram_component|altsyncram_dvb1:auto_generated|ram_block1a0~porta_address_reg1 ; clk        ; clk      ; None                        ; None                      ; 1.366 ns                ;
; N/A                                     ; 309.41 MHz ( period = 3.232 ns )                    ; lpm_dff0:inst13|lpm_ff:lpm_ff_component|dffs[9]                                         ; lpm_ram_dq0:inst2|altsyncram:altsyncram_component|altsyncram_dvb1:auto_generated|ram_block1a0~porta_address_reg2 ; clk        ; clk      ; None                        ; None                      ; 1.362 ns                ;
; N/A                                     ; 309.41 MHz ( period = 3.232 ns )                    ; lpm_dff0:inst13|lpm_ff:lpm_ff_component|dffs[9]                                         ; lpm_ram_dq0:inst2|altsyncram:altsyncram_component|altsyncram_dvb1:auto_generated|ram_block1a0~porta_address_reg4 ; clk        ; clk      ; None                        ; None                      ; 1.362 ns                ;
; N/A                                     ; 309.79 MHz ( period = 3.228 ns )                    ; lpm_counter0:inst11|lpm_counter:lpm_counter_component|cntr_r3i:auto_generated|safe_q[0] ; lpm_rom0:inst|altsyncram:altsyncram_component|altsyncram_os61:auto_generated|ram_block1a0~porta_address_reg5     ; clk        ; clk      ; None                        ; None                      ; 1.356 ns                ;
; N/A                                     ; 309.98 MHz ( period = 3.226 ns )                    ; lpm_dff0:inst13|lpm_ff:lpm_ff_component|dffs[9]                                         ; lpm_ram_dq0:inst2|altsyncram:altsyncram_component|altsyncram_dvb1:auto_generated|ram_block1a0~porta_address_reg7 ; clk        ; clk      ; None                        ; None                      ; 1.359 ns                ;
; N/A                                     ; 310.56 MHz ( period = 3.220 ns )                    ; lpm_counter0:inst11|lpm_counter:lpm_counter_component|cntr_r3i:auto_generated|safe_q[0] ; lpm_rom0:inst|altsyncram:altsyncram_component|altsyncram_os61:auto_generated|ram_block1a0~porta_address_reg4     ; clk        ; clk      ; None                        ; None                      ; 1.352 ns                ;
; N/A                                     ; 310.56 MHz ( period = 3.220 ns )                    ; lpm_counter1:inst25|lpm_counter:lpm_counter_component|cntr_g9j:auto_generated|safe_q[5] ; lpm_ram_dq0:inst2|altsyncram:altsyncram_component|altsyncram_dvb1:auto_generated|ram_block1a0~porta_address_reg5 ; clk        ; clk      ; None                        ; None                      ; 1.358 ns                ;
; N/A                                     ; 312.30 MHz ( period = 3.202 ns )                    ; lpm_counter0:inst11|lpm_counter:lpm_counter_component|cntr_r3i:auto_generated|safe_q[0] ; lpm_rom0:inst|altsyncram:altsyncram_component|altsyncram_os61:auto_generated|ram_block1a0~porta_address_reg6     ; clk        ; clk      ; None                        ; None                      ; 1.343 ns                ;
; N/A                                     ; 316.86 MHz ( period = 3.156 ns )                    ; lpm_counter1:inst25|lpm_counter:lpm_counter_component|cntr_g9j:auto_generated|safe_q[6] ; lpm_ram_dq0:inst2|altsyncram:altsyncram_component|altsyncram_dvb1:auto_generated|ram_block1a0~porta_address_reg6 ; clk        ; clk      ; None                        ; None                      ; 1.326 ns                ;
; N/A                                     ; 317.26 MHz ( period = 3.152 ns )                    ; lpm_rom0:inst|altsyncram:altsyncram_component|altsyncram_os61:auto_generated|q_a[5]     ; lpm_dff0:inst13|lpm_ff:lpm_ff_component|dffs[5]                                                                  ; clk        ; clk      ; None                        ; None                      ; 1.492 ns                ;
; N/A                                     ; 317.46 MHz ( period = 3.150 ns )                    ; lpm_counter0:inst11|lpm_counter:lpm_counter_component|cntr_r3i:auto_generated|safe_q[0] ; lpm_rom0:inst|altsyncram:altsyncram_component|altsyncram_os61:auto_generated|ram_block1a0~porta_address_reg7     ; clk        ; clk      ; None                        ; None                      ; 1.317 ns                ;
; N/A                                     ; 318.07 MHz ( period = 3.144 ns )                    ; lpm_counter0:inst11|lpm_counter:lpm_counter_component|cntr_r3i:auto_generated|safe_q[0] ; lpm_rom0:inst|altsyncram:altsyncram_component|altsyncram_os61:auto_generated|ram_block1a0~porta_address_reg3     ; clk        ; clk      ; None                        ; None                      ; 1.314 ns                ;
; N/A                                     ; 318.67 MHz ( period = 3.138 ns )                    ; lpm_rom0:inst|altsyncram:altsyncram_component|altsyncram_os61:auto_generated|q_a[5]     ; lpm_dff0:inst15|lpm_ff:lpm_ff_component|dffs[5]                                                                  ; clk        ; clk      ; None                        ; None                      ; 1.485 ns                ;
; N/A                                     ; 319.90 MHz ( period = 3.126 ns )                    ; lpm_ram_dq0:inst2|altsyncram:altsyncram_component|altsyncram_dvb1:auto_generated|q_a[9] ; lpm_dff0:inst14|lpm_ff:lpm_ff_component|dffs[9]                                                                  ; clk        ; clk      ; None                        ; None                      ; 1.484 ns                ;
; N/A                                     ; 320.31 MHz ( period = 3.122 ns )                    ; lpm_ram_dq0:inst2|altsyncram:altsyncram_component|altsyncram_dvb1:auto_generated|q_a[9] ; lpm_dff0:inst13|lpm_ff:lpm_ff_component|dffs[9]                                                                  ; clk        ; clk      ; None                        ; None                      ; 1.482 ns                ;
; N/A                                     ; 320.92 MHz ( period = 3.116 ns )                    ; lpm_rom0:inst|altsyncram:altsyncram_component|altsyncram_os61:auto_generated|q_a[6]     ; lpm_dff0:inst15|lpm_ff:lpm_ff_component|dffs[6]                                                                  ; clk        ; clk      ; None                        ; None                      ; 1.474 ns                ;
; N/A                                     ; 321.96 MHz ( period = 3.106 ns )                    ; lpm_dff0:inst13|lpm_ff:lpm_ff_component|dffs[6]                                         ; lpm_rom0:inst|altsyncram:altsyncram_component|altsyncram_os61:auto_generated|ram_block1a0~porta_address_reg6     ; clk        ; clk      ; None                        ; None                      ; 1.304 ns                ;
; N/A                                     ; 322.37 MHz ( period = 3.102 ns )                    ; lpm_rom0:inst|altsyncram:altsyncram_component|altsyncram_os61:auto_generated|q_a[3]     ; lpm_dff0:inst15|lpm_ff:lpm_ff_component|dffs[3]                                                                  ; clk        ; clk      ; None                        ; None                      ; 1.477 ns                ;
; N/A                                     ; 322.58 MHz ( period = 3.100 ns )                    ; lpm_rom0:inst|altsyncram:altsyncram_component|altsyncram_os61:auto_generated|q_a[1]     ; lpm_dff0:inst15|lpm_ff:lpm_ff_component|dffs[1]                                                                  ; clk        ; clk      ; None                        ; None                      ; 1.468 ns                ;
; N/A                                     ; 323.83 MHz ( period = 3.088 ns )                    ; lpm_dff0:inst13|lpm_ff:lpm_ff_component|dffs[5]                                         ; lpm_rom0:inst|altsyncram:altsyncram_component|altsyncram_os61:auto_generated|ram_block1a0~porta_address_reg5     ; clk        ; clk      ; None                        ; None                      ; 1.295 ns                ;
; N/A                                     ; 324.68 MHz ( period = 3.080 ns )                    ; lpm_dff0:inst13|lpm_ff:lpm_ff_component|dffs[1]                                         ; lpm_rom0:inst|altsyncram:altsyncram_component|altsyncram_os61:auto_generated|ram_block1a0~porta_address_reg1     ; clk        ; clk      ; None                        ; None                      ; 1.282 ns                ;
; N/A                                     ; 325.52 MHz ( period = 3.072 ns )                    ; lpm_ram_dq0:inst2|altsyncram:altsyncram_component|altsyncram_dvb1:auto_generated|q_a[3] ; lpm_dff0:inst14|lpm_ff:lpm_ff_component|dffs[3]                                                                  ; clk        ; clk      ; None                        ; None                      ; 1.448 ns                ;
; N/A                                     ; 326.37 MHz ( period = 3.064 ns )                    ; lpm_counter0:inst11|lpm_counter:lpm_counter_component|cntr_r3i:auto_generated|safe_q[0] ; lpm_ram_dq0:inst2|altsyncram:altsyncram_component|altsyncram_dvb1:auto_generated|ram_block1a0~porta_address_reg3 ; clk        ; clk      ; None                        ; None                      ; 1.278 ns                ;
; N/A                                     ; 327.23 MHz ( period = 3.056 ns )                    ; lpm_counter0:inst11|lpm_counter:lpm_counter_component|cntr_r3i:auto_generated|safe_q[1] ; lpm_rom0:inst|altsyncram:altsyncram_component|altsyncram_os61:auto_generated|ram_block1a0~porta_address_reg5     ; clk        ; clk      ; None                        ; None                      ; 1.270 ns                ;
; N/A                                     ; 328.08 MHz ( period = 3.048 ns )                    ; lpm_counter0:inst11|lpm_counter:lpm_counter_component|cntr_r3i:auto_generated|safe_q[1] ; lpm_rom0:inst|altsyncram:altsyncram_component|altsyncram_os61:auto_generated|ram_block1a0~porta_address_reg4     ; clk        ; clk      ; None                        ; None                      ; 1.266 ns                ;
; N/A                                     ; 329.16 MHz ( period = 3.038 ns )                    ; lpm_ram_dq0:inst2|altsyncram:altsyncram_component|altsyncram_dvb1:auto_generated|q_a[7] ; lpm_dff0:inst14|lpm_ff:lpm_ff_component|dffs[7]                                                                  ; clk        ; clk      ; None                        ; None                      ; 1.440 ns                ;
; N/A                                     ; 329.38 MHz ( period = 3.036 ns )                    ; lpm_ram_dq0:inst2|altsyncram:altsyncram_component|altsyncram_dvb1:auto_generated|q_a[7] ; lpm_dff0:inst13|lpm_ff:lpm_ff_component|dffs[7]                                                                  ; clk        ; clk      ; None                        ; None                      ; 1.439 ns                ;
; N/A                                     ; 330.03 MHz ( period = 3.030 ns )                    ; lpm_counter0:inst11|lpm_counter:lpm_counter_component|cntr_r3i:auto_generated|safe_q[1] ; lpm_rom0:inst|altsyncram:altsyncram_component|altsyncram_os61:auto_generated|ram_block1a0~porta_address_reg6     ; clk        ; clk      ; None                        ; None                      ; 1.257 ns                ;
; N/A                                     ; 330.91 MHz ( period = 3.022 ns )                    ; lpm_rom0:inst|altsyncram:altsyncram_component|altsyncram_os61:auto_generated|q_a[8]     ; lpm_dff0:inst15|lpm_ff:lpm_ff_component|dffs[8]                                                                  ; clk        ; clk      ; None                        ; None                      ; 1.427 ns                ;
; N/A                                     ; 331.56 MHz ( period = 3.016 ns )                    ; lpm_ram_dq0:inst2|altsyncram:altsyncram_component|altsyncram_dvb1:auto_generated|q_a[8] ; lpm_dff0:inst14|lpm_ff:lpm_ff_component|dffs[8]                                                                  ; clk        ; clk      ; None                        ; None                      ; 1.429 ns                ;
; N/A                                     ; 333.78 MHz ( period = 2.996 ns )                    ; lpm_dff0:inst13|lpm_ff:lpm_ff_component|dffs[2]                                         ; lpm_rom0:inst|altsyncram:altsyncram_component|altsyncram_os61:auto_generated|ram_block1a0~porta_address_reg2     ; clk        ; clk      ; None                        ; None                      ; 1.240 ns                ;
; N/A                                     ; 334.67 MHz ( period = 2.988 ns )                    ; lpm_ram_dq0:inst2|altsyncram:altsyncram_component|altsyncram_dvb1:auto_generated|q_a[0] ; lpm_dff0:inst13|lpm_ff:lpm_ff_component|dffs[0]                                                                  ; clk        ; clk      ; None                        ; None                      ; 1.415 ns                ;
; N/A                                     ; 335.35 MHz ( period = 2.982 ns )                    ; lpm_dff0:inst14|lpm_ff:lpm_ff_component|dffs[7]                                         ; lpm_rom0:inst|altsyncram:altsyncram_component|altsyncram_os61:auto_generated|ram_block1a0~porta_address_reg0     ; clk        ; clk      ; None                        ; None                      ; 1.233 ns                ;
; N/A                                     ; 335.80 MHz ( period = 2.978 ns )                    ; lpm_counter0:inst11|lpm_counter:lpm_counter_component|cntr_r3i:auto_generated|safe_q[1] ; lpm_rom0:inst|altsyncram:altsyncram_component|altsyncram_os61:auto_generated|ram_block1a0~porta_address_reg7     ; clk        ; clk      ; None                        ; None                      ; 1.231 ns                ;
; N/A                                     ; 336.93 MHz ( period = 2.968 ns )                    ; lpm_counter1:inst25|lpm_counter:lpm_counter_component|cntr_g9j:auto_generated|safe_q[4] ; lpm_ram_dq0:inst2|altsyncram:altsyncram_component|altsyncram_dvb1:auto_generated|ram_block1a0~porta_address_reg4 ; clk        ; clk      ; None                        ; None                      ; 1.232 ns                ;
; N/A                                     ; 338.52 MHz ( period = 2.954 ns )                    ; lpm_counter1:inst25|lpm_counter:lpm_counter_component|cntr_g9j:auto_generated|safe_q[1] ; lpm_ram_dq0:inst2|altsyncram:altsyncram_component|altsyncram_dvb1:auto_generated|ram_block1a0~porta_address_reg1 ; clk        ; clk      ; None                        ; None                      ; 1.225 ns                ;
; N/A                                     ; 342.23 MHz ( period = 2.922 ns )                    ; lpm_ram_dq0:inst2|altsyncram:altsyncram_component|altsyncram_dvb1:auto_generated|q_a[6] ; lpm_dff0:inst13|lpm_ff:lpm_ff_component|dffs[6]                                                                  ; clk        ; clk      ; None                        ; None                      ; 1.373 ns                ;
; N/A                                     ; 346.02 MHz ( period = 2.890 ns )                    ; lpm_counter1:inst25|lpm_counter:lpm_counter_component|cntr_g9j:auto_generated|safe_q[7] ; lpm_ram_dq0:inst2|altsyncram:altsyncram_component|altsyncram_dvb1:auto_generated|ram_block1a0~porta_address_reg7 ; clk        ; clk      ; None                        ; None                      ; 1.193 ns                ;
; N/A                                     ; 346.50 MHz ( period = 2.886 ns )                    ; lpm_dff0:inst13|lpm_ff:lpm_ff_component|dffs[4]                                         ; lpm_rom0:inst|altsyncram:altsyncram_component|altsyncram_os61:auto_generated|ram_block1a0~porta_address_reg4     ; clk        ; clk      ; None                        ; None                      ; 1.184 ns                ;
; N/A                                     ; 348.19 MHz ( period = 2.872 ns )                    ; lpm_counter1:inst25|lpm_counter:lpm_counter_component|cntr_g9j:auto_generated|safe_q[2] ; lpm_ram_dq0:inst2|altsyncram:altsyncram_component|altsyncram_dvb1:auto_generated|ram_block1a0~porta_address_reg2 ; clk        ; clk      ; None                        ; None                      ; 1.184 ns                ;
; N/A                                     ; 351.86 MHz ( period = 2.842 ns )                    ; lpm_ram_dq0:inst2|altsyncram:altsyncram_component|altsyncram_dvb1:auto_generated|q_a[1] ; lpm_dff0:inst13|lpm_ff:lpm_ff_component|dffs[1]                                                                  ; clk        ; clk      ; None                        ; None                      ; 1.342 ns                ;
; N/A                                     ; 365.76 MHz ( period = 2.734 ns )                    ; lpm_rom0:inst|altsyncram:altsyncram_component|altsyncram_os61:auto_generated|q_a[2]     ; lpm_dff0:inst15|lpm_ff:lpm_ff_component|dffs[2]                                                                  ; clk        ; clk      ; None                        ; None                      ; 1.285 ns                ;
; N/A                                     ; 372.58 MHz ( period = 2.684 ns )                    ; lpm_counter0:inst11|lpm_counter:lpm_counter_component|cntr_r3i:auto_generated|safe_q[0] ; lpm_ram_dq0:inst2|altsyncram:altsyncram_component|altsyncram_dvb1:auto_generated|ram_block1a0~porta_address_reg5 ; clk        ; clk      ; None                        ; None                      ; 1.088 ns                ;
; N/A                                     ; 373.97 MHz ( period = 2.674 ns )                    ; lpm_counter0:inst11|lpm_counter:lpm_counter_component|cntr_r3i:auto_generated|safe_q[0] ; lpm_ram_dq0:inst2|altsyncram:altsyncram_component|altsyncram_dvb1:auto_generated|ram_block1a0~porta_address_reg6 ; clk        ; clk      ; None                        ; None                      ; 1.083 ns                ;
; N/A                                     ; 375.09 MHz ( period = 2.666 ns )                    ; lpm_counter0:inst11|lpm_counter:lpm_counter_component|cntr_r3i:auto_generated|safe_q[0] ; lpm_ram_dq0:inst2|altsyncram:altsyncram_component|altsyncram_dvb1:auto_generated|ram_block1a0~porta_address_reg4 ; clk        ; clk      ; None                        ; None                      ; 1.079 ns                ;
; N/A                                     ; 375.94 MHz ( period = 2.660 ns )                    ; lpm_counter0:inst11|lpm_counter:lpm_counter_component|cntr_r3i:auto_generated|safe_q[0] ; lpm_ram_dq0:inst2|altsyncram:altsyncram_component|altsyncram_dvb1:auto_generated|ram_block1a0~porta_address_reg7 ; clk        ; clk      ; None                        ; None                      ; 1.076 ns                ;
; N/A                                     ; 381.39 MHz ( period = 2.622 ns )                    ; lpm_ram_dq0:inst2|altsyncram:altsyncram_component|altsyncram_dvb1:auto_generated|q_a[4] ; lpm_dff0:inst15|lpm_ff:lpm_ff_component|dffs[4]                                                                  ; clk        ; clk      ; None                        ; None                      ; 1.233 ns                ;
; N/A                                     ; 386.70 MHz ( period = 2.586 ns )                    ; lpm_dff0:inst14|lpm_ff:lpm_ff_component|dffs[8]                                         ; lpm_rom0:inst|altsyncram:altsyncram_component|altsyncram_os61:auto_generated|ram_block1a0~porta_address_reg1     ; clk        ; clk      ; None                        ; None                      ; 1.035 ns                ;
; N/A                                     ; 387.90 MHz ( period = 2.578 ns )                    ; lpm_dff0:inst13|lpm_ff:lpm_ff_component|dffs[6]                                         ; lpm_ram_dq0:inst2|altsyncram:altsyncram_component|altsyncram_dvb1:auto_generated|ram_block1a0~porta_address_reg6 ; clk        ; clk      ; None                        ; None                      ; 1.044 ns                ;
; N/A                                     ; 391.85 MHz ( period = 2.552 ns )                    ; lpm_ram_dq0:inst2|altsyncram:altsyncram_component|altsyncram_dvb1:auto_generated|q_a[2] ; lpm_dff0:inst13|lpm_ff:lpm_ff_component|dffs[2]                                                                  ; clk        ; clk      ; None                        ; None                      ; 1.197 ns                ;
; N/A                                     ; 393.08 MHz ( period = 2.544 ns )                    ; lpm_dff0:inst13|lpm_ff:lpm_ff_component|dffs[5]                                         ; lpm_ram_dq0:inst2|altsyncram:altsyncram_component|altsyncram_dvb1:auto_generated|ram_block1a0~porta_address_reg5 ; clk        ; clk      ; None                        ; None                      ; 1.027 ns                ;
; N/A                                     ; 395.26 MHz ( period = 2.530 ns )                    ; lpm_dff0:inst13|lpm_ff:lpm_ff_component|dffs[1]                                         ; lpm_ram_dq0:inst2|altsyncram:altsyncram_component|altsyncram_dvb1:auto_generated|ram_block1a0~porta_address_reg1 ; clk        ; clk      ; None                        ; None                      ; 1.011 ns                ;
; N/A                                     ; 398.09 MHz ( period = 2.512 ns )                    ; lpm_counter0:inst11|lpm_counter:lpm_counter_component|cntr_r3i:auto_generated|safe_q[1] ; lpm_ram_dq0:inst2|altsyncram:altsyncram_component|altsyncram_dvb1:auto_generated|ram_block1a0~porta_address_reg5 ; clk        ; clk      ; None                        ; None                      ; 1.002 ns                ;
; N/A                                     ; 398.41 MHz ( period = 2.510 ns )                    ; lpm_ram_dq0:inst2|altsyncram:altsyncram_component|altsyncram_dvb1:auto_generated|q_a[0] ; lpm_dff0:inst15|lpm_ff:lpm_ff_component|dffs[0]                                                                  ; clk        ; clk      ; None                        ; None                      ; 1.169 ns                ;
; N/A                                     ; 399.68 MHz ( period = 2.502 ns )                    ; lpm_counter0:inst11|lpm_counter:lpm_counter_component|cntr_r3i:auto_generated|safe_q[1] ; lpm_ram_dq0:inst2|altsyncram:altsyncram_component|altsyncram_dvb1:auto_generated|ram_block1a0~porta_address_reg6 ; clk        ; clk      ; None                        ; None                      ; 0.997 ns                ;
; N/A                                     ; 400.96 MHz ( period = 2.494 ns )                    ; lpm_counter0:inst11|lpm_counter:lpm_counter_component|cntr_r3i:auto_generated|safe_q[1] ; lpm_ram_dq0:inst2|altsyncram:altsyncram_component|altsyncram_dvb1:auto_generated|ram_block1a0~porta_address_reg4 ; clk        ; clk      ; None                        ; None                      ; 0.993 ns                ;
; N/A                                     ; 401.93 MHz ( period = 2.488 ns )                    ; lpm_counter0:inst11|lpm_counter:lpm_counter_component|cntr_r3i:auto_generated|safe_q[1] ; lpm_ram_dq0:inst2|altsyncram:altsyncram_component|altsyncram_dvb1:auto_generated|ram_block1a0~porta_address_reg7 ; clk        ; clk      ; None                        ; None                      ; 0.990 ns                ;
; N/A                                     ; 408.83 MHz ( period = 2.446 ns )                    ; lpm_dff0:inst13|lpm_ff:lpm_ff_component|dffs[2]                                         ; lpm_ram_dq0:inst2|altsyncram:altsyncram_component|altsyncram_dvb1:auto_generated|ram_block1a0~porta_address_reg2 ; clk        ; clk      ; None                        ; None                      ; 0.969 ns                ;
; N/A                                     ; 411.52 MHz ( period = 2.430 ns )                    ; lpm_rom0:inst|altsyncram:altsyncram_component|altsyncram_os61:auto_generated|q_a[9]     ; lpm_dff0:inst15|lpm_ff:lpm_ff_component|dffs[9]                                                                  ; clk        ; clk      ; None                        ; None                      ; 1.131 ns                ;
; N/A                                     ; 412.20 MHz ( period = 2.426 ns )                    ; lpm_ram_dq0:inst2|altsyncram:altsyncram_component|altsyncram_dvb1:auto_generated|q_a[3] ; lpm_dff0:inst15|lpm_ff:lpm_ff_component|dffs[3]                                                                  ; clk        ; clk      ; None                        ; None                      ; 1.135 ns                ;
; N/A                                     ; 412.54 MHz ( period = 2.424 ns )                    ; lpm_ram_dq0:inst2|altsyncram:altsyncram_component|altsyncram_dvb1:auto_generated|q_a[8] ; lpm_dff0:inst15|lpm_ff:lpm_ff_component|dffs[8]                                                                  ; clk        ; clk      ; None                        ; None                      ; 1.124 ns                ;
; N/A                                     ; 415.97 MHz ( period = 2.404 ns )                    ; lpm_rom0:inst|altsyncram:altsyncram_component|altsyncram_os61:auto_generated|q_a[4]     ; lpm_dff0:inst13|lpm_ff:lpm_ff_component|dffs[4]                                                                  ; clk        ; clk      ; None                        ; None                      ; 1.128 ns                ;
; N/A                                     ; 415.97 MHz ( period = 2.404 ns )                    ; lpm_rom0:inst|altsyncram:altsyncram_component|altsyncram_os61:auto_generated|q_a[7]     ; lpm_dff0:inst15|lpm_ff:lpm_ff_component|dffs[7]                                                                  ; clk        ; clk      ; None                        ; None                      ; 1.118 ns                ;
; N/A                                     ; 416.67 MHz ( period = 2.400 ns )                    ; lpm_dff0:inst14|lpm_ff:lpm_ff_component|dffs[7]                                         ; lpm_ram_dq0:inst2|altsyncram:altsyncram_component|altsyncram_dvb1:auto_generated|ram_block1a0~porta_address_reg0 ; clk        ; clk      ; None                        ; None                      ; 0.946 ns                ;
; N/A                                     ; 417.36 MHz ( period = 2.396 ns )                    ; lpm_rom0:inst|altsyncram:altsyncram_component|altsyncram_os61:auto_generated|q_a[6]     ; lpm_dff0:inst14|lpm_ff:lpm_ff_component|dffs[6]                                                                  ; clk        ; clk      ; None                        ; None                      ; 1.114 ns                ;
; N/A                                     ; 417.71 MHz ( period = 2.394 ns )                    ; lpm_rom0:inst|altsyncram:altsyncram_component|altsyncram_os61:auto_generated|q_a[5]     ; lpm_dff0:inst14|lpm_ff:lpm_ff_component|dffs[5]                                                                  ; clk        ; clk      ; None                        ; None                      ; 1.113 ns                ;
; N/A                                     ; 424.81 MHz ( period = 2.354 ns )                    ; lpm_ram_dq0:inst2|altsyncram:altsyncram_component|altsyncram_dvb1:auto_generated|q_a[5] ; lpm_dff0:inst13|lpm_ff:lpm_ff_component|dffs[5]                                                                  ; clk        ; clk      ; None                        ; None                      ; 1.089 ns                ;
; N/A                                     ; 425.89 MHz ( period = 2.348 ns )                    ; lpm_dff0:inst13|lpm_ff:lpm_ff_component|dffs[7]                                         ; lpm_rom0:inst|altsyncram:altsyncram_component|altsyncram_os61:auto_generated|ram_block1a0~porta_address_reg7     ; clk        ; clk      ; None                        ; None                      ; 0.916 ns                ;
; N/A                                     ; 426.26 MHz ( period = 2.346 ns )                    ; lpm_rom0:inst|altsyncram:altsyncram_component|altsyncram_os61:auto_generated|q_a[1]     ; lpm_dff0:inst14|lpm_ff:lpm_ff_component|dffs[1]                                                                  ; clk        ; clk      ; None                        ; None                      ; 1.091 ns                ;
; N/A                                     ; 426.62 MHz ( period = 2.344 ns )                    ; lpm_rom0:inst|altsyncram:altsyncram_component|altsyncram_os61:auto_generated|q_a[3]     ; lpm_dff0:inst13|lpm_ff:lpm_ff_component|dffs[3]                                                                  ; clk        ; clk      ; None                        ; None                      ; 1.098 ns                ;
; N/A                                     ; 426.62 MHz ( period = 2.344 ns )                    ; lpm_rom0:inst|altsyncram:altsyncram_component|altsyncram_os61:auto_generated|q_a[0]     ; lpm_dff0:inst14|lpm_ff:lpm_ff_component|dffs[0]                                                                  ; clk        ; clk      ; None                        ; None                      ; 1.090 ns                ;
; N/A                                     ; 427.35 MHz ( period = 2.340 ns )                    ; lpm_ram_dq0:inst2|altsyncram:altsyncram_component|altsyncram_dvb1:auto_generated|q_a[5] ; lpm_dff0:inst15|lpm_ff:lpm_ff_component|dffs[5]                                                                  ; clk        ; clk      ; None                        ; None                      ; 1.082 ns                ;
; N/A                                     ; 428.82 MHz ( period = 2.332 ns )                    ; lpm_dff0:inst13|lpm_ff:lpm_ff_component|dffs[4]                                         ; lpm_ram_dq0:inst2|altsyncram:altsyncram_component|altsyncram_dvb1:auto_generated|ram_block1a0~porta_address_reg4 ; clk        ; clk      ; None                        ; None                      ; 0.911 ns                ;
; N/A                                     ; 431.03 MHz ( period = 2.320 ns )                    ; lpm_counter0:inst11|lpm_counter:lpm_counter_component|cntr_r3i:auto_generated|safe_q[0] ; lpm_dff0:inst14|lpm_ff:lpm_ff_component|dffs[7]                                                                  ; clk        ; clk      ; None                        ; None                      ; 2.136 ns                ;
; N/A                                     ; 431.03 MHz ( period = 2.320 ns )                    ; lpm_counter0:inst11|lpm_counter:lpm_counter_component|cntr_r3i:auto_generated|safe_q[0] ; lpm_dff0:inst14|lpm_ff:lpm_ff_component|dffs[8]                                                                  ; clk        ; clk      ; None                        ; None                      ; 2.136 ns                ;
; N/A                                     ; 431.03 MHz ( period = 2.320 ns )                    ; lpm_counter0:inst11|lpm_counter:lpm_counter_component|cntr_r3i:auto_generated|safe_q[0] ; lpm_dff0:inst14|lpm_ff:lpm_ff_component|dffs[9]                                                                  ; clk        ; clk      ; None                        ; None                      ; 2.136 ns                ;
; N/A                                     ; 432.53 MHz ( period = 2.312 ns )                    ; lpm_ram_dq0:inst2|altsyncram:altsyncram_component|altsyncram_dvb1:auto_generated|q_a[1] ; lpm_dff0:inst15|lpm_ff:lpm_ff_component|dffs[1]                                                                  ; clk        ; clk      ; None                        ; None                      ; 1.070 ns                ;
; N/A                                     ; 434.03 MHz ( period = 2.304 ns )                    ; lpm_rom0:inst|altsyncram:altsyncram_component|altsyncram_os61:auto_generated|q_a[8]     ; lpm_dff0:inst13|lpm_ff:lpm_ff_component|dffs[8]                                                                  ; clk        ; clk      ; None                        ; None                      ; 1.068 ns                ;
; N/A                                     ; 434.03 MHz ( period = 2.304 ns )                    ; lpm_counter0:inst11|lpm_counter:lpm_counter_component|cntr_r3i:auto_generated|safe_q[1] ; lpm_dff0:inst15|lpm_ff:lpm_ff_component|dffs[2]                                                                  ; clk        ; clk      ; None                        ; None                      ; 2.113 ns                ;
; N/A                                     ; 434.03 MHz ( period = 2.304 ns )                    ; lpm_counter0:inst11|lpm_counter:lpm_counter_component|cntr_r3i:auto_generated|safe_q[1] ; lpm_dff0:inst15|lpm_ff:lpm_ff_component|dffs[1]                                                                  ; clk        ; clk      ; None                        ; None                      ; 2.113 ns                ;
; N/A                                     ; 434.03 MHz ( period = 2.304 ns )                    ; lpm_counter0:inst11|lpm_counter:lpm_counter_component|cntr_r3i:auto_generated|safe_q[1] ; lpm_dff0:inst15|lpm_ff:lpm_ff_component|dffs[0]                                                                  ; clk        ; clk      ; None                        ; None                      ; 2.113 ns                ;
; N/A                                     ; 434.78 MHz ( period = 2.300 ns )                    ; lpm_counter0:inst11|lpm_counter:lpm_counter_component|cntr_r3i:auto_generated|safe_q[1] ; lpm_dff0:inst15|lpm_ff:lpm_ff_component|dffs[9]                                                                  ; clk        ; clk      ; None                        ; None                      ; 2.107 ns                ;
; N/A                                     ; 434.78 MHz ( period = 2.300 ns )                    ; lpm_counter0:inst11|lpm_counter:lpm_counter_component|cntr_r3i:auto_generated|safe_q[1] ; lpm_dff0:inst15|lpm_ff:lpm_ff_component|dffs[8]                                                                  ; clk        ; clk      ; None                        ; None                      ; 2.107 ns                ;
; N/A                                     ; 434.78 MHz ( period = 2.300 ns )                    ; lpm_counter0:inst11|lpm_counter:lpm_counter_component|cntr_r3i:auto_generated|safe_q[1] ; lpm_dff0:inst15|lpm_ff:lpm_ff_component|dffs[7]                                                                  ; clk        ; clk      ; None                        ; None                      ; 2.107 ns                ;
; N/A                                     ; 434.78 MHz ( period = 2.300 ns )                    ; lpm_counter0:inst11|lpm_counter:lpm_counter_component|cntr_r3i:auto_generated|safe_q[1] ; lpm_dff0:inst15|lpm_ff:lpm_ff_component|dffs[6]                                                                  ; clk        ; clk      ; None                        ; None                      ; 2.107 ns                ;
; N/A                                     ; 434.78 MHz ( period = 2.300 ns )                    ; lpm_ram_dq0:inst2|altsyncram:altsyncram_component|altsyncram_dvb1:auto_generated|q_a[6] ; lpm_dff0:inst15|lpm_ff:lpm_ff_component|dffs[6]                                                                  ; clk        ; clk      ; None                        ; None                      ; 1.062 ns                ;
; N/A                                     ; 434.78 MHz ( period = 2.300 ns )                    ; lpm_counter0:inst11|lpm_counter:lpm_counter_component|cntr_r3i:auto_generated|safe_q[1] ; lpm_dff0:inst15|lpm_ff:lpm_ff_component|dffs[5]                                                                  ; clk        ; clk      ; None                        ; None                      ; 2.107 ns                ;
; N/A                                     ; 437.64 MHz ( period = 2.285 ns )                    ; lpm_counter0:inst11|lpm_counter:lpm_counter_component|cntr_r3i:auto_generated|safe_q[1] ; lpm_dff0:inst14|lpm_ff:lpm_ff_component|dffs[7]                                                                  ; clk        ; clk      ; None                        ; None                      ; 2.101 ns                ;
; N/A                                     ; 437.64 MHz ( period = 2.285 ns )                    ; lpm_counter0:inst11|lpm_counter:lpm_counter_component|cntr_r3i:auto_generated|safe_q[1] ; lpm_dff0:inst14|lpm_ff:lpm_ff_component|dffs[8]                                                                  ; clk        ; clk      ; None                        ; None                      ; 2.101 ns                ;
; N/A                                     ; 437.64 MHz ( period = 2.285 ns )                    ; lpm_counter0:inst11|lpm_counter:lpm_counter_component|cntr_r3i:auto_generated|safe_q[1] ; lpm_dff0:inst14|lpm_ff:lpm_ff_component|dffs[9]                                                                  ; clk        ; clk      ; None                        ; None                      ; 2.101 ns                ;
; N/A                                     ; 439.56 MHz ( period = 2.275 ns )                    ; lpm_counter0:inst11|lpm_counter:lpm_counter_component|cntr_r3i:auto_generated|safe_q[0] ; lpm_dff0:inst14|lpm_ff:lpm_ff_component|dffs[6]                                                                  ; clk        ; clk      ; None                        ; None                      ; 2.082 ns                ;
; N/A                                     ; 439.56 MHz ( period = 2.275 ns )                    ; lpm_counter0:inst11|lpm_counter:lpm_counter_component|cntr_r3i:auto_generated|safe_q[0] ; lpm_dff0:inst14|lpm_ff:lpm_ff_component|dffs[5]                                                                  ; clk        ; clk      ; None                        ; None                      ; 2.082 ns                ;
; N/A                                     ; 439.56 MHz ( period = 2.275 ns )                    ; lpm_counter0:inst11|lpm_counter:lpm_counter_component|cntr_r3i:auto_generated|safe_q[0] ; lpm_dff0:inst14|lpm_ff:lpm_ff_component|dffs[4]                                                                  ; clk        ; clk      ; None                        ; None                      ; 2.082 ns                ;
; N/A                                     ; 439.56 MHz ( period = 2.275 ns )                    ; lpm_counter0:inst11|lpm_counter:lpm_counter_component|cntr_r3i:auto_generated|safe_q[0] ; lpm_dff0:inst14|lpm_ff:lpm_ff_component|dffs[3]                                                                  ; clk        ; clk      ; None                        ; None                      ; 2.082 ns                ;
; N/A                                     ; 446.43 MHz ( period = 2.240 ns )                    ; lpm_counter0:inst11|lpm_counter:lpm_counter_component|cntr_r3i:auto_generated|safe_q[1] ; lpm_dff0:inst14|lpm_ff:lpm_ff_component|dffs[6]                                                                  ; clk        ; clk      ; None                        ; None                      ; 2.047 ns                ;
; N/A                                     ; 446.43 MHz ( period = 2.240 ns )                    ; lpm_counter0:inst11|lpm_counter:lpm_counter_component|cntr_r3i:auto_generated|safe_q[1] ; lpm_dff0:inst14|lpm_ff:lpm_ff_component|dffs[5]                                                                  ; clk        ; clk      ; None                        ; None                      ; 2.047 ns                ;
; N/A                                     ; 446.43 MHz ( period = 2.240 ns )                    ; lpm_counter0:inst11|lpm_counter:lpm_counter_component|cntr_r3i:auto_generated|safe_q[1] ; lpm_dff0:inst14|lpm_ff:lpm_ff_component|dffs[4]                                                                  ; clk        ; clk      ; None                        ; None                      ; 2.047 ns                ;
; N/A                                     ; 446.43 MHz ( period = 2.240 ns )                    ; lpm_counter0:inst11|lpm_counter:lpm_counter_component|cntr_r3i:auto_generated|safe_q[1] ; lpm_dff0:inst14|lpm_ff:lpm_ff_component|dffs[3]                                                                  ; clk        ; clk      ; None                        ; None                      ; 2.047 ns                ;
; N/A                                     ; 449.84 MHz ( period = 2.223 ns )                    ; lpm_counter0:inst11|lpm_counter:lpm_counter_component|cntr_r3i:auto_generated|safe_q[1] ; lpm_counter1:inst25|lpm_counter:lpm_counter_component|cntr_g9j:auto_generated|safe_q[7]                          ; clk        ; clk      ; None                        ; None                      ; 2.037 ns                ;
; N/A                                     ; 449.84 MHz ( period = 2.223 ns )                    ; lpm_counter0:inst11|lpm_counter:lpm_counter_component|cntr_r3i:auto_generated|safe_q[1] ; lpm_counter1:inst25|lpm_counter:lpm_counter_component|cntr_g9j:auto_generated|safe_q[6]                          ; clk        ; clk      ; None                        ; None                      ; 2.037 ns                ;
; N/A                                     ; 449.84 MHz ( period = 2.223 ns )                    ; lpm_counter0:inst11|lpm_counter:lpm_counter_component|cntr_r3i:auto_generated|safe_q[1] ; lpm_counter1:inst25|lpm_counter:lpm_counter_component|cntr_g9j:auto_generated|safe_q[5]                          ; clk        ; clk      ; None                        ; None                      ; 2.037 ns                ;
; N/A                                     ; 449.84 MHz ( period = 2.223 ns )                    ; lpm_counter0:inst11|lpm_counter:lpm_counter_component|cntr_r3i:auto_generated|safe_q[1] ; lpm_counter1:inst25|lpm_counter:lpm_counter_component|cntr_g9j:auto_generated|safe_q[4]                          ; clk        ; clk      ; None                        ; None                      ; 2.037 ns                ;
; N/A                                     ; 449.84 MHz ( period = 2.223 ns )                    ; lpm_counter0:inst11|lpm_counter:lpm_counter_component|cntr_r3i:auto_generated|safe_q[1] ; lpm_counter1:inst25|lpm_counter:lpm_counter_component|cntr_g9j:auto_generated|safe_q[3]                          ; clk        ; clk      ; None                        ; None                      ; 2.037 ns                ;
; N/A                                     ; 449.84 MHz ( period = 2.223 ns )                    ; lpm_counter0:inst11|lpm_counter:lpm_counter_component|cntr_r3i:auto_generated|safe_q[1] ; lpm_counter1:inst25|lpm_counter:lpm_counter_component|cntr_g9j:auto_generated|safe_q[0]                          ; clk        ; clk      ; None                        ; None                      ; 2.037 ns                ;
; N/A                                     ; 449.84 MHz ( period = 2.223 ns )                    ; lpm_counter0:inst11|lpm_counter:lpm_counter_component|cntr_r3i:auto_generated|safe_q[1] ; lpm_counter1:inst25|lpm_counter:lpm_counter_component|cntr_g9j:auto_generated|safe_q[1]                          ; clk        ; clk      ; None                        ; None                      ; 2.037 ns                ;
; N/A                                     ; 449.84 MHz ( period = 2.223 ns )                    ; lpm_counter0:inst11|lpm_counter:lpm_counter_component|cntr_r3i:auto_generated|safe_q[1] ; lpm_counter1:inst25|lpm_counter:lpm_counter_component|cntr_g9j:auto_generated|safe_q[2]                          ; clk        ; clk      ; None                        ; None                      ; 2.037 ns                ;
; N/A                                     ; 450.25 MHz ( period = 2.221 ns )                    ; lpm_counter0:inst11|lpm_counter:lpm_counter_component|cntr_r3i:auto_generated|safe_q[0] ; lpm_dff0:inst13|lpm_ff:lpm_ff_component|dffs[6]                                                                  ; clk        ; clk      ; None                        ; None                      ; 2.028 ns                ;
; N/A                                     ; 450.25 MHz ( period = 2.221 ns )                    ; lpm_counter0:inst11|lpm_counter:lpm_counter_component|cntr_r3i:auto_generated|safe_q[0] ; lpm_dff0:inst13|lpm_ff:lpm_ff_component|dffs[5]                                                                  ; clk        ; clk      ; None                        ; None                      ; 2.028 ns                ;
; N/A                                     ; 450.25 MHz ( period = 2.221 ns )                    ; lpm_counter0:inst11|lpm_counter:lpm_counter_component|cntr_r3i:auto_generated|safe_q[0] ; lpm_dff0:inst13|lpm_ff:lpm_ff_component|dffs[8]                                                                  ; clk        ; clk      ; None                        ; None                      ; 2.028 ns                ;
; N/A                                     ; 461.89 MHz ( period = 2.165 ns )                    ; lpm_counter0:inst11|lpm_counter:lpm_counter_component|cntr_r3i:auto_generated|safe_q[2] ; lpm_dff0:inst15|lpm_ff:lpm_ff_component|dffs[2]                                                                  ; clk        ; clk      ; None                        ; None                      ; 1.974 ns                ;
; N/A                                     ; 461.89 MHz ( period = 2.165 ns )                    ; lpm_counter0:inst11|lpm_counter:lpm_counter_component|cntr_r3i:auto_generated|safe_q[2] ; lpm_dff0:inst15|lpm_ff:lpm_ff_component|dffs[1]                                                                  ; clk        ; clk      ; None                        ; None                      ; 1.974 ns                ;
; N/A                                     ; 461.89 MHz ( period = 2.165 ns )                    ; lpm_counter0:inst11|lpm_counter:lpm_counter_component|cntr_r3i:auto_generated|safe_q[2] ; lpm_dff0:inst15|lpm_ff:lpm_ff_component|dffs[0]                                                                  ; clk        ; clk      ; None                        ; None                      ; 1.974 ns                ;
; N/A                                     ; 462.75 MHz ( period = 2.161 ns )                    ; lpm_counter0:inst11|lpm_counter:lpm_counter_component|cntr_r3i:auto_generated|safe_q[2] ; lpm_dff0:inst15|lpm_ff:lpm_ff_component|dffs[9]                                                                  ; clk        ; clk      ; None                        ; None                      ; 1.968 ns                ;
; N/A                                     ; 462.75 MHz ( period = 2.161 ns )                    ; lpm_counter0:inst11|lpm_counter:lpm_counter_component|cntr_r3i:auto_generated|safe_q[2] ; lpm_dff0:inst15|lpm_ff:lpm_ff_component|dffs[8]                                                                  ; clk        ; clk      ; None                        ; None                      ; 1.968 ns                ;
; N/A                                     ; 462.75 MHz ( period = 2.161 ns )                    ; lpm_counter0:inst11|lpm_counter:lpm_counter_component|cntr_r3i:auto_generated|safe_q[2] ; lpm_dff0:inst15|lpm_ff:lpm_ff_component|dffs[7]                                                                  ; clk        ; clk      ; None                        ; None                      ; 1.968 ns                ;
; N/A                                     ; 462.75 MHz ( period = 2.161 ns )                    ; lpm_counter0:inst11|lpm_counter:lpm_counter_component|cntr_r3i:auto_generated|safe_q[2] ; lpm_dff0:inst15|lpm_ff:lpm_ff_component|dffs[6]                                                                  ; clk        ; clk      ; None                        ; None                      ; 1.968 ns                ;
; N/A                                     ; 462.75 MHz ( period = 2.161 ns )                    ; lpm_counter0:inst11|lpm_counter:lpm_counter_component|cntr_r3i:auto_generated|safe_q[2] ; lpm_dff0:inst15|lpm_ff:lpm_ff_component|dffs[5]                                                                  ; clk        ; clk      ; None                        ; None                      ; 1.968 ns                ;
; N/A                                     ; 470.37 MHz ( period = 2.126 ns )                    ; lpm_counter0:inst11|lpm_counter:lpm_counter_component|cntr_r3i:auto_generated|safe_q[2] ; lpm_dff0:inst14|lpm_ff:lpm_ff_component|dffs[7]                                                                  ; clk        ; clk      ; None                        ; None                      ; 1.942 ns                ;
; N/A                                     ; 470.37 MHz ( period = 2.126 ns )                    ; lpm_counter0:inst11|lpm_counter:lpm_counter_component|cntr_r3i:auto_generated|safe_q[2] ; lpm_dff0:inst14|lpm_ff:lpm_ff_component|dffs[8]                                                                  ; clk        ; clk      ; None                        ; None                      ; 1.942 ns                ;
; N/A                                     ; 470.37 MHz ( period = 2.126 ns )                    ; lpm_counter0:inst11|lpm_counter:lpm_counter_component|cntr_r3i:auto_generated|safe_q[2] ; lpm_dff0:inst14|lpm_ff:lpm_ff_component|dffs[9]                                                                  ; clk        ; clk      ; None                        ; None                      ; 1.942 ns                ;
; N/A                                     ; 473.71 MHz ( period = 2.111 ns )                    ; lpm_counter0:inst11|lpm_counter:lpm_counter_component|cntr_r3i:auto_generated|safe_q[0] ; lpm_dff0:inst15|lpm_ff:lpm_ff_component|dffs[2]                                                                  ; clk        ; clk      ; None                        ; None                      ; 1.920 ns                ;
; N/A                                     ; 473.71 MHz ( period = 2.111 ns )                    ; lpm_counter0:inst11|lpm_counter:lpm_counter_component|cntr_r3i:auto_generated|safe_q[0] ; lpm_dff0:inst15|lpm_ff:lpm_ff_component|dffs[1]                                                                  ; clk        ; clk      ; None                        ; None                      ; 1.920 ns                ;
; N/A                                     ; 473.71 MHz ( period = 2.111 ns )                    ; lpm_counter0:inst11|lpm_counter:lpm_counter_component|cntr_r3i:auto_generated|safe_q[0] ; lpm_dff0:inst15|lpm_ff:lpm_ff_component|dffs[0]                                                                  ; clk        ; clk      ; None                        ; None                      ; 1.920 ns                ;
; N/A                                     ; 474.61 MHz ( period = 2.107 ns )                    ; lpm_counter0:inst11|lpm_counter:lpm_counter_component|cntr_r3i:auto_generated|safe_q[0] ; lpm_dff0:inst15|lpm_ff:lpm_ff_component|dffs[9]                                                                  ; clk        ; clk      ; None                        ; None                      ; 1.914 ns                ;
; N/A                                     ; 474.61 MHz ( period = 2.107 ns )                    ; lpm_counter0:inst11|lpm_counter:lpm_counter_component|cntr_r3i:auto_generated|safe_q[0] ; lpm_dff0:inst15|lpm_ff:lpm_ff_component|dffs[8]                                                                  ; clk        ; clk      ; None                        ; None                      ; 1.914 ns                ;
; N/A                                     ; 474.61 MHz ( period = 2.107 ns )                    ; lpm_counter0:inst11|lpm_counter:lpm_counter_component|cntr_r3i:auto_generated|safe_q[0] ; lpm_dff0:inst15|lpm_ff:lpm_ff_component|dffs[7]                                                                  ; clk        ; clk      ; None                        ; None                      ; 1.914 ns                ;
; N/A                                     ; 474.61 MHz ( period = 2.107 ns )                    ; lpm_counter0:inst11|lpm_counter:lpm_counter_component|cntr_r3i:auto_generated|safe_q[0] ; lpm_dff0:inst15|lpm_ff:lpm_ff_component|dffs[6]                                                                  ; clk        ; clk      ; None                        ; None                      ; 1.914 ns                ;
; N/A                                     ; 474.61 MHz ( period = 2.107 ns )                    ; lpm_counter0:inst11|lpm_counter:lpm_counter_component|cntr_r3i:auto_generated|safe_q[0] ; lpm_dff0:inst15|lpm_ff:lpm_ff_component|dffs[5]                                                                  ; clk        ; clk      ; None                        ; None                      ; 1.914 ns                ;
; Timing analysis restricted to 200 rows. ; To change the limit use Settings (Assignments menu) ;                                                                                         ;                                                                                                                  ;            ;          ;                             ;                           ;                         ;
+-----------------------------------------+-----------------------------------------------------+-----------------------------------------------------------------------------------------+------------------------------------------------------------------------------------------------------------------+------------+----------+-----------------------------+---------------------------+-------------------------+


+-------------------------------------------------------------------------------------------------------------------------------------------------------+
; tco                                                                                                                                                   ;
+-------+--------------+------------+-----------------------------------------------------------------------------------------+------------+------------+
; Slack ; Required tco ; Actual tco ; From                                                                                    ; To         ; From Clock ;
+-------+--------------+------------+-----------------------------------------------------------------------------------------+------------+------------+
; N/A   ; None         ; 8.709 ns   ; lpm_counter0:inst11|lpm_counter:lpm_counter_component|cntr_r3i:auto_generated|safe_q[1] ; data[8]    ; clk        ;
; N/A   ; None         ; 8.581 ns   ; lpm_counter0:inst11|lpm_counter:lpm_counter_component|cntr_r3i:auto_generated|safe_q[1] ; data[9]    ; clk        ;
; N/A   ; None         ; 8.570 ns   ; lpm_counter0:inst11|lpm_counter:lpm_counter_component|cntr_r3i:auto_generated|safe_q[2] ; data[8]    ; clk        ;
; N/A   ; None         ; 8.442 ns   ; lpm_counter0:inst11|lpm_counter:lpm_counter_component|cntr_r3i:auto_generated|safe_q[2] ; data[9]    ; clk        ;
; N/A   ; None         ; 8.410 ns   ; lpm_counter0:inst11|lpm_counter:lpm_counter_component|cntr_r3i:auto_generated|safe_q[0] ; data[8]    ; clk        ;
; N/A   ; None         ; 8.393 ns   ; lpm_counter0:inst11|lpm_counter:lpm_counter_component|cntr_r3i:auto_generated|safe_q[1] ; data[7]    ; clk        ;
; N/A   ; None         ; 8.282 ns   ; lpm_counter0:inst11|lpm_counter:lpm_counter_component|cntr_r3i:auto_generated|safe_q[0] ; data[9]    ; clk        ;
; N/A   ; None         ; 8.254 ns   ; lpm_counter0:inst11|lpm_counter:lpm_counter_component|cntr_r3i:auto_generated|safe_q[2] ; data[7]    ; clk        ;
; N/A   ; None         ; 8.204 ns   ; lpm_dff0:inst13|lpm_ff:lpm_ff_component|dffs[9]                                         ; data[8]    ; clk        ;
; N/A   ; None         ; 8.113 ns   ; lpm_counter0:inst11|lpm_counter:lpm_counter_component|cntr_r3i:auto_generated|safe_q[1] ; data[5]    ; clk        ;
; N/A   ; None         ; 8.094 ns   ; lpm_counter0:inst11|lpm_counter:lpm_counter_component|cntr_r3i:auto_generated|safe_q[0] ; data[7]    ; clk        ;
; N/A   ; None         ; 8.076 ns   ; lpm_dff0:inst13|lpm_ff:lpm_ff_component|dffs[9]                                         ; data[9]    ; clk        ;
; N/A   ; None         ; 8.072 ns   ; lpm_counter0:inst11|lpm_counter:lpm_counter_component|cntr_r3i:auto_generated|safe_q[1] ; data[6]    ; clk        ;
; N/A   ; None         ; 8.031 ns   ; lpm_counter0:inst11|lpm_counter:lpm_counter_component|cntr_r3i:auto_generated|safe_q[1] ; data[0]    ; clk        ;
; N/A   ; None         ; 7.996 ns   ; lpm_counter0:inst11|lpm_counter:lpm_counter_component|cntr_r3i:auto_generated|safe_q[2] ; data[0]    ; clk        ;
; N/A   ; None         ; 7.974 ns   ; lpm_counter0:inst11|lpm_counter:lpm_counter_component|cntr_r3i:auto_generated|safe_q[2] ; data[5]    ; clk        ;
; N/A   ; None         ; 7.958 ns   ; lpm_counter0:inst11|lpm_counter:lpm_counter_component|cntr_r3i:auto_generated|safe_q[2] ; data[4]    ; clk        ;
; N/A   ; None         ; 7.949 ns   ; lpm_counter0:inst11|lpm_counter:lpm_counter_component|cntr_r3i:auto_generated|safe_q[0] ; data[0]    ; clk        ;
; N/A   ; None         ; 7.933 ns   ; lpm_counter0:inst11|lpm_counter:lpm_counter_component|cntr_r3i:auto_generated|safe_q[2] ; data[6]    ; clk        ;
; N/A   ; None         ; 7.916 ns   ; lpm_counter0:inst11|lpm_counter:lpm_counter_component|cntr_r3i:auto_generated|safe_q[2] ; data[3]    ; clk        ;
; N/A   ; None         ; 7.911 ns   ; lpm_counter0:inst11|lpm_counter:lpm_counter_component|cntr_r3i:auto_generated|safe_q[0] ; data[4]    ; clk        ;
; N/A   ; None         ; 7.888 ns   ; lpm_dff0:inst13|lpm_ff:lpm_ff_component|dffs[9]                                         ; data[7]    ; clk        ;
; N/A   ; None         ; 7.879 ns   ; lpm_counter0:inst11|lpm_counter:lpm_counter_component|cntr_r3i:auto_generated|safe_q[2] ; address[7] ; clk        ;
; N/A   ; None         ; 7.869 ns   ; lpm_counter0:inst11|lpm_counter:lpm_counter_component|cntr_r3i:auto_generated|safe_q[0] ; data[3]    ; clk        ;
; N/A   ; None         ; 7.856 ns   ; lpm_counter0:inst11|lpm_counter:lpm_counter_component|cntr_r3i:auto_generated|safe_q[1] ; data[1]    ; clk        ;
; N/A   ; None         ; 7.853 ns   ; lpm_dff0:inst13|lpm_ff:lpm_ff_component|dffs[9]                                         ; address[7] ; clk        ;
; N/A   ; None         ; 7.815 ns   ; lpm_counter0:inst11|lpm_counter:lpm_counter_component|cntr_r3i:auto_generated|safe_q[1] ; data[2]    ; clk        ;
; N/A   ; None         ; 7.814 ns   ; lpm_counter0:inst11|lpm_counter:lpm_counter_component|cntr_r3i:auto_generated|safe_q[0] ; data[5]    ; clk        ;
; N/A   ; None         ; 7.773 ns   ; lpm_counter0:inst11|lpm_counter:lpm_counter_component|cntr_r3i:auto_generated|safe_q[0] ; data[6]    ; clk        ;
; N/A   ; None         ; 7.717 ns   ; lpm_counter0:inst11|lpm_counter:lpm_counter_component|cntr_r3i:auto_generated|safe_q[2] ; data[1]    ; clk        ;
; N/A   ; None         ; 7.685 ns   ; lpm_counter1:inst25|lpm_counter:lpm_counter_component|cntr_g9j:auto_generated|safe_q[7] ; address[7] ; clk        ;
; N/A   ; None         ; 7.676 ns   ; lpm_counter0:inst11|lpm_counter:lpm_counter_component|cntr_r3i:auto_generated|safe_q[2] ; data[2]    ; clk        ;
; N/A   ; None         ; 7.639 ns   ; lpm_counter0:inst11|lpm_counter:lpm_counter_component|cntr_r3i:auto_generated|safe_q[1] ; data[4]    ; clk        ;
; N/A   ; None         ; 7.622 ns   ; lpm_counter0:inst11|lpm_counter:lpm_counter_component|cntr_r3i:auto_generated|safe_q[0] ; data[2]    ; clk        ;
; N/A   ; None         ; 7.608 ns   ; lpm_dff0:inst13|lpm_ff:lpm_ff_component|dffs[9]                                         ; data[5]    ; clk        ;
; N/A   ; None         ; 7.588 ns   ; lpm_counter0:inst11|lpm_counter:lpm_counter_component|cntr_r3i:auto_generated|safe_q[0] ; data[1]    ; clk        ;
; N/A   ; None         ; 7.572 ns   ; lpm_counter0:inst11|lpm_counter:lpm_counter_component|cntr_r3i:auto_generated|safe_q[1] ; data[3]    ; clk        ;
; N/A   ; None         ; 7.570 ns   ; lpm_counter0:inst11|lpm_counter:lpm_counter_component|cntr_r3i:auto_generated|safe_q[0] ; address[7] ; clk        ;
; N/A   ; None         ; 7.567 ns   ; lpm_dff0:inst13|lpm_ff:lpm_ff_component|dffs[9]                                         ; data[6]    ; clk        ;
; N/A   ; None         ; 7.525 ns   ; lpm_dff0:inst13|lpm_ff:lpm_ff_component|dffs[9]                                         ; data[0]    ; clk        ;
; N/A   ; None         ; 7.484 ns   ; lpm_counter0:inst11|lpm_counter:lpm_counter_component|cntr_r3i:auto_generated|safe_q[1] ; address[7] ; clk        ;
; N/A   ; None         ; 7.463 ns   ; lpm_rom0:inst|altsyncram:altsyncram_component|altsyncram_os61:auto_generated|q_a[0]     ; data[0]    ; clk        ;
; N/A   ; None         ; 7.389 ns   ; lpm_counter0:inst11|lpm_counter:lpm_counter_component|cntr_r3i:auto_generated|safe_q[1] ; address[1] ; clk        ;
; N/A   ; None         ; 7.351 ns   ; lpm_dff0:inst13|lpm_ff:lpm_ff_component|dffs[9]                                         ; data[1]    ; clk        ;
; N/A   ; None         ; 7.309 ns   ; lpm_dff0:inst13|lpm_ff:lpm_ff_component|dffs[9]                                         ; data[2]    ; clk        ;
; N/A   ; None         ; 7.273 ns   ; lpm_counter0:inst11|lpm_counter:lpm_counter_component|cntr_r3i:auto_generated|safe_q[1] ; address[2] ; clk        ;
; N/A   ; None         ; 7.257 ns   ; lpm_rom0:inst|altsyncram:altsyncram_component|altsyncram_os61:auto_generated|q_a[8]     ; data[8]    ; clk        ;
; N/A   ; None         ; 7.250 ns   ; lpm_counter0:inst11|lpm_counter:lpm_counter_component|cntr_r3i:auto_generated|safe_q[2] ; address[1] ; clk        ;
; N/A   ; None         ; 7.217 ns   ; lpm_rom0:inst|altsyncram:altsyncram_component|altsyncram_os61:auto_generated|q_a[9]     ; data[9]    ; clk        ;
; N/A   ; None         ; 7.186 ns   ; lpm_counter0:inst11|lpm_counter:lpm_counter_component|cntr_r3i:auto_generated|safe_q[2] ; address[6] ; clk        ;
; N/A   ; None         ; 7.169 ns   ; lpm_dff0:inst13|lpm_ff:lpm_ff_component|dffs[7]                                         ; address[7] ; clk        ;
; N/A   ; None         ; 7.166 ns   ; lpm_dff0:inst13|lpm_ff:lpm_ff_component|dffs[9]                                         ; address[6] ; clk        ;
; N/A   ; None         ; 7.166 ns   ; lpm_rom0:inst|altsyncram:altsyncram_component|altsyncram_os61:auto_generated|q_a[1]     ; data[1]    ; clk        ;
; N/A   ; None         ; 7.156 ns   ; lpm_counter0:inst11|lpm_counter:lpm_counter_component|cntr_r3i:auto_generated|safe_q[0] ; address[1] ; clk        ;
; N/A   ; None         ; 7.134 ns   ; lpm_counter0:inst11|lpm_counter:lpm_counter_component|cntr_r3i:auto_generated|safe_q[2] ; address[2] ; clk        ;
; N/A   ; None         ; 7.134 ns   ; lpm_dff0:inst13|lpm_ff:lpm_ff_component|dffs[9]                                         ; data[4]    ; clk        ;
; N/A   ; None         ; 7.130 ns   ; lpm_counter0:inst11|lpm_counter:lpm_counter_component|cntr_r3i:auto_generated|safe_q[1] ; address[0] ; clk        ;
; N/A   ; None         ; 7.123 ns   ; lpm_counter1:inst25|lpm_counter:lpm_counter_component|cntr_g9j:auto_generated|safe_q[6] ; address[6] ; clk        ;
; N/A   ; None         ; 7.094 ns   ; lpm_rom0:inst|altsyncram:altsyncram_component|altsyncram_os61:auto_generated|q_a[4]     ; data[4]    ; clk        ;
; N/A   ; None         ; 7.080 ns   ; lpm_counter0:inst11|lpm_counter:lpm_counter_component|cntr_r3i:auto_generated|safe_q[0] ; address[2] ; clk        ;
; N/A   ; None         ; 7.073 ns   ; lpm_ram_dq0:inst2|altsyncram:altsyncram_component|altsyncram_dvb1:auto_generated|q_a[0] ; data[0]    ; clk        ;
; N/A   ; None         ; 7.035 ns   ; lpm_ram_dq0:inst2|altsyncram:altsyncram_component|altsyncram_dvb1:auto_generated|q_a[8] ; data[8]    ; clk        ;
; N/A   ; None         ; 7.000 ns   ; lpm_dff0:inst13|lpm_ff:lpm_ff_component|dffs[3]                                         ; address[3] ; clk        ;
; N/A   ; None         ; 6.997 ns   ; lpm_rom0:inst|altsyncram:altsyncram_component|altsyncram_os61:auto_generated|q_a[7]     ; data[7]    ; clk        ;
; N/A   ; None         ; 6.991 ns   ; lpm_counter0:inst11|lpm_counter:lpm_counter_component|cntr_r3i:auto_generated|safe_q[2] ; address[0] ; clk        ;
; N/A   ; None         ; 6.986 ns   ; lpm_ram_dq0:inst2|altsyncram:altsyncram_component|altsyncram_dvb1:auto_generated|q_a[9] ; data[9]    ; clk        ;
; N/A   ; None         ; 6.979 ns   ; lpm_dff0:inst13|lpm_ff:lpm_ff_component|dffs[7]                                         ; first[7]   ; clk        ;
; N/A   ; None         ; 6.977 ns   ; lpm_dff0:inst13|lpm_ff:lpm_ff_component|dffs[9]                                         ; address[3] ; clk        ;
; N/A   ; None         ; 6.929 ns   ; lpm_counter0:inst11|lpm_counter:lpm_counter_component|cntr_r3i:auto_generated|safe_q[2] ; address[4] ; clk        ;
; N/A   ; None         ; 6.912 ns   ; lpm_counter0:inst11|lpm_counter:lpm_counter_component|cntr_r3i:auto_generated|safe_q[2] ; address[3] ; clk        ;
; N/A   ; None         ; 6.903 ns   ; lpm_dff0:inst13|lpm_ff:lpm_ff_component|dffs[9]                                         ; address[4] ; clk        ;
; N/A   ; None         ; 6.897 ns   ; lpm_counter0:inst11|lpm_counter:lpm_counter_component|cntr_r3i:auto_generated|safe_q[0] ; address[0] ; clk        ;
; N/A   ; None         ; 6.884 ns   ; lpm_dff0:inst13|lpm_ff:lpm_ff_component|dffs[9]                                         ; address[1] ; clk        ;
; N/A   ; None         ; 6.882 ns   ; lpm_counter0:inst11|lpm_counter:lpm_counter_component|cntr_r3i:auto_generated|safe_q[0] ; address[6] ; clk        ;
; N/A   ; None         ; 6.866 ns   ; lpm_counter1:inst25|lpm_counter:lpm_counter_component|cntr_g9j:auto_generated|safe_q[3] ; address[3] ; clk        ;
; N/A   ; None         ; 6.845 ns   ; lpm_dff0:inst15|lpm_ff:lpm_ff_component|dffs[9]                                         ; data[9]    ; clk        ;
; N/A   ; None         ; 6.843 ns   ; lpm_dff0:inst13|lpm_ff:lpm_ff_component|dffs[9]                                         ; data[3]    ; clk        ;
; N/A   ; None         ; 6.840 ns   ; lpm_counter0:inst11|lpm_counter:lpm_counter_component|cntr_r3i:auto_generated|safe_q[2] ; address[5] ; clk        ;
; N/A   ; None         ; 6.834 ns   ; lpm_dff0:inst13|lpm_ff:lpm_ff_component|dffs[6]                                         ; address[6] ; clk        ;
; N/A   ; None         ; 6.831 ns   ; lpm_rom0:inst|altsyncram:altsyncram_component|altsyncram_os61:auto_generated|q_a[2]     ; data[2]    ; clk        ;
; N/A   ; None         ; 6.820 ns   ; lpm_dff0:inst13|lpm_ff:lpm_ff_component|dffs[9]                                         ; address[5] ; clk        ;
; N/A   ; None         ; 6.804 ns   ; lpm_counter1:inst25|lpm_counter:lpm_counter_component|cntr_g9j:auto_generated|safe_q[5] ; address[5] ; clk        ;
; N/A   ; None         ; 6.796 ns   ; lpm_counter0:inst11|lpm_counter:lpm_counter_component|cntr_r3i:auto_generated|safe_q[1] ; address[6] ; clk        ;
; N/A   ; None         ; 6.779 ns   ; lpm_dff0:inst14|lpm_ff:lpm_ff_component|dffs[9]                                         ; address[2] ; clk        ;
; N/A   ; None         ; 6.771 ns   ; lpm_counter1:inst25|lpm_counter:lpm_counter_component|cntr_g9j:auto_generated|safe_q[4] ; address[4] ; clk        ;
; N/A   ; None         ; 6.767 ns   ; lpm_dff0:inst13|lpm_ff:lpm_ff_component|dffs[9]                                         ; address[2] ; clk        ;
; N/A   ; None         ; 6.741 ns   ; lpm_counter1:inst25|lpm_counter:lpm_counter_component|cntr_g9j:auto_generated|safe_q[1] ; address[1] ; clk        ;
; N/A   ; None         ; 6.718 ns   ; lpm_ram_dq0:inst2|altsyncram:altsyncram_component|altsyncram_dvb1:auto_generated|q_a[4] ; data[4]    ; clk        ;
; N/A   ; None         ; 6.667 ns   ; lpm_rom0:inst|altsyncram:altsyncram_component|altsyncram_os61:auto_generated|q_a[6]     ; data[6]    ; clk        ;
; N/A   ; None         ; 6.642 ns   ; lpm_rom0:inst|altsyncram:altsyncram_component|altsyncram_os61:auto_generated|q_a[3]     ; data[3]    ; clk        ;
; N/A   ; None         ; 6.625 ns   ; lpm_dff0:inst13|lpm_ff:lpm_ff_component|dffs[9]                                         ; address[0] ; clk        ;
; N/A   ; None         ; 6.620 ns   ; lpm_counter0:inst11|lpm_counter:lpm_counter_component|cntr_r3i:auto_generated|safe_q[0] ; address[4] ; clk        ;
; N/A   ; None         ; 6.607 ns   ; lpm_counter0:inst11|lpm_counter:lpm_counter_component|cntr_r3i:auto_generated|safe_q[1] ; address[3] ; clk        ;
; N/A   ; None         ; 6.594 ns   ; lpm_dff0:inst15|lpm_ff:lpm_ff_component|dffs[0]                                         ; data[0]    ; clk        ;
; N/A   ; None         ; 6.587 ns   ; lpm_counter1:inst25|lpm_counter:lpm_counter_component|cntr_g9j:auto_generated|safe_q[2] ; address[2] ; clk        ;
; N/A   ; None         ; 6.583 ns   ; lpm_rom0:inst|altsyncram:altsyncram_component|altsyncram_os61:auto_generated|q_a[5]     ; data[5]    ; clk        ;
; N/A   ; None         ; 6.569 ns   ; lpm_ram_dq0:inst2|altsyncram:altsyncram_component|altsyncram_dvb1:auto_generated|q_a[2] ; data[2]    ; clk        ;
; N/A   ; None         ; 6.536 ns   ; lpm_counter0:inst11|lpm_counter:lpm_counter_component|cntr_r3i:auto_generated|safe_q[0] ; address[5] ; clk        ;
; N/A   ; None         ; 6.534 ns   ; lpm_counter0:inst11|lpm_counter:lpm_counter_component|cntr_r3i:auto_generated|safe_q[1] ; address[4] ; clk        ;
; N/A   ; None         ; 6.529 ns   ; lpm_dff0:inst13|lpm_ff:lpm_ff_component|dffs[1]                                         ; address[1] ; clk        ;
; N/A   ; None         ; 6.528 ns   ; lpm_ram_dq0:inst2|altsyncram:altsyncram_component|altsyncram_dvb1:auto_generated|q_a[1] ; data[1]    ; clk        ;
; N/A   ; None         ; 6.503 ns   ; lpm_dff0:inst15|lpm_ff:lpm_ff_component|dffs[8]                                         ; third[8]   ; clk        ;
; N/A   ; None         ; 6.472 ns   ; lpm_dff0:inst15|lpm_ff:lpm_ff_component|dffs[7]                                         ; data[7]    ; clk        ;
; N/A   ; None         ; 6.466 ns   ; lpm_dff0:inst13|lpm_ff:lpm_ff_component|dffs[5]                                         ; address[5] ; clk        ;
; N/A   ; None         ; 6.465 ns   ; lpm_dff0:inst13|lpm_ff:lpm_ff_component|dffs[8]                                         ; first[8]   ; clk        ;
; N/A   ; None         ; 6.461 ns   ; lpm_counter1:inst25|lpm_counter:lpm_counter_component|cntr_g9j:auto_generated|safe_q[0] ; address[0] ; clk        ;
; N/A   ; None         ; 6.460 ns   ; lpm_dff0:inst13|lpm_ff:lpm_ff_component|dffs[0]                                         ; address[0] ; clk        ;
; N/A   ; None         ; 6.453 ns   ; lpm_dff0:inst13|lpm_ff:lpm_ff_component|dffs[4]                                         ; address[4] ; clk        ;
; N/A   ; None         ; 6.450 ns   ; lpm_counter0:inst11|lpm_counter:lpm_counter_component|cntr_r3i:auto_generated|safe_q[1] ; address[5] ; clk        ;
; N/A   ; None         ; 6.440 ns   ; lpm_ram_dq0:inst2|altsyncram:altsyncram_component|altsyncram_dvb1:auto_generated|q_a[5] ; data[5]    ; clk        ;
; N/A   ; None         ; 6.407 ns   ; lpm_dff0:inst15|lpm_ff:lpm_ff_component|dffs[8]                                         ; data[8]    ; clk        ;
; N/A   ; None         ; 6.374 ns   ; lpm_dff0:inst13|lpm_ff:lpm_ff_component|dffs[2]                                         ; address[2] ; clk        ;
; N/A   ; None         ; 6.367 ns   ; lpm_ram_dq0:inst2|altsyncram:altsyncram_component|altsyncram_dvb1:auto_generated|q_a[7] ; data[7]    ; clk        ;
; N/A   ; None         ; 6.342 ns   ; lpm_dff0:inst15|lpm_ff:lpm_ff_component|dffs[2]                                         ; third[2]   ; clk        ;
; N/A   ; None         ; 6.330 ns   ; lpm_dff0:inst15|lpm_ff:lpm_ff_component|dffs[1]                                         ; data[1]    ; clk        ;
; N/A   ; None         ; 6.297 ns   ; lpm_counter0:inst11|lpm_counter:lpm_counter_component|cntr_r3i:auto_generated|safe_q[0] ; address[3] ; clk        ;
; N/A   ; None         ; 6.282 ns   ; lpm_dff0:inst14|lpm_ff:lpm_ff_component|dffs[8]                                         ; address[1] ; clk        ;
; N/A   ; None         ; 6.261 ns   ; lpm_dff0:inst15|lpm_ff:lpm_ff_component|dffs[2]                                         ; data[2]    ; clk        ;
; N/A   ; None         ; 6.257 ns   ; lpm_dff0:inst15|lpm_ff:lpm_ff_component|dffs[6]                                         ; third[6]   ; clk        ;
; N/A   ; None         ; 6.252 ns   ; lpm_dff0:inst14|lpm_ff:lpm_ff_component|dffs[8]                                         ; second[8]  ; clk        ;
; N/A   ; None         ; 6.240 ns   ; lpm_dff0:inst14|lpm_ff:lpm_ff_component|dffs[1]                                         ; second[1]  ; clk        ;
; N/A   ; None         ; 6.240 ns   ; lpm_dff0:inst14|lpm_ff:lpm_ff_component|dffs[4]                                         ; second[4]  ; clk        ;
; N/A   ; None         ; 6.194 ns   ; lpm_dff0:inst15|lpm_ff:lpm_ff_component|dffs[4]                                         ; data[4]    ; clk        ;
; N/A   ; None         ; 6.188 ns   ; lpm_dff0:inst14|lpm_ff:lpm_ff_component|dffs[9]                                         ; second[9]  ; clk        ;
; N/A   ; None         ; 6.166 ns   ; lpm_dff0:inst13|lpm_ff:lpm_ff_component|dffs[1]                                         ; first[1]   ; clk        ;
; N/A   ; None         ; 6.157 ns   ; lpm_ram_dq0:inst2|altsyncram:altsyncram_component|altsyncram_dvb1:auto_generated|q_a[3] ; data[3]    ; clk        ;
; N/A   ; None         ; 6.100 ns   ; lpm_dff0:inst14|lpm_ff:lpm_ff_component|dffs[3]                                         ; second[3]  ; clk        ;
; N/A   ; None         ; 6.023 ns   ; lpm_dff0:inst14|lpm_ff:lpm_ff_component|dffs[7]                                         ; address[0] ; clk        ;
; N/A   ; None         ; 5.997 ns   ; lpm_dff0:inst14|lpm_ff:lpm_ff_component|dffs[6]                                         ; second[6]  ; clk        ;
; N/A   ; None         ; 5.985 ns   ; lpm_dff0:inst14|lpm_ff:lpm_ff_component|dffs[0]                                         ; second[0]  ; clk        ;
; N/A   ; None         ; 5.981 ns   ; lpm_ram_dq0:inst2|altsyncram:altsyncram_component|altsyncram_dvb1:auto_generated|q_a[6] ; data[6]    ; clk        ;
; N/A   ; None         ; 5.959 ns   ; lpm_dff0:inst14|lpm_ff:lpm_ff_component|dffs[5]                                         ; second[5]  ; clk        ;
; N/A   ; None         ; 5.926 ns   ; lpm_dff0:inst13|lpm_ff:lpm_ff_component|dffs[6]                                         ; first[6]   ; clk        ;
; N/A   ; None         ; 5.913 ns   ; lpm_dff0:inst13|lpm_ff:lpm_ff_component|dffs[3]                                         ; first[3]   ; clk        ;
; N/A   ; None         ; 5.901 ns   ; lpm_dff0:inst15|lpm_ff:lpm_ff_component|dffs[3]                                         ; data[3]    ; clk        ;
; N/A   ; None         ; 5.887 ns   ; lpm_dff0:inst13|lpm_ff:lpm_ff_component|dffs[5]                                         ; first[5]   ; clk        ;
; N/A   ; None         ; 5.828 ns   ; lpm_dff0:inst15|lpm_ff:lpm_ff_component|dffs[0]                                         ; third[0]   ; clk        ;
; N/A   ; None         ; 5.821 ns   ; lpm_dff0:inst15|lpm_ff:lpm_ff_component|dffs[5]                                         ; data[5]    ; clk        ;
; N/A   ; None         ; 5.771 ns   ; lpm_dff0:inst15|lpm_ff:lpm_ff_component|dffs[6]                                         ; data[6]    ; clk        ;
; N/A   ; None         ; 5.700 ns   ; lpm_dff0:inst15|lpm_ff:lpm_ff_component|dffs[9]                                         ; third[9]   ; clk        ;
; N/A   ; None         ; 5.662 ns   ; lpm_dff0:inst15|lpm_ff:lpm_ff_component|dffs[1]                                         ; third[1]   ; clk        ;
; N/A   ; None         ; 5.655 ns   ; lpm_dff0:inst14|lpm_ff:lpm_ff_component|dffs[2]                                         ; second[2]  ; clk        ;
; N/A   ; None         ; 5.653 ns   ; lpm_dff0:inst15|lpm_ff:lpm_ff_component|dffs[4]                                         ; third[4]   ; clk        ;
; N/A   ; None         ; 5.651 ns   ; lpm_dff0:inst13|lpm_ff:lpm_ff_component|dffs[9]                                         ; first[9]   ; clk        ;
; N/A   ; None         ; 5.649 ns   ; lpm_dff0:inst13|lpm_ff:lpm_ff_component|dffs[4]                                         ; first[4]   ; clk        ;
; N/A   ; None         ; 5.634 ns   ; lpm_dff0:inst15|lpm_ff:lpm_ff_component|dffs[5]                                         ; third[5]   ; clk        ;
; N/A   ; None         ; 5.630 ns   ; lpm_dff0:inst15|lpm_ff:lpm_ff_component|dffs[7]                                         ; third[7]   ; clk        ;
; N/A   ; None         ; 5.616 ns   ; lpm_dff0:inst14|lpm_ff:lpm_ff_component|dffs[7]                                         ; second[7]  ; clk        ;
; N/A   ; None         ; 5.584 ns   ; lpm_dff0:inst15|lpm_ff:lpm_ff_component|dffs[3]                                         ; third[3]   ; clk        ;
; N/A   ; None         ; 5.445 ns   ; lpm_dff0:inst13|lpm_ff:lpm_ff_component|dffs[0]                                         ; first[0]   ; clk        ;
; N/A   ; None         ; 5.350 ns   ; lpm_dff0:inst13|lpm_ff:lpm_ff_component|dffs[2]                                         ; first[2]   ; clk        ;
+-------+--------------+------------+-----------------------------------------------------------------------------------------+------------+------------+


+--------------------------+
; Timing Analyzer Messages ;
+--------------------------+
Info: *******************************************************************
Info: Running Quartus II Classic Timing Analyzer
    Info: Version 9.1 Build 222 10/21/2009 SJ Web Edition
    Info: Processing started: Tue Nov 24 17:43:59 2020
Info: Command: quartus_tan --read_settings_files=off --write_settings_files=off Lab4 -c Lab4 --timing_analysis_only
Warning: Found pins functioning as undefined clocks and/or memory enables
    Info: Assuming node "clk" is an undefined clock
Info: Clock "clk" has Internal fmax of 192.46 MHz between source register "lpm_counter0:inst11|lpm_counter:lpm_counter_component|cntr_r3i:auto_generated|safe_q[1]" and destination memory "lpm_rom0:inst|altsyncram:altsyncram_component|altsyncram_os61:auto_generated|ram_block1a0~porta_address_reg0" (period= 5.196 ns)
    Info: + Longest register to memory delay is 2.340 ns
        Info: 1: + IC(0.000 ns) + CELL(0.000 ns) = 0.000 ns; Loc. = LCFF_X33_Y17_N3; Fanout = 27; REG Node = 'lpm_counter0:inst11|lpm_counter:lpm_counter_component|cntr_r3i:auto_generated|safe_q[1]'
        Info: 2: + IC(0.444 ns) + CELL(0.346 ns) = 0.790 ns; Loc. = LCCOMB_X33_Y17_N8; Fanout = 13; COMB Node = 'inst39~0'
        Info: 3: + IC(0.284 ns) + CELL(0.366 ns) = 1.440 ns; Loc. = LCCOMB_X33_Y17_N30; Fanout = 3; COMB Node = 'lpm_mux1:inst56|lpm_mux:lpm_mux_component|mux_unc:auto_generated|l1_w0_n0_mux_dataout~0'
        Info: 4: + IC(0.797 ns) + CELL(0.103 ns) = 2.340 ns; Loc. = M4K_X32_Y18; Fanout = 10; MEM Node = 'lpm_rom0:inst|altsyncram:altsyncram_component|altsyncram_os61:auto_generated|ram_block1a0~porta_address_reg0'
        Info: Total cell delay = 0.815 ns ( 34.83 % )
        Info: Total interconnect delay = 1.525 ns ( 65.17 % )
    Info: - Smallest clock skew is -0.142 ns
        Info: + Shortest clock path from clock "clk" to destination memory is 2.337 ns
            Info: 1: + IC(0.000 ns) + CELL(0.854 ns) = 0.854 ns; Loc. = PIN_N20; Fanout = 1; CLK Node = 'clk'
            Info: 2: + IC(0.343 ns) + CELL(0.000 ns) = 1.197 ns; Loc. = CLKCTRL_G3; Fanout = 85; COMB Node = 'clk~clkctrl'
            Info: 3: + IC(0.659 ns) + CELL(0.481 ns) = 2.337 ns; Loc. = M4K_X32_Y18; Fanout = 10; MEM Node = 'lpm_rom0:inst|altsyncram:altsyncram_component|altsyncram_os61:auto_generated|ram_block1a0~porta_address_reg0'
            Info: Total cell delay = 1.335 ns ( 57.12 % )
            Info: Total interconnect delay = 1.002 ns ( 42.88 % )
        Info: - Longest clock path from clock "clk" to source register is 2.479 ns
            Info: 1: + IC(0.000 ns) + CELL(0.854 ns) = 0.854 ns; Loc. = PIN_N20; Fanout = 1; CLK Node = 'clk'
            Info: 2: + IC(0.343 ns) + CELL(0.000 ns) = 1.197 ns; Loc. = CLKCTRL_G3; Fanout = 85; COMB Node = 'clk~clkctrl'
            Info: 3: + IC(0.664 ns) + CELL(0.618 ns) = 2.479 ns; Loc. = LCFF_X33_Y17_N3; Fanout = 27; REG Node = 'lpm_counter0:inst11|lpm_counter:lpm_counter_component|cntr_r3i:auto_generated|safe_q[1]'
            Info: Total cell delay = 1.472 ns ( 59.38 % )
            Info: Total interconnect delay = 1.007 ns ( 40.62 % )
    Info: + Micro clock to output delay of source is 0.094 ns
    Info: + Micro setup delay of destination is 0.022 ns
    Info: Delay path is controlled by inverted clocks -- if clock duty cycle is 50%, fmax is divided by two
Info: tco from clock "clk" to destination pin "data[8]" through register "lpm_counter0:inst11|lpm_counter:lpm_counter_component|cntr_r3i:auto_generated|safe_q[1]" is 8.709 ns
    Info: + Longest clock path from clock "clk" to source register is 2.479 ns
        Info: 1: + IC(0.000 ns) + CELL(0.854 ns) = 0.854 ns; Loc. = PIN_N20; Fanout = 1; CLK Node = 'clk'
        Info: 2: + IC(0.343 ns) + CELL(0.000 ns) = 1.197 ns; Loc. = CLKCTRL_G3; Fanout = 85; COMB Node = 'clk~clkctrl'
        Info: 3: + IC(0.664 ns) + CELL(0.618 ns) = 2.479 ns; Loc. = LCFF_X33_Y17_N3; Fanout = 27; REG Node = 'lpm_counter0:inst11|lpm_counter:lpm_counter_component|cntr_r3i:auto_generated|safe_q[1]'
        Info: Total cell delay = 1.472 ns ( 59.38 % )
        Info: Total interconnect delay = 1.007 ns ( 40.62 % )
    Info: + Micro clock to output delay of source is 0.094 ns
    Info: + Longest register to pin delay is 6.136 ns
        Info: 1: + IC(0.000 ns) + CELL(0.000 ns) = 0.000 ns; Loc. = LCFF_X33_Y17_N3; Fanout = 27; REG Node = 'lpm_counter0:inst11|lpm_counter:lpm_counter_component|cntr_r3i:auto_generated|safe_q[1]'
        Info: 2: + IC(0.444 ns) + CELL(0.346 ns) = 0.790 ns; Loc. = LCCOMB_X33_Y17_N8; Fanout = 13; COMB Node = 'inst39~0'
        Info: 3: + IC(1.472 ns) + CELL(0.272 ns) = 2.534 ns; Loc. = LCCOMB_X30_Y17_N16; Fanout = 1; COMB Node = 'lpm_bustri1:inst3|lpm_bustri:lpm_bustri_component|dout[8]~12'
        Info: 4: + IC(1.670 ns) + CELL(1.932 ns) = 6.136 ns; Loc. = PIN_T10; Fanout = 0; PIN Node = 'data[8]'
        Info: Total cell delay = 2.550 ns ( 41.56 % )
        Info: Total interconnect delay = 3.586 ns ( 58.44 % )
Info: Quartus II Classic Timing Analyzer was successful. 0 errors, 1 warning
    Info: Peak virtual memory: 189 megabytes
    Info: Processing ended: Tue Nov 24 17:43:59 2020
    Info: Elapsed time: 00:00:00
    Info: Total CPU time (on all processors): 00:00:00


