Classic Timing Analyzer report for lab_3_2
Thu Nov 20 00:39:15 2025
Quartus II Version 9.1 Build 222 10/21/2009 SJ Web Edition


---------------------
; Table of Contents ;
---------------------
  1. Legal Notice
  2. Timing Analyzer Summary
  3. Timing Analyzer Settings
  4. Clock Settings Summary
  5. Parallel Compilation
  6. Clock Setup: 'clock'
  7. tsu
  8. tco
  9. tpd
 10. th
 11. Timing Analyzer Messages



----------------
; Legal Notice ;
----------------
Copyright (C) 1991-2009 Altera Corporation
Your use of Altera Corporation's design tools, logic functions 
and other software and tools, and its AMPP partner logic 
functions, and any output files from any of the foregoing 
(including device programming or simulation files), and any 
associated documentation or information are expressly subject 
to the terms and conditions of the Altera Program License 
Subscription Agreement, Altera MegaCore Function License 
Agreement, or other applicable license agreement, including, 
without limitation, that your use is for the sole purpose of 
programming logic devices manufactured by Altera and sold by 
Altera or its authorized distributors.  Please refer to the 
applicable agreement for further details.



+----------------------------------------------------------------------------------------------------------------------------------------------------------------------------------------------------------------------------------------------------------------------------------------------------------------------------------------------------------------------+
; Timing Analyzer Summary                                                                                                                                                                                                                                                                                                                                              ;
+------------------------------+-------+---------------+----------------------------------+------------------------------------------------------------------------------------------------------------------+------------------------------------------------------------------------------------------------------------------+------------+----------+--------------+
; Type                         ; Slack ; Required Time ; Actual Time                      ; From                                                                                                             ; To                                                                                                               ; From Clock ; To Clock ; Failed Paths ;
+------------------------------+-------+---------------+----------------------------------+------------------------------------------------------------------------------------------------------------------+------------------------------------------------------------------------------------------------------------------+------------+----------+--------------+
; Worst-case tsu               ; N/A   ; None          ; 5.008 ns                         ; ram_chip_en                                                                                                      ; lpm_dff0:inst2|lpm_ff:lpm_ff_component|dffs[1]                                                                   ; --         ; clock    ; 0            ;
; Worst-case tco               ; N/A   ; None          ; 9.504 ns                         ; lpm_rom0:inst|altsyncram:altsyncram_component|altsyncram_ql91:auto_generated|ram_block1a0~porta_address_reg7     ; data_out[2]                                                                                                      ; clock      ; --       ; 0            ;
; Worst-case tpd               ; N/A   ; None          ; 10.129 ns                        ; ram_chip_en                                                                                                      ; data_out[2]                                                                                                      ; --         ; --       ; 0            ;
; Worst-case th                ; N/A   ; None          ; -2.573 ns                        ; addr[3]                                                                                                          ; lpm_ram_io:inst1|altram:sram|altsyncram:ram_block|altsyncram_bu91:auto_generated|ram_block1a0~porta_address_reg3 ; --         ; clock    ; 0            ;
; Clock Setup: 'clock'         ; N/A   ; None          ; 267.59 MHz ( period = 3.737 ns ) ; lpm_ram_io:inst1|altram:sram|altsyncram:ram_block|altsyncram_bu91:auto_generated|ram_block1a0~porta_address_reg7 ; lpm_ram_io:inst1|altram:sram|altsyncram:ram_block|altsyncram_bu91:auto_generated|ram_block1a0~porta_datain_reg7  ; clock      ; clock    ; 0            ;
; Total number of failed paths ;       ;               ;                                  ;                                                                                                                  ;                                                                                                                  ;            ;          ; 0            ;
+------------------------------+-------+---------------+----------------------------------+------------------------------------------------------------------------------------------------------------------+------------------------------------------------------------------------------------------------------------------+------------+----------+--------------+


+-----------------------------------------------------------------------------------------------------------------------------------------------------+
; Timing Analyzer Settings                                                                                                                            ;
+------------------------------------------------------------------------------------------------------+--------------------+------+----+-------------+
; Option                                                                                               ; Setting            ; From ; To ; Entity Name ;
+------------------------------------------------------------------------------------------------------+--------------------+------+----+-------------+
; Device Name                                                                                          ; EP2S15F484C3       ;      ;    ;             ;
; Timing Models                                                                                        ; Final              ;      ;    ;             ;
; Default hold multicycle                                                                              ; Same as Multicycle ;      ;    ;             ;
; Cut paths between unrelated clock domains                                                            ; On                 ;      ;    ;             ;
; Cut off read during write signal paths                                                               ; On                 ;      ;    ;             ;
; Cut off feedback from I/O pins                                                                       ; On                 ;      ;    ;             ;
; Report Combined Fast/Slow Timing                                                                     ; Off                ;      ;    ;             ;
; Ignore Clock Settings                                                                                ; Off                ;      ;    ;             ;
; Analyze latches as synchronous elements                                                              ; On                 ;      ;    ;             ;
; Enable Recovery/Removal analysis                                                                     ; Off                ;      ;    ;             ;
; Enable Clock Latency                                                                                 ; Off                ;      ;    ;             ;
; Use TimeQuest Timing Analyzer                                                                        ; Off                ;      ;    ;             ;
; Number of source nodes to report per destination node                                                ; 10                 ;      ;    ;             ;
; Number of destination nodes to report                                                                ; 10                 ;      ;    ;             ;
; Number of paths to report                                                                            ; 200                ;      ;    ;             ;
; Report Minimum Timing Checks                                                                         ; Off                ;      ;    ;             ;
; Use Fast Timing Models                                                                               ; Off                ;      ;    ;             ;
; Report IO Paths Separately                                                                           ; Off                ;      ;    ;             ;
; Perform Multicorner Analysis                                                                         ; On                 ;      ;    ;             ;
; Reports the worst-case path for each clock domain and analysis                                       ; Off                ;      ;    ;             ;
; Reports worst-case timing paths for each clock domain and analysis                                   ; Off                ;      ;    ;             ;
; Specifies the maximum number of worst-case timing paths to report for each clock domain and analysis ; 100                ;      ;    ;             ;
; Removes common clock path pessimism (CCPP) during slack computation                                  ; Off                ;      ;    ;             ;
; Output I/O Timing Endpoint                                                                           ; Near End           ;      ;    ;             ;
+------------------------------------------------------------------------------------------------------+--------------------+------+----+-------------+


+------------------------------------------------------------------------------------------------------------------------------------------------------------------------------------+
; Clock Settings Summary                                                                                                                                                             ;
+-----------------+--------------------+----------+------------------+---------------+--------------+----------+-----------------------+---------------------+--------+--------------+
; Clock Node Name ; Clock Setting Name ; Type     ; Fmax Requirement ; Early Latency ; Late Latency ; Based on ; Multiply Base Fmax by ; Divide Base Fmax by ; Offset ; Phase offset ;
+-----------------+--------------------+----------+------------------+---------------+--------------+----------+-----------------------+---------------------+--------+--------------+
; clock           ;                    ; User Pin ; None             ; 0.000 ns      ; 0.000 ns     ; --       ; N/A                   ; N/A                 ; N/A    ;              ;
+-----------------+--------------------+----------+------------------+---------------+--------------+----------+-----------------------+---------------------+--------+--------------+


Parallel compilation was disabled, but you have multiple processors available. Enable parallel compilation to reduce compilation time.
+-------------------------------------+
; Parallel Compilation                ;
+----------------------------+--------+
; Processors                 ; Number ;
+----------------------------+--------+
; Number detected on machine ; 6      ;
; Maximum allowed            ; 1      ;
+----------------------------+--------+


+------------------------------------------------------------------------------------------------------------------------------------------------------------------------------------------------------------------------------------------------------------------------------------------------------------------------------------------------------------------------------------------------------------------------------------------------+
; Clock Setup: 'clock'                                                                                                                                                                                                                                                                                                                                                                                                                           ;
+-----------------------------------------+-----------------------------------------------------+------------------------------------------------------------------------------------------------------------------+-----------------------------------------------------------------------------------------------------------------+------------+----------+-----------------------------+---------------------------+-------------------------+
; Slack                                   ; Actual fmax (period)                                ; From                                                                                                             ; To                                                                                                              ; From Clock ; To Clock ; Required Setup Relationship ; Required Longest P2P Time ; Actual Longest P2P Time ;
+-----------------------------------------+-----------------------------------------------------+------------------------------------------------------------------------------------------------------------------+-----------------------------------------------------------------------------------------------------------------+------------+----------+-----------------------------+---------------------------+-------------------------+
; N/A                                     ; 267.59 MHz ( period = 3.737 ns )                    ; lpm_ram_io:inst1|altram:sram|altsyncram:ram_block|altsyncram_bu91:auto_generated|ram_block1a0~porta_we_reg       ; lpm_ram_io:inst1|altram:sram|altsyncram:ram_block|altsyncram_bu91:auto_generated|ram_block1a0~porta_datain_reg7 ; clock      ; clock    ; None                        ; None                      ; 3.579 ns                ;
; N/A                                     ; 267.59 MHz ( period = 3.737 ns )                    ; lpm_ram_io:inst1|altram:sram|altsyncram:ram_block|altsyncram_bu91:auto_generated|ram_block1a0~porta_address_reg0 ; lpm_ram_io:inst1|altram:sram|altsyncram:ram_block|altsyncram_bu91:auto_generated|ram_block1a0~porta_datain_reg7 ; clock      ; clock    ; None                        ; None                      ; 3.579 ns                ;
; N/A                                     ; 267.59 MHz ( period = 3.737 ns )                    ; lpm_ram_io:inst1|altram:sram|altsyncram:ram_block|altsyncram_bu91:auto_generated|ram_block1a0~porta_address_reg1 ; lpm_ram_io:inst1|altram:sram|altsyncram:ram_block|altsyncram_bu91:auto_generated|ram_block1a0~porta_datain_reg7 ; clock      ; clock    ; None                        ; None                      ; 3.579 ns                ;
; N/A                                     ; 267.59 MHz ( period = 3.737 ns )                    ; lpm_ram_io:inst1|altram:sram|altsyncram:ram_block|altsyncram_bu91:auto_generated|ram_block1a0~porta_address_reg2 ; lpm_ram_io:inst1|altram:sram|altsyncram:ram_block|altsyncram_bu91:auto_generated|ram_block1a0~porta_datain_reg7 ; clock      ; clock    ; None                        ; None                      ; 3.579 ns                ;
; N/A                                     ; 267.59 MHz ( period = 3.737 ns )                    ; lpm_ram_io:inst1|altram:sram|altsyncram:ram_block|altsyncram_bu91:auto_generated|ram_block1a0~porta_address_reg3 ; lpm_ram_io:inst1|altram:sram|altsyncram:ram_block|altsyncram_bu91:auto_generated|ram_block1a0~porta_datain_reg7 ; clock      ; clock    ; None                        ; None                      ; 3.579 ns                ;
; N/A                                     ; 267.59 MHz ( period = 3.737 ns )                    ; lpm_ram_io:inst1|altram:sram|altsyncram:ram_block|altsyncram_bu91:auto_generated|ram_block1a0~porta_address_reg4 ; lpm_ram_io:inst1|altram:sram|altsyncram:ram_block|altsyncram_bu91:auto_generated|ram_block1a0~porta_datain_reg7 ; clock      ; clock    ; None                        ; None                      ; 3.579 ns                ;
; N/A                                     ; 267.59 MHz ( period = 3.737 ns )                    ; lpm_ram_io:inst1|altram:sram|altsyncram:ram_block|altsyncram_bu91:auto_generated|ram_block1a0~porta_address_reg5 ; lpm_ram_io:inst1|altram:sram|altsyncram:ram_block|altsyncram_bu91:auto_generated|ram_block1a0~porta_datain_reg7 ; clock      ; clock    ; None                        ; None                      ; 3.579 ns                ;
; N/A                                     ; 267.59 MHz ( period = 3.737 ns )                    ; lpm_ram_io:inst1|altram:sram|altsyncram:ram_block|altsyncram_bu91:auto_generated|ram_block1a0~porta_address_reg6 ; lpm_ram_io:inst1|altram:sram|altsyncram:ram_block|altsyncram_bu91:auto_generated|ram_block1a0~porta_datain_reg7 ; clock      ; clock    ; None                        ; None                      ; 3.579 ns                ;
; N/A                                     ; 267.59 MHz ( period = 3.737 ns )                    ; lpm_ram_io:inst1|altram:sram|altsyncram:ram_block|altsyncram_bu91:auto_generated|ram_block1a0~porta_address_reg7 ; lpm_ram_io:inst1|altram:sram|altsyncram:ram_block|altsyncram_bu91:auto_generated|ram_block1a0~porta_datain_reg7 ; clock      ; clock    ; None                        ; None                      ; 3.579 ns                ;
; N/A                                     ; 267.88 MHz ( period = 3.733 ns )                    ; lpm_ram_io:inst1|altram:sram|altsyncram:ram_block|altsyncram_bu91:auto_generated|ram_block1a0~porta_we_reg       ; lpm_ram_io:inst1|altram:sram|altsyncram:ram_block|altsyncram_bu91:auto_generated|ram_block1a0~porta_datain_reg5 ; clock      ; clock    ; None                        ; None                      ; 3.575 ns                ;
; N/A                                     ; 267.88 MHz ( period = 3.733 ns )                    ; lpm_ram_io:inst1|altram:sram|altsyncram:ram_block|altsyncram_bu91:auto_generated|ram_block1a0~porta_address_reg0 ; lpm_ram_io:inst1|altram:sram|altsyncram:ram_block|altsyncram_bu91:auto_generated|ram_block1a0~porta_datain_reg5 ; clock      ; clock    ; None                        ; None                      ; 3.575 ns                ;
; N/A                                     ; 267.88 MHz ( period = 3.733 ns )                    ; lpm_ram_io:inst1|altram:sram|altsyncram:ram_block|altsyncram_bu91:auto_generated|ram_block1a0~porta_address_reg1 ; lpm_ram_io:inst1|altram:sram|altsyncram:ram_block|altsyncram_bu91:auto_generated|ram_block1a0~porta_datain_reg5 ; clock      ; clock    ; None                        ; None                      ; 3.575 ns                ;
; N/A                                     ; 267.88 MHz ( period = 3.733 ns )                    ; lpm_ram_io:inst1|altram:sram|altsyncram:ram_block|altsyncram_bu91:auto_generated|ram_block1a0~porta_address_reg2 ; lpm_ram_io:inst1|altram:sram|altsyncram:ram_block|altsyncram_bu91:auto_generated|ram_block1a0~porta_datain_reg5 ; clock      ; clock    ; None                        ; None                      ; 3.575 ns                ;
; N/A                                     ; 267.88 MHz ( period = 3.733 ns )                    ; lpm_ram_io:inst1|altram:sram|altsyncram:ram_block|altsyncram_bu91:auto_generated|ram_block1a0~porta_address_reg3 ; lpm_ram_io:inst1|altram:sram|altsyncram:ram_block|altsyncram_bu91:auto_generated|ram_block1a0~porta_datain_reg5 ; clock      ; clock    ; None                        ; None                      ; 3.575 ns                ;
; N/A                                     ; 267.88 MHz ( period = 3.733 ns )                    ; lpm_ram_io:inst1|altram:sram|altsyncram:ram_block|altsyncram_bu91:auto_generated|ram_block1a0~porta_address_reg4 ; lpm_ram_io:inst1|altram:sram|altsyncram:ram_block|altsyncram_bu91:auto_generated|ram_block1a0~porta_datain_reg5 ; clock      ; clock    ; None                        ; None                      ; 3.575 ns                ;
; N/A                                     ; 267.88 MHz ( period = 3.733 ns )                    ; lpm_ram_io:inst1|altram:sram|altsyncram:ram_block|altsyncram_bu91:auto_generated|ram_block1a0~porta_address_reg5 ; lpm_ram_io:inst1|altram:sram|altsyncram:ram_block|altsyncram_bu91:auto_generated|ram_block1a0~porta_datain_reg5 ; clock      ; clock    ; None                        ; None                      ; 3.575 ns                ;
; N/A                                     ; 267.88 MHz ( period = 3.733 ns )                    ; lpm_ram_io:inst1|altram:sram|altsyncram:ram_block|altsyncram_bu91:auto_generated|ram_block1a0~porta_address_reg6 ; lpm_ram_io:inst1|altram:sram|altsyncram:ram_block|altsyncram_bu91:auto_generated|ram_block1a0~porta_datain_reg5 ; clock      ; clock    ; None                        ; None                      ; 3.575 ns                ;
; N/A                                     ; 267.88 MHz ( period = 3.733 ns )                    ; lpm_ram_io:inst1|altram:sram|altsyncram:ram_block|altsyncram_bu91:auto_generated|ram_block1a0~porta_address_reg7 ; lpm_ram_io:inst1|altram:sram|altsyncram:ram_block|altsyncram_bu91:auto_generated|ram_block1a0~porta_datain_reg5 ; clock      ; clock    ; None                        ; None                      ; 3.575 ns                ;
; N/A                                     ; 268.38 MHz ( period = 3.726 ns )                    ; lpm_ram_io:inst1|altram:sram|altsyncram:ram_block|altsyncram_bu91:auto_generated|ram_block1a0~porta_we_reg       ; lpm_ram_io:inst1|altram:sram|altsyncram:ram_block|altsyncram_bu91:auto_generated|ram_block1a0~porta_datain_reg6 ; clock      ; clock    ; None                        ; None                      ; 3.568 ns                ;
; N/A                                     ; 268.38 MHz ( period = 3.726 ns )                    ; lpm_ram_io:inst1|altram:sram|altsyncram:ram_block|altsyncram_bu91:auto_generated|ram_block1a0~porta_address_reg0 ; lpm_ram_io:inst1|altram:sram|altsyncram:ram_block|altsyncram_bu91:auto_generated|ram_block1a0~porta_datain_reg6 ; clock      ; clock    ; None                        ; None                      ; 3.568 ns                ;
; N/A                                     ; 268.38 MHz ( period = 3.726 ns )                    ; lpm_ram_io:inst1|altram:sram|altsyncram:ram_block|altsyncram_bu91:auto_generated|ram_block1a0~porta_address_reg1 ; lpm_ram_io:inst1|altram:sram|altsyncram:ram_block|altsyncram_bu91:auto_generated|ram_block1a0~porta_datain_reg6 ; clock      ; clock    ; None                        ; None                      ; 3.568 ns                ;
; N/A                                     ; 268.38 MHz ( period = 3.726 ns )                    ; lpm_ram_io:inst1|altram:sram|altsyncram:ram_block|altsyncram_bu91:auto_generated|ram_block1a0~porta_address_reg2 ; lpm_ram_io:inst1|altram:sram|altsyncram:ram_block|altsyncram_bu91:auto_generated|ram_block1a0~porta_datain_reg6 ; clock      ; clock    ; None                        ; None                      ; 3.568 ns                ;
; N/A                                     ; 268.38 MHz ( period = 3.726 ns )                    ; lpm_ram_io:inst1|altram:sram|altsyncram:ram_block|altsyncram_bu91:auto_generated|ram_block1a0~porta_address_reg3 ; lpm_ram_io:inst1|altram:sram|altsyncram:ram_block|altsyncram_bu91:auto_generated|ram_block1a0~porta_datain_reg6 ; clock      ; clock    ; None                        ; None                      ; 3.568 ns                ;
; N/A                                     ; 268.38 MHz ( period = 3.726 ns )                    ; lpm_ram_io:inst1|altram:sram|altsyncram:ram_block|altsyncram_bu91:auto_generated|ram_block1a0~porta_address_reg4 ; lpm_ram_io:inst1|altram:sram|altsyncram:ram_block|altsyncram_bu91:auto_generated|ram_block1a0~porta_datain_reg6 ; clock      ; clock    ; None                        ; None                      ; 3.568 ns                ;
; N/A                                     ; 268.38 MHz ( period = 3.726 ns )                    ; lpm_ram_io:inst1|altram:sram|altsyncram:ram_block|altsyncram_bu91:auto_generated|ram_block1a0~porta_address_reg5 ; lpm_ram_io:inst1|altram:sram|altsyncram:ram_block|altsyncram_bu91:auto_generated|ram_block1a0~porta_datain_reg6 ; clock      ; clock    ; None                        ; None                      ; 3.568 ns                ;
; N/A                                     ; 268.38 MHz ( period = 3.726 ns )                    ; lpm_ram_io:inst1|altram:sram|altsyncram:ram_block|altsyncram_bu91:auto_generated|ram_block1a0~porta_address_reg6 ; lpm_ram_io:inst1|altram:sram|altsyncram:ram_block|altsyncram_bu91:auto_generated|ram_block1a0~porta_datain_reg6 ; clock      ; clock    ; None                        ; None                      ; 3.568 ns                ;
; N/A                                     ; 268.38 MHz ( period = 3.726 ns )                    ; lpm_ram_io:inst1|altram:sram|altsyncram:ram_block|altsyncram_bu91:auto_generated|ram_block1a0~porta_address_reg7 ; lpm_ram_io:inst1|altram:sram|altsyncram:ram_block|altsyncram_bu91:auto_generated|ram_block1a0~porta_datain_reg6 ; clock      ; clock    ; None                        ; None                      ; 3.568 ns                ;
; N/A                                     ; 285.31 MHz ( period = 3.505 ns )                    ; lpm_ram_io:inst1|altram:sram|altsyncram:ram_block|altsyncram_bu91:auto_generated|ram_block1a0~porta_we_reg       ; lpm_ram_io:inst1|altram:sram|altsyncram:ram_block|altsyncram_bu91:auto_generated|ram_block1a0~porta_datain_reg4 ; clock      ; clock    ; None                        ; None                      ; 3.347 ns                ;
; N/A                                     ; 285.31 MHz ( period = 3.505 ns )                    ; lpm_ram_io:inst1|altram:sram|altsyncram:ram_block|altsyncram_bu91:auto_generated|ram_block1a0~porta_address_reg0 ; lpm_ram_io:inst1|altram:sram|altsyncram:ram_block|altsyncram_bu91:auto_generated|ram_block1a0~porta_datain_reg4 ; clock      ; clock    ; None                        ; None                      ; 3.347 ns                ;
; N/A                                     ; 285.31 MHz ( period = 3.505 ns )                    ; lpm_ram_io:inst1|altram:sram|altsyncram:ram_block|altsyncram_bu91:auto_generated|ram_block1a0~porta_address_reg1 ; lpm_ram_io:inst1|altram:sram|altsyncram:ram_block|altsyncram_bu91:auto_generated|ram_block1a0~porta_datain_reg4 ; clock      ; clock    ; None                        ; None                      ; 3.347 ns                ;
; N/A                                     ; 285.31 MHz ( period = 3.505 ns )                    ; lpm_ram_io:inst1|altram:sram|altsyncram:ram_block|altsyncram_bu91:auto_generated|ram_block1a0~porta_address_reg2 ; lpm_ram_io:inst1|altram:sram|altsyncram:ram_block|altsyncram_bu91:auto_generated|ram_block1a0~porta_datain_reg4 ; clock      ; clock    ; None                        ; None                      ; 3.347 ns                ;
; N/A                                     ; 285.31 MHz ( period = 3.505 ns )                    ; lpm_ram_io:inst1|altram:sram|altsyncram:ram_block|altsyncram_bu91:auto_generated|ram_block1a0~porta_address_reg3 ; lpm_ram_io:inst1|altram:sram|altsyncram:ram_block|altsyncram_bu91:auto_generated|ram_block1a0~porta_datain_reg4 ; clock      ; clock    ; None                        ; None                      ; 3.347 ns                ;
; N/A                                     ; 285.31 MHz ( period = 3.505 ns )                    ; lpm_ram_io:inst1|altram:sram|altsyncram:ram_block|altsyncram_bu91:auto_generated|ram_block1a0~porta_address_reg4 ; lpm_ram_io:inst1|altram:sram|altsyncram:ram_block|altsyncram_bu91:auto_generated|ram_block1a0~porta_datain_reg4 ; clock      ; clock    ; None                        ; None                      ; 3.347 ns                ;
; N/A                                     ; 285.31 MHz ( period = 3.505 ns )                    ; lpm_ram_io:inst1|altram:sram|altsyncram:ram_block|altsyncram_bu91:auto_generated|ram_block1a0~porta_address_reg5 ; lpm_ram_io:inst1|altram:sram|altsyncram:ram_block|altsyncram_bu91:auto_generated|ram_block1a0~porta_datain_reg4 ; clock      ; clock    ; None                        ; None                      ; 3.347 ns                ;
; N/A                                     ; 285.31 MHz ( period = 3.505 ns )                    ; lpm_ram_io:inst1|altram:sram|altsyncram:ram_block|altsyncram_bu91:auto_generated|ram_block1a0~porta_address_reg6 ; lpm_ram_io:inst1|altram:sram|altsyncram:ram_block|altsyncram_bu91:auto_generated|ram_block1a0~porta_datain_reg4 ; clock      ; clock    ; None                        ; None                      ; 3.347 ns                ;
; N/A                                     ; 285.31 MHz ( period = 3.505 ns )                    ; lpm_ram_io:inst1|altram:sram|altsyncram:ram_block|altsyncram_bu91:auto_generated|ram_block1a0~porta_address_reg7 ; lpm_ram_io:inst1|altram:sram|altsyncram:ram_block|altsyncram_bu91:auto_generated|ram_block1a0~porta_datain_reg4 ; clock      ; clock    ; None                        ; None                      ; 3.347 ns                ;
; N/A                                     ; 301.48 MHz ( period = 3.317 ns )                    ; lpm_ram_io:inst1|altram:sram|altsyncram:ram_block|altsyncram_bu91:auto_generated|ram_block1a0~porta_we_reg       ; lpm_ram_io:inst1|altram:sram|altsyncram:ram_block|altsyncram_bu91:auto_generated|ram_block1a0~porta_datain_reg1 ; clock      ; clock    ; None                        ; None                      ; 3.159 ns                ;
; N/A                                     ; 301.48 MHz ( period = 3.317 ns )                    ; lpm_ram_io:inst1|altram:sram|altsyncram:ram_block|altsyncram_bu91:auto_generated|ram_block1a0~porta_address_reg0 ; lpm_ram_io:inst1|altram:sram|altsyncram:ram_block|altsyncram_bu91:auto_generated|ram_block1a0~porta_datain_reg1 ; clock      ; clock    ; None                        ; None                      ; 3.159 ns                ;
; N/A                                     ; 301.48 MHz ( period = 3.317 ns )                    ; lpm_ram_io:inst1|altram:sram|altsyncram:ram_block|altsyncram_bu91:auto_generated|ram_block1a0~porta_address_reg1 ; lpm_ram_io:inst1|altram:sram|altsyncram:ram_block|altsyncram_bu91:auto_generated|ram_block1a0~porta_datain_reg1 ; clock      ; clock    ; None                        ; None                      ; 3.159 ns                ;
; N/A                                     ; 301.48 MHz ( period = 3.317 ns )                    ; lpm_ram_io:inst1|altram:sram|altsyncram:ram_block|altsyncram_bu91:auto_generated|ram_block1a0~porta_address_reg2 ; lpm_ram_io:inst1|altram:sram|altsyncram:ram_block|altsyncram_bu91:auto_generated|ram_block1a0~porta_datain_reg1 ; clock      ; clock    ; None                        ; None                      ; 3.159 ns                ;
; N/A                                     ; 301.48 MHz ( period = 3.317 ns )                    ; lpm_ram_io:inst1|altram:sram|altsyncram:ram_block|altsyncram_bu91:auto_generated|ram_block1a0~porta_address_reg3 ; lpm_ram_io:inst1|altram:sram|altsyncram:ram_block|altsyncram_bu91:auto_generated|ram_block1a0~porta_datain_reg1 ; clock      ; clock    ; None                        ; None                      ; 3.159 ns                ;
; N/A                                     ; 301.48 MHz ( period = 3.317 ns )                    ; lpm_ram_io:inst1|altram:sram|altsyncram:ram_block|altsyncram_bu91:auto_generated|ram_block1a0~porta_address_reg4 ; lpm_ram_io:inst1|altram:sram|altsyncram:ram_block|altsyncram_bu91:auto_generated|ram_block1a0~porta_datain_reg1 ; clock      ; clock    ; None                        ; None                      ; 3.159 ns                ;
; N/A                                     ; 301.48 MHz ( period = 3.317 ns )                    ; lpm_ram_io:inst1|altram:sram|altsyncram:ram_block|altsyncram_bu91:auto_generated|ram_block1a0~porta_address_reg5 ; lpm_ram_io:inst1|altram:sram|altsyncram:ram_block|altsyncram_bu91:auto_generated|ram_block1a0~porta_datain_reg1 ; clock      ; clock    ; None                        ; None                      ; 3.159 ns                ;
; N/A                                     ; 301.48 MHz ( period = 3.317 ns )                    ; lpm_ram_io:inst1|altram:sram|altsyncram:ram_block|altsyncram_bu91:auto_generated|ram_block1a0~porta_address_reg6 ; lpm_ram_io:inst1|altram:sram|altsyncram:ram_block|altsyncram_bu91:auto_generated|ram_block1a0~porta_datain_reg1 ; clock      ; clock    ; None                        ; None                      ; 3.159 ns                ;
; N/A                                     ; 301.48 MHz ( period = 3.317 ns )                    ; lpm_ram_io:inst1|altram:sram|altsyncram:ram_block|altsyncram_bu91:auto_generated|ram_block1a0~porta_address_reg7 ; lpm_ram_io:inst1|altram:sram|altsyncram:ram_block|altsyncram_bu91:auto_generated|ram_block1a0~porta_datain_reg1 ; clock      ; clock    ; None                        ; None                      ; 3.159 ns                ;
; N/A                                     ; 311.82 MHz ( period = 3.207 ns )                    ; lpm_ram_io:inst1|altram:sram|altsyncram:ram_block|altsyncram_bu91:auto_generated|ram_block1a0~porta_we_reg       ; lpm_dff0:inst2|lpm_ff:lpm_ff_component|dffs[5]                                                                  ; clock      ; clock    ; None                        ; None                      ; 3.117 ns                ;
; N/A                                     ; 311.82 MHz ( period = 3.207 ns )                    ; lpm_ram_io:inst1|altram:sram|altsyncram:ram_block|altsyncram_bu91:auto_generated|ram_block1a0~porta_address_reg0 ; lpm_dff0:inst2|lpm_ff:lpm_ff_component|dffs[5]                                                                  ; clock      ; clock    ; None                        ; None                      ; 3.117 ns                ;
; N/A                                     ; 311.82 MHz ( period = 3.207 ns )                    ; lpm_ram_io:inst1|altram:sram|altsyncram:ram_block|altsyncram_bu91:auto_generated|ram_block1a0~porta_address_reg1 ; lpm_dff0:inst2|lpm_ff:lpm_ff_component|dffs[5]                                                                  ; clock      ; clock    ; None                        ; None                      ; 3.117 ns                ;
; N/A                                     ; 311.82 MHz ( period = 3.207 ns )                    ; lpm_ram_io:inst1|altram:sram|altsyncram:ram_block|altsyncram_bu91:auto_generated|ram_block1a0~porta_address_reg2 ; lpm_dff0:inst2|lpm_ff:lpm_ff_component|dffs[5]                                                                  ; clock      ; clock    ; None                        ; None                      ; 3.117 ns                ;
; N/A                                     ; 311.82 MHz ( period = 3.207 ns )                    ; lpm_ram_io:inst1|altram:sram|altsyncram:ram_block|altsyncram_bu91:auto_generated|ram_block1a0~porta_address_reg3 ; lpm_dff0:inst2|lpm_ff:lpm_ff_component|dffs[5]                                                                  ; clock      ; clock    ; None                        ; None                      ; 3.117 ns                ;
; N/A                                     ; 311.82 MHz ( period = 3.207 ns )                    ; lpm_ram_io:inst1|altram:sram|altsyncram:ram_block|altsyncram_bu91:auto_generated|ram_block1a0~porta_address_reg4 ; lpm_dff0:inst2|lpm_ff:lpm_ff_component|dffs[5]                                                                  ; clock      ; clock    ; None                        ; None                      ; 3.117 ns                ;
; N/A                                     ; 311.82 MHz ( period = 3.207 ns )                    ; lpm_ram_io:inst1|altram:sram|altsyncram:ram_block|altsyncram_bu91:auto_generated|ram_block1a0~porta_address_reg5 ; lpm_dff0:inst2|lpm_ff:lpm_ff_component|dffs[5]                                                                  ; clock      ; clock    ; None                        ; None                      ; 3.117 ns                ;
; N/A                                     ; 311.82 MHz ( period = 3.207 ns )                    ; lpm_ram_io:inst1|altram:sram|altsyncram:ram_block|altsyncram_bu91:auto_generated|ram_block1a0~porta_address_reg6 ; lpm_dff0:inst2|lpm_ff:lpm_ff_component|dffs[5]                                                                  ; clock      ; clock    ; None                        ; None                      ; 3.117 ns                ;
; N/A                                     ; 311.82 MHz ( period = 3.207 ns )                    ; lpm_ram_io:inst1|altram:sram|altsyncram:ram_block|altsyncram_bu91:auto_generated|ram_block1a0~porta_address_reg7 ; lpm_dff0:inst2|lpm_ff:lpm_ff_component|dffs[5]                                                                  ; clock      ; clock    ; None                        ; None                      ; 3.117 ns                ;
; N/A                                     ; 312.01 MHz ( period = 3.205 ns )                    ; lpm_rom0:inst|altsyncram:altsyncram_component|altsyncram_ql91:auto_generated|ram_block1a0~porta_address_reg0     ; lpm_dff0:inst2|lpm_ff:lpm_ff_component|dffs[2]                                                                  ; clock      ; clock    ; None                        ; None                      ; 3.119 ns                ;
; N/A                                     ; 312.01 MHz ( period = 3.205 ns )                    ; lpm_rom0:inst|altsyncram:altsyncram_component|altsyncram_ql91:auto_generated|ram_block1a0~porta_address_reg1     ; lpm_dff0:inst2|lpm_ff:lpm_ff_component|dffs[2]                                                                  ; clock      ; clock    ; None                        ; None                      ; 3.119 ns                ;
; N/A                                     ; 312.01 MHz ( period = 3.205 ns )                    ; lpm_rom0:inst|altsyncram:altsyncram_component|altsyncram_ql91:auto_generated|ram_block1a0~porta_address_reg2     ; lpm_dff0:inst2|lpm_ff:lpm_ff_component|dffs[2]                                                                  ; clock      ; clock    ; None                        ; None                      ; 3.119 ns                ;
; N/A                                     ; 312.01 MHz ( period = 3.205 ns )                    ; lpm_rom0:inst|altsyncram:altsyncram_component|altsyncram_ql91:auto_generated|ram_block1a0~porta_address_reg3     ; lpm_dff0:inst2|lpm_ff:lpm_ff_component|dffs[2]                                                                  ; clock      ; clock    ; None                        ; None                      ; 3.119 ns                ;
; N/A                                     ; 312.01 MHz ( period = 3.205 ns )                    ; lpm_rom0:inst|altsyncram:altsyncram_component|altsyncram_ql91:auto_generated|ram_block1a0~porta_address_reg4     ; lpm_dff0:inst2|lpm_ff:lpm_ff_component|dffs[2]                                                                  ; clock      ; clock    ; None                        ; None                      ; 3.119 ns                ;
; N/A                                     ; 312.01 MHz ( period = 3.205 ns )                    ; lpm_rom0:inst|altsyncram:altsyncram_component|altsyncram_ql91:auto_generated|ram_block1a0~porta_address_reg5     ; lpm_dff0:inst2|lpm_ff:lpm_ff_component|dffs[2]                                                                  ; clock      ; clock    ; None                        ; None                      ; 3.119 ns                ;
; N/A                                     ; 312.01 MHz ( period = 3.205 ns )                    ; lpm_rom0:inst|altsyncram:altsyncram_component|altsyncram_ql91:auto_generated|ram_block1a0~porta_address_reg6     ; lpm_dff0:inst2|lpm_ff:lpm_ff_component|dffs[2]                                                                  ; clock      ; clock    ; None                        ; None                      ; 3.119 ns                ;
; N/A                                     ; 312.01 MHz ( period = 3.205 ns )                    ; lpm_rom0:inst|altsyncram:altsyncram_component|altsyncram_ql91:auto_generated|ram_block1a0~porta_address_reg7     ; lpm_dff0:inst2|lpm_ff:lpm_ff_component|dffs[2]                                                                  ; clock      ; clock    ; None                        ; None                      ; 3.119 ns                ;
; N/A                                     ; 312.01 MHz ( period = 3.205 ns )                    ; lpm_rom0:inst|altsyncram:altsyncram_component|altsyncram_ql91:auto_generated|ram_block1a0~porta_address_reg0     ; lpm_dff0:inst2|lpm_ff:lpm_ff_component|dffs[1]                                                                  ; clock      ; clock    ; None                        ; None                      ; 3.119 ns                ;
; N/A                                     ; 312.01 MHz ( period = 3.205 ns )                    ; lpm_rom0:inst|altsyncram:altsyncram_component|altsyncram_ql91:auto_generated|ram_block1a0~porta_address_reg1     ; lpm_dff0:inst2|lpm_ff:lpm_ff_component|dffs[1]                                                                  ; clock      ; clock    ; None                        ; None                      ; 3.119 ns                ;
; N/A                                     ; 312.01 MHz ( period = 3.205 ns )                    ; lpm_rom0:inst|altsyncram:altsyncram_component|altsyncram_ql91:auto_generated|ram_block1a0~porta_address_reg2     ; lpm_dff0:inst2|lpm_ff:lpm_ff_component|dffs[1]                                                                  ; clock      ; clock    ; None                        ; None                      ; 3.119 ns                ;
; N/A                                     ; 312.01 MHz ( period = 3.205 ns )                    ; lpm_rom0:inst|altsyncram:altsyncram_component|altsyncram_ql91:auto_generated|ram_block1a0~porta_address_reg3     ; lpm_dff0:inst2|lpm_ff:lpm_ff_component|dffs[1]                                                                  ; clock      ; clock    ; None                        ; None                      ; 3.119 ns                ;
; N/A                                     ; 312.01 MHz ( period = 3.205 ns )                    ; lpm_rom0:inst|altsyncram:altsyncram_component|altsyncram_ql91:auto_generated|ram_block1a0~porta_address_reg4     ; lpm_dff0:inst2|lpm_ff:lpm_ff_component|dffs[1]                                                                  ; clock      ; clock    ; None                        ; None                      ; 3.119 ns                ;
; N/A                                     ; 312.01 MHz ( period = 3.205 ns )                    ; lpm_rom0:inst|altsyncram:altsyncram_component|altsyncram_ql91:auto_generated|ram_block1a0~porta_address_reg5     ; lpm_dff0:inst2|lpm_ff:lpm_ff_component|dffs[1]                                                                  ; clock      ; clock    ; None                        ; None                      ; 3.119 ns                ;
; N/A                                     ; 312.01 MHz ( period = 3.205 ns )                    ; lpm_rom0:inst|altsyncram:altsyncram_component|altsyncram_ql91:auto_generated|ram_block1a0~porta_address_reg6     ; lpm_dff0:inst2|lpm_ff:lpm_ff_component|dffs[1]                                                                  ; clock      ; clock    ; None                        ; None                      ; 3.119 ns                ;
; N/A                                     ; 312.01 MHz ( period = 3.205 ns )                    ; lpm_rom0:inst|altsyncram:altsyncram_component|altsyncram_ql91:auto_generated|ram_block1a0~porta_address_reg7     ; lpm_dff0:inst2|lpm_ff:lpm_ff_component|dffs[1]                                                                  ; clock      ; clock    ; None                        ; None                      ; 3.119 ns                ;
; N/A                                     ; 312.11 MHz ( period = 3.204 ns )                    ; lpm_rom0:inst|altsyncram:altsyncram_component|altsyncram_ql91:auto_generated|ram_block1a0~porta_address_reg0     ; lpm_dff0:inst2|lpm_ff:lpm_ff_component|dffs[0]                                                                  ; clock      ; clock    ; None                        ; None                      ; 3.118 ns                ;
; N/A                                     ; 312.11 MHz ( period = 3.204 ns )                    ; lpm_rom0:inst|altsyncram:altsyncram_component|altsyncram_ql91:auto_generated|ram_block1a0~porta_address_reg1     ; lpm_dff0:inst2|lpm_ff:lpm_ff_component|dffs[0]                                                                  ; clock      ; clock    ; None                        ; None                      ; 3.118 ns                ;
; N/A                                     ; 312.11 MHz ( period = 3.204 ns )                    ; lpm_rom0:inst|altsyncram:altsyncram_component|altsyncram_ql91:auto_generated|ram_block1a0~porta_address_reg2     ; lpm_dff0:inst2|lpm_ff:lpm_ff_component|dffs[0]                                                                  ; clock      ; clock    ; None                        ; None                      ; 3.118 ns                ;
; N/A                                     ; 312.11 MHz ( period = 3.204 ns )                    ; lpm_rom0:inst|altsyncram:altsyncram_component|altsyncram_ql91:auto_generated|ram_block1a0~porta_address_reg3     ; lpm_dff0:inst2|lpm_ff:lpm_ff_component|dffs[0]                                                                  ; clock      ; clock    ; None                        ; None                      ; 3.118 ns                ;
; N/A                                     ; 312.11 MHz ( period = 3.204 ns )                    ; lpm_rom0:inst|altsyncram:altsyncram_component|altsyncram_ql91:auto_generated|ram_block1a0~porta_address_reg4     ; lpm_dff0:inst2|lpm_ff:lpm_ff_component|dffs[0]                                                                  ; clock      ; clock    ; None                        ; None                      ; 3.118 ns                ;
; N/A                                     ; 312.11 MHz ( period = 3.204 ns )                    ; lpm_rom0:inst|altsyncram:altsyncram_component|altsyncram_ql91:auto_generated|ram_block1a0~porta_address_reg5     ; lpm_dff0:inst2|lpm_ff:lpm_ff_component|dffs[0]                                                                  ; clock      ; clock    ; None                        ; None                      ; 3.118 ns                ;
; N/A                                     ; 312.11 MHz ( period = 3.204 ns )                    ; lpm_rom0:inst|altsyncram:altsyncram_component|altsyncram_ql91:auto_generated|ram_block1a0~porta_address_reg6     ; lpm_dff0:inst2|lpm_ff:lpm_ff_component|dffs[0]                                                                  ; clock      ; clock    ; None                        ; None                      ; 3.118 ns                ;
; N/A                                     ; 312.11 MHz ( period = 3.204 ns )                    ; lpm_rom0:inst|altsyncram:altsyncram_component|altsyncram_ql91:auto_generated|ram_block1a0~porta_address_reg7     ; lpm_dff0:inst2|lpm_ff:lpm_ff_component|dffs[0]                                                                  ; clock      ; clock    ; None                        ; None                      ; 3.118 ns                ;
; N/A                                     ; 312.70 MHz ( period = 3.198 ns )                    ; lpm_rom0:inst|altsyncram:altsyncram_component|altsyncram_ql91:auto_generated|ram_block1a0~porta_address_reg0     ; lpm_dff0:inst2|lpm_ff:lpm_ff_component|dffs[3]                                                                  ; clock      ; clock    ; None                        ; None                      ; 3.112 ns                ;
; N/A                                     ; 312.70 MHz ( period = 3.198 ns )                    ; lpm_rom0:inst|altsyncram:altsyncram_component|altsyncram_ql91:auto_generated|ram_block1a0~porta_address_reg1     ; lpm_dff0:inst2|lpm_ff:lpm_ff_component|dffs[3]                                                                  ; clock      ; clock    ; None                        ; None                      ; 3.112 ns                ;
; N/A                                     ; 312.70 MHz ( period = 3.198 ns )                    ; lpm_rom0:inst|altsyncram:altsyncram_component|altsyncram_ql91:auto_generated|ram_block1a0~porta_address_reg2     ; lpm_dff0:inst2|lpm_ff:lpm_ff_component|dffs[3]                                                                  ; clock      ; clock    ; None                        ; None                      ; 3.112 ns                ;
; N/A                                     ; 312.70 MHz ( period = 3.198 ns )                    ; lpm_rom0:inst|altsyncram:altsyncram_component|altsyncram_ql91:auto_generated|ram_block1a0~porta_address_reg3     ; lpm_dff0:inst2|lpm_ff:lpm_ff_component|dffs[3]                                                                  ; clock      ; clock    ; None                        ; None                      ; 3.112 ns                ;
; N/A                                     ; 312.70 MHz ( period = 3.198 ns )                    ; lpm_rom0:inst|altsyncram:altsyncram_component|altsyncram_ql91:auto_generated|ram_block1a0~porta_address_reg4     ; lpm_dff0:inst2|lpm_ff:lpm_ff_component|dffs[3]                                                                  ; clock      ; clock    ; None                        ; None                      ; 3.112 ns                ;
; N/A                                     ; 312.70 MHz ( period = 3.198 ns )                    ; lpm_rom0:inst|altsyncram:altsyncram_component|altsyncram_ql91:auto_generated|ram_block1a0~porta_address_reg5     ; lpm_dff0:inst2|lpm_ff:lpm_ff_component|dffs[3]                                                                  ; clock      ; clock    ; None                        ; None                      ; 3.112 ns                ;
; N/A                                     ; 312.70 MHz ( period = 3.198 ns )                    ; lpm_rom0:inst|altsyncram:altsyncram_component|altsyncram_ql91:auto_generated|ram_block1a0~porta_address_reg6     ; lpm_dff0:inst2|lpm_ff:lpm_ff_component|dffs[3]                                                                  ; clock      ; clock    ; None                        ; None                      ; 3.112 ns                ;
; N/A                                     ; 312.70 MHz ( period = 3.198 ns )                    ; lpm_rom0:inst|altsyncram:altsyncram_component|altsyncram_ql91:auto_generated|ram_block1a0~porta_address_reg7     ; lpm_dff0:inst2|lpm_ff:lpm_ff_component|dffs[3]                                                                  ; clock      ; clock    ; None                        ; None                      ; 3.112 ns                ;
; N/A                                     ; 313.28 MHz ( period = 3.192 ns )                    ; lpm_ram_io:inst1|altram:sram|altsyncram:ram_block|altsyncram_bu91:auto_generated|ram_block1a0~porta_we_reg       ; lpm_dff0:inst2|lpm_ff:lpm_ff_component|dffs[7]                                                                  ; clock      ; clock    ; None                        ; None                      ; 3.102 ns                ;
; N/A                                     ; 313.28 MHz ( period = 3.192 ns )                    ; lpm_ram_io:inst1|altram:sram|altsyncram:ram_block|altsyncram_bu91:auto_generated|ram_block1a0~porta_address_reg0 ; lpm_dff0:inst2|lpm_ff:lpm_ff_component|dffs[7]                                                                  ; clock      ; clock    ; None                        ; None                      ; 3.102 ns                ;
; N/A                                     ; 313.28 MHz ( period = 3.192 ns )                    ; lpm_ram_io:inst1|altram:sram|altsyncram:ram_block|altsyncram_bu91:auto_generated|ram_block1a0~porta_address_reg1 ; lpm_dff0:inst2|lpm_ff:lpm_ff_component|dffs[7]                                                                  ; clock      ; clock    ; None                        ; None                      ; 3.102 ns                ;
; N/A                                     ; 313.28 MHz ( period = 3.192 ns )                    ; lpm_ram_io:inst1|altram:sram|altsyncram:ram_block|altsyncram_bu91:auto_generated|ram_block1a0~porta_address_reg2 ; lpm_dff0:inst2|lpm_ff:lpm_ff_component|dffs[7]                                                                  ; clock      ; clock    ; None                        ; None                      ; 3.102 ns                ;
; N/A                                     ; 313.28 MHz ( period = 3.192 ns )                    ; lpm_ram_io:inst1|altram:sram|altsyncram:ram_block|altsyncram_bu91:auto_generated|ram_block1a0~porta_address_reg3 ; lpm_dff0:inst2|lpm_ff:lpm_ff_component|dffs[7]                                                                  ; clock      ; clock    ; None                        ; None                      ; 3.102 ns                ;
; N/A                                     ; 313.28 MHz ( period = 3.192 ns )                    ; lpm_ram_io:inst1|altram:sram|altsyncram:ram_block|altsyncram_bu91:auto_generated|ram_block1a0~porta_address_reg4 ; lpm_dff0:inst2|lpm_ff:lpm_ff_component|dffs[7]                                                                  ; clock      ; clock    ; None                        ; None                      ; 3.102 ns                ;
; N/A                                     ; 313.28 MHz ( period = 3.192 ns )                    ; lpm_ram_io:inst1|altram:sram|altsyncram:ram_block|altsyncram_bu91:auto_generated|ram_block1a0~porta_address_reg5 ; lpm_dff0:inst2|lpm_ff:lpm_ff_component|dffs[7]                                                                  ; clock      ; clock    ; None                        ; None                      ; 3.102 ns                ;
; N/A                                     ; 313.28 MHz ( period = 3.192 ns )                    ; lpm_ram_io:inst1|altram:sram|altsyncram:ram_block|altsyncram_bu91:auto_generated|ram_block1a0~porta_address_reg6 ; lpm_dff0:inst2|lpm_ff:lpm_ff_component|dffs[7]                                                                  ; clock      ; clock    ; None                        ; None                      ; 3.102 ns                ;
; N/A                                     ; 313.28 MHz ( period = 3.192 ns )                    ; lpm_ram_io:inst1|altram:sram|altsyncram:ram_block|altsyncram_bu91:auto_generated|ram_block1a0~porta_address_reg7 ; lpm_dff0:inst2|lpm_ff:lpm_ff_component|dffs[7]                                                                  ; clock      ; clock    ; None                        ; None                      ; 3.102 ns                ;
; N/A                                     ; 314.76 MHz ( period = 3.177 ns )                    ; lpm_ram_io:inst1|altram:sram|altsyncram:ram_block|altsyncram_bu91:auto_generated|ram_block1a0~porta_we_reg       ; lpm_dff0:inst2|lpm_ff:lpm_ff_component|dffs[6]                                                                  ; clock      ; clock    ; None                        ; None                      ; 3.087 ns                ;
; N/A                                     ; 314.76 MHz ( period = 3.177 ns )                    ; lpm_ram_io:inst1|altram:sram|altsyncram:ram_block|altsyncram_bu91:auto_generated|ram_block1a0~porta_address_reg0 ; lpm_dff0:inst2|lpm_ff:lpm_ff_component|dffs[6]                                                                  ; clock      ; clock    ; None                        ; None                      ; 3.087 ns                ;
; N/A                                     ; 314.76 MHz ( period = 3.177 ns )                    ; lpm_ram_io:inst1|altram:sram|altsyncram:ram_block|altsyncram_bu91:auto_generated|ram_block1a0~porta_address_reg1 ; lpm_dff0:inst2|lpm_ff:lpm_ff_component|dffs[6]                                                                  ; clock      ; clock    ; None                        ; None                      ; 3.087 ns                ;
; N/A                                     ; 314.76 MHz ( period = 3.177 ns )                    ; lpm_ram_io:inst1|altram:sram|altsyncram:ram_block|altsyncram_bu91:auto_generated|ram_block1a0~porta_address_reg2 ; lpm_dff0:inst2|lpm_ff:lpm_ff_component|dffs[6]                                                                  ; clock      ; clock    ; None                        ; None                      ; 3.087 ns                ;
; N/A                                     ; 314.76 MHz ( period = 3.177 ns )                    ; lpm_ram_io:inst1|altram:sram|altsyncram:ram_block|altsyncram_bu91:auto_generated|ram_block1a0~porta_address_reg3 ; lpm_dff0:inst2|lpm_ff:lpm_ff_component|dffs[6]                                                                  ; clock      ; clock    ; None                        ; None                      ; 3.087 ns                ;
; N/A                                     ; 314.76 MHz ( period = 3.177 ns )                    ; lpm_ram_io:inst1|altram:sram|altsyncram:ram_block|altsyncram_bu91:auto_generated|ram_block1a0~porta_address_reg4 ; lpm_dff0:inst2|lpm_ff:lpm_ff_component|dffs[6]                                                                  ; clock      ; clock    ; None                        ; None                      ; 3.087 ns                ;
; N/A                                     ; 314.76 MHz ( period = 3.177 ns )                    ; lpm_ram_io:inst1|altram:sram|altsyncram:ram_block|altsyncram_bu91:auto_generated|ram_block1a0~porta_address_reg5 ; lpm_dff0:inst2|lpm_ff:lpm_ff_component|dffs[6]                                                                  ; clock      ; clock    ; None                        ; None                      ; 3.087 ns                ;
; N/A                                     ; 314.76 MHz ( period = 3.177 ns )                    ; lpm_ram_io:inst1|altram:sram|altsyncram:ram_block|altsyncram_bu91:auto_generated|ram_block1a0~porta_address_reg6 ; lpm_dff0:inst2|lpm_ff:lpm_ff_component|dffs[6]                                                                  ; clock      ; clock    ; None                        ; None                      ; 3.087 ns                ;
; N/A                                     ; 314.76 MHz ( period = 3.177 ns )                    ; lpm_ram_io:inst1|altram:sram|altsyncram:ram_block|altsyncram_bu91:auto_generated|ram_block1a0~porta_address_reg7 ; lpm_dff0:inst2|lpm_ff:lpm_ff_component|dffs[6]                                                                  ; clock      ; clock    ; None                        ; None                      ; 3.087 ns                ;
; N/A                                     ; 315.66 MHz ( period = 3.168 ns )                    ; lpm_ram_io:inst1|altram:sram|altsyncram:ram_block|altsyncram_bu91:auto_generated|ram_block1a0~porta_we_reg       ; lpm_dff0:inst2|lpm_ff:lpm_ff_component|dffs[4]                                                                  ; clock      ; clock    ; None                        ; None                      ; 3.078 ns                ;
; N/A                                     ; 315.66 MHz ( period = 3.168 ns )                    ; lpm_ram_io:inst1|altram:sram|altsyncram:ram_block|altsyncram_bu91:auto_generated|ram_block1a0~porta_address_reg0 ; lpm_dff0:inst2|lpm_ff:lpm_ff_component|dffs[4]                                                                  ; clock      ; clock    ; None                        ; None                      ; 3.078 ns                ;
; N/A                                     ; 315.66 MHz ( period = 3.168 ns )                    ; lpm_ram_io:inst1|altram:sram|altsyncram:ram_block|altsyncram_bu91:auto_generated|ram_block1a0~porta_address_reg1 ; lpm_dff0:inst2|lpm_ff:lpm_ff_component|dffs[4]                                                                  ; clock      ; clock    ; None                        ; None                      ; 3.078 ns                ;
; N/A                                     ; 315.66 MHz ( period = 3.168 ns )                    ; lpm_ram_io:inst1|altram:sram|altsyncram:ram_block|altsyncram_bu91:auto_generated|ram_block1a0~porta_address_reg2 ; lpm_dff0:inst2|lpm_ff:lpm_ff_component|dffs[4]                                                                  ; clock      ; clock    ; None                        ; None                      ; 3.078 ns                ;
; N/A                                     ; 315.66 MHz ( period = 3.168 ns )                    ; lpm_ram_io:inst1|altram:sram|altsyncram:ram_block|altsyncram_bu91:auto_generated|ram_block1a0~porta_address_reg3 ; lpm_dff0:inst2|lpm_ff:lpm_ff_component|dffs[4]                                                                  ; clock      ; clock    ; None                        ; None                      ; 3.078 ns                ;
; N/A                                     ; 315.66 MHz ( period = 3.168 ns )                    ; lpm_ram_io:inst1|altram:sram|altsyncram:ram_block|altsyncram_bu91:auto_generated|ram_block1a0~porta_address_reg4 ; lpm_dff0:inst2|lpm_ff:lpm_ff_component|dffs[4]                                                                  ; clock      ; clock    ; None                        ; None                      ; 3.078 ns                ;
; N/A                                     ; 315.66 MHz ( period = 3.168 ns )                    ; lpm_ram_io:inst1|altram:sram|altsyncram:ram_block|altsyncram_bu91:auto_generated|ram_block1a0~porta_address_reg5 ; lpm_dff0:inst2|lpm_ff:lpm_ff_component|dffs[4]                                                                  ; clock      ; clock    ; None                        ; None                      ; 3.078 ns                ;
; N/A                                     ; 315.66 MHz ( period = 3.168 ns )                    ; lpm_ram_io:inst1|altram:sram|altsyncram:ram_block|altsyncram_bu91:auto_generated|ram_block1a0~porta_address_reg6 ; lpm_dff0:inst2|lpm_ff:lpm_ff_component|dffs[4]                                                                  ; clock      ; clock    ; None                        ; None                      ; 3.078 ns                ;
; N/A                                     ; 315.66 MHz ( period = 3.168 ns )                    ; lpm_ram_io:inst1|altram:sram|altsyncram:ram_block|altsyncram_bu91:auto_generated|ram_block1a0~porta_address_reg7 ; lpm_dff0:inst2|lpm_ff:lpm_ff_component|dffs[4]                                                                  ; clock      ; clock    ; None                        ; None                      ; 3.078 ns                ;
; N/A                                     ; 316.06 MHz ( period = 3.164 ns )                    ; lpm_ram_io:inst1|altram:sram|altsyncram:ram_block|altsyncram_bu91:auto_generated|ram_block1a0~porta_we_reg       ; lpm_ram_io:inst1|altram:sram|altsyncram:ram_block|altsyncram_bu91:auto_generated|ram_block1a0~porta_datain_reg3 ; clock      ; clock    ; None                        ; None                      ; 3.006 ns                ;
; N/A                                     ; 316.06 MHz ( period = 3.164 ns )                    ; lpm_ram_io:inst1|altram:sram|altsyncram:ram_block|altsyncram_bu91:auto_generated|ram_block1a0~porta_address_reg0 ; lpm_ram_io:inst1|altram:sram|altsyncram:ram_block|altsyncram_bu91:auto_generated|ram_block1a0~porta_datain_reg3 ; clock      ; clock    ; None                        ; None                      ; 3.006 ns                ;
; N/A                                     ; 316.06 MHz ( period = 3.164 ns )                    ; lpm_ram_io:inst1|altram:sram|altsyncram:ram_block|altsyncram_bu91:auto_generated|ram_block1a0~porta_address_reg1 ; lpm_ram_io:inst1|altram:sram|altsyncram:ram_block|altsyncram_bu91:auto_generated|ram_block1a0~porta_datain_reg3 ; clock      ; clock    ; None                        ; None                      ; 3.006 ns                ;
; N/A                                     ; 316.06 MHz ( period = 3.164 ns )                    ; lpm_ram_io:inst1|altram:sram|altsyncram:ram_block|altsyncram_bu91:auto_generated|ram_block1a0~porta_address_reg2 ; lpm_ram_io:inst1|altram:sram|altsyncram:ram_block|altsyncram_bu91:auto_generated|ram_block1a0~porta_datain_reg3 ; clock      ; clock    ; None                        ; None                      ; 3.006 ns                ;
; N/A                                     ; 316.06 MHz ( period = 3.164 ns )                    ; lpm_ram_io:inst1|altram:sram|altsyncram:ram_block|altsyncram_bu91:auto_generated|ram_block1a0~porta_address_reg3 ; lpm_ram_io:inst1|altram:sram|altsyncram:ram_block|altsyncram_bu91:auto_generated|ram_block1a0~porta_datain_reg3 ; clock      ; clock    ; None                        ; None                      ; 3.006 ns                ;
; N/A                                     ; 316.06 MHz ( period = 3.164 ns )                    ; lpm_ram_io:inst1|altram:sram|altsyncram:ram_block|altsyncram_bu91:auto_generated|ram_block1a0~porta_address_reg4 ; lpm_ram_io:inst1|altram:sram|altsyncram:ram_block|altsyncram_bu91:auto_generated|ram_block1a0~porta_datain_reg3 ; clock      ; clock    ; None                        ; None                      ; 3.006 ns                ;
; N/A                                     ; 316.06 MHz ( period = 3.164 ns )                    ; lpm_ram_io:inst1|altram:sram|altsyncram:ram_block|altsyncram_bu91:auto_generated|ram_block1a0~porta_address_reg5 ; lpm_ram_io:inst1|altram:sram|altsyncram:ram_block|altsyncram_bu91:auto_generated|ram_block1a0~porta_datain_reg3 ; clock      ; clock    ; None                        ; None                      ; 3.006 ns                ;
; N/A                                     ; 316.06 MHz ( period = 3.164 ns )                    ; lpm_ram_io:inst1|altram:sram|altsyncram:ram_block|altsyncram_bu91:auto_generated|ram_block1a0~porta_address_reg6 ; lpm_ram_io:inst1|altram:sram|altsyncram:ram_block|altsyncram_bu91:auto_generated|ram_block1a0~porta_datain_reg3 ; clock      ; clock    ; None                        ; None                      ; 3.006 ns                ;
; N/A                                     ; 316.06 MHz ( period = 3.164 ns )                    ; lpm_ram_io:inst1|altram:sram|altsyncram:ram_block|altsyncram_bu91:auto_generated|ram_block1a0~porta_address_reg7 ; lpm_ram_io:inst1|altram:sram|altsyncram:ram_block|altsyncram_bu91:auto_generated|ram_block1a0~porta_datain_reg3 ; clock      ; clock    ; None                        ; None                      ; 3.006 ns                ;
; N/A                                     ; 316.16 MHz ( period = 3.163 ns )                    ; lpm_ram_io:inst1|altram:sram|altsyncram:ram_block|altsyncram_bu91:auto_generated|ram_block1a0~porta_we_reg       ; lpm_ram_io:inst1|altram:sram|altsyncram:ram_block|altsyncram_bu91:auto_generated|ram_block1a0~porta_datain_reg0 ; clock      ; clock    ; None                        ; None                      ; 3.005 ns                ;
; N/A                                     ; 316.16 MHz ( period = 3.163 ns )                    ; lpm_ram_io:inst1|altram:sram|altsyncram:ram_block|altsyncram_bu91:auto_generated|ram_block1a0~porta_address_reg0 ; lpm_ram_io:inst1|altram:sram|altsyncram:ram_block|altsyncram_bu91:auto_generated|ram_block1a0~porta_datain_reg0 ; clock      ; clock    ; None                        ; None                      ; 3.005 ns                ;
; N/A                                     ; 316.16 MHz ( period = 3.163 ns )                    ; lpm_ram_io:inst1|altram:sram|altsyncram:ram_block|altsyncram_bu91:auto_generated|ram_block1a0~porta_address_reg1 ; lpm_ram_io:inst1|altram:sram|altsyncram:ram_block|altsyncram_bu91:auto_generated|ram_block1a0~porta_datain_reg0 ; clock      ; clock    ; None                        ; None                      ; 3.005 ns                ;
; N/A                                     ; 316.16 MHz ( period = 3.163 ns )                    ; lpm_ram_io:inst1|altram:sram|altsyncram:ram_block|altsyncram_bu91:auto_generated|ram_block1a0~porta_address_reg2 ; lpm_ram_io:inst1|altram:sram|altsyncram:ram_block|altsyncram_bu91:auto_generated|ram_block1a0~porta_datain_reg0 ; clock      ; clock    ; None                        ; None                      ; 3.005 ns                ;
; N/A                                     ; 316.16 MHz ( period = 3.163 ns )                    ; lpm_ram_io:inst1|altram:sram|altsyncram:ram_block|altsyncram_bu91:auto_generated|ram_block1a0~porta_address_reg3 ; lpm_ram_io:inst1|altram:sram|altsyncram:ram_block|altsyncram_bu91:auto_generated|ram_block1a0~porta_datain_reg0 ; clock      ; clock    ; None                        ; None                      ; 3.005 ns                ;
; N/A                                     ; 316.16 MHz ( period = 3.163 ns )                    ; lpm_ram_io:inst1|altram:sram|altsyncram:ram_block|altsyncram_bu91:auto_generated|ram_block1a0~porta_address_reg4 ; lpm_ram_io:inst1|altram:sram|altsyncram:ram_block|altsyncram_bu91:auto_generated|ram_block1a0~porta_datain_reg0 ; clock      ; clock    ; None                        ; None                      ; 3.005 ns                ;
; N/A                                     ; 316.16 MHz ( period = 3.163 ns )                    ; lpm_ram_io:inst1|altram:sram|altsyncram:ram_block|altsyncram_bu91:auto_generated|ram_block1a0~porta_address_reg5 ; lpm_ram_io:inst1|altram:sram|altsyncram:ram_block|altsyncram_bu91:auto_generated|ram_block1a0~porta_datain_reg0 ; clock      ; clock    ; None                        ; None                      ; 3.005 ns                ;
; N/A                                     ; 316.16 MHz ( period = 3.163 ns )                    ; lpm_ram_io:inst1|altram:sram|altsyncram:ram_block|altsyncram_bu91:auto_generated|ram_block1a0~porta_address_reg6 ; lpm_ram_io:inst1|altram:sram|altsyncram:ram_block|altsyncram_bu91:auto_generated|ram_block1a0~porta_datain_reg0 ; clock      ; clock    ; None                        ; None                      ; 3.005 ns                ;
; N/A                                     ; 316.16 MHz ( period = 3.163 ns )                    ; lpm_ram_io:inst1|altram:sram|altsyncram:ram_block|altsyncram_bu91:auto_generated|ram_block1a0~porta_address_reg7 ; lpm_ram_io:inst1|altram:sram|altsyncram:ram_block|altsyncram_bu91:auto_generated|ram_block1a0~porta_datain_reg0 ; clock      ; clock    ; None                        ; None                      ; 3.005 ns                ;
; N/A                                     ; 316.16 MHz ( period = 3.163 ns )                    ; lpm_ram_io:inst1|altram:sram|altsyncram:ram_block|altsyncram_bu91:auto_generated|ram_block1a0~porta_we_reg       ; lpm_ram_io:inst1|altram:sram|altsyncram:ram_block|altsyncram_bu91:auto_generated|ram_block1a0~porta_datain_reg2 ; clock      ; clock    ; None                        ; None                      ; 3.005 ns                ;
; N/A                                     ; 316.16 MHz ( period = 3.163 ns )                    ; lpm_ram_io:inst1|altram:sram|altsyncram:ram_block|altsyncram_bu91:auto_generated|ram_block1a0~porta_address_reg0 ; lpm_ram_io:inst1|altram:sram|altsyncram:ram_block|altsyncram_bu91:auto_generated|ram_block1a0~porta_datain_reg2 ; clock      ; clock    ; None                        ; None                      ; 3.005 ns                ;
; N/A                                     ; 316.16 MHz ( period = 3.163 ns )                    ; lpm_ram_io:inst1|altram:sram|altsyncram:ram_block|altsyncram_bu91:auto_generated|ram_block1a0~porta_address_reg1 ; lpm_ram_io:inst1|altram:sram|altsyncram:ram_block|altsyncram_bu91:auto_generated|ram_block1a0~porta_datain_reg2 ; clock      ; clock    ; None                        ; None                      ; 3.005 ns                ;
; N/A                                     ; 316.16 MHz ( period = 3.163 ns )                    ; lpm_ram_io:inst1|altram:sram|altsyncram:ram_block|altsyncram_bu91:auto_generated|ram_block1a0~porta_address_reg2 ; lpm_ram_io:inst1|altram:sram|altsyncram:ram_block|altsyncram_bu91:auto_generated|ram_block1a0~porta_datain_reg2 ; clock      ; clock    ; None                        ; None                      ; 3.005 ns                ;
; N/A                                     ; 316.16 MHz ( period = 3.163 ns )                    ; lpm_ram_io:inst1|altram:sram|altsyncram:ram_block|altsyncram_bu91:auto_generated|ram_block1a0~porta_address_reg3 ; lpm_ram_io:inst1|altram:sram|altsyncram:ram_block|altsyncram_bu91:auto_generated|ram_block1a0~porta_datain_reg2 ; clock      ; clock    ; None                        ; None                      ; 3.005 ns                ;
; N/A                                     ; 316.16 MHz ( period = 3.163 ns )                    ; lpm_ram_io:inst1|altram:sram|altsyncram:ram_block|altsyncram_bu91:auto_generated|ram_block1a0~porta_address_reg4 ; lpm_ram_io:inst1|altram:sram|altsyncram:ram_block|altsyncram_bu91:auto_generated|ram_block1a0~porta_datain_reg2 ; clock      ; clock    ; None                        ; None                      ; 3.005 ns                ;
; N/A                                     ; 316.16 MHz ( period = 3.163 ns )                    ; lpm_ram_io:inst1|altram:sram|altsyncram:ram_block|altsyncram_bu91:auto_generated|ram_block1a0~porta_address_reg5 ; lpm_ram_io:inst1|altram:sram|altsyncram:ram_block|altsyncram_bu91:auto_generated|ram_block1a0~porta_datain_reg2 ; clock      ; clock    ; None                        ; None                      ; 3.005 ns                ;
; N/A                                     ; 316.16 MHz ( period = 3.163 ns )                    ; lpm_ram_io:inst1|altram:sram|altsyncram:ram_block|altsyncram_bu91:auto_generated|ram_block1a0~porta_address_reg6 ; lpm_ram_io:inst1|altram:sram|altsyncram:ram_block|altsyncram_bu91:auto_generated|ram_block1a0~porta_datain_reg2 ; clock      ; clock    ; None                        ; None                      ; 3.005 ns                ;
; N/A                                     ; 316.16 MHz ( period = 3.163 ns )                    ; lpm_ram_io:inst1|altram:sram|altsyncram:ram_block|altsyncram_bu91:auto_generated|ram_block1a0~porta_address_reg7 ; lpm_ram_io:inst1|altram:sram|altsyncram:ram_block|altsyncram_bu91:auto_generated|ram_block1a0~porta_datain_reg2 ; clock      ; clock    ; None                        ; None                      ; 3.005 ns                ;
; N/A                                     ; 316.76 MHz ( period = 3.157 ns )                    ; lpm_rom0:inst|altsyncram:altsyncram_component|altsyncram_ql91:auto_generated|ram_block1a0~porta_address_reg0     ; lpm_dff0:inst2|lpm_ff:lpm_ff_component|dffs[4]                                                                  ; clock      ; clock    ; None                        ; None                      ; 3.069 ns                ;
; N/A                                     ; 316.76 MHz ( period = 3.157 ns )                    ; lpm_rom0:inst|altsyncram:altsyncram_component|altsyncram_ql91:auto_generated|ram_block1a0~porta_address_reg1     ; lpm_dff0:inst2|lpm_ff:lpm_ff_component|dffs[4]                                                                  ; clock      ; clock    ; None                        ; None                      ; 3.069 ns                ;
; N/A                                     ; 316.76 MHz ( period = 3.157 ns )                    ; lpm_rom0:inst|altsyncram:altsyncram_component|altsyncram_ql91:auto_generated|ram_block1a0~porta_address_reg2     ; lpm_dff0:inst2|lpm_ff:lpm_ff_component|dffs[4]                                                                  ; clock      ; clock    ; None                        ; None                      ; 3.069 ns                ;
; N/A                                     ; 316.76 MHz ( period = 3.157 ns )                    ; lpm_rom0:inst|altsyncram:altsyncram_component|altsyncram_ql91:auto_generated|ram_block1a0~porta_address_reg3     ; lpm_dff0:inst2|lpm_ff:lpm_ff_component|dffs[4]                                                                  ; clock      ; clock    ; None                        ; None                      ; 3.069 ns                ;
; N/A                                     ; 316.76 MHz ( period = 3.157 ns )                    ; lpm_rom0:inst|altsyncram:altsyncram_component|altsyncram_ql91:auto_generated|ram_block1a0~porta_address_reg4     ; lpm_dff0:inst2|lpm_ff:lpm_ff_component|dffs[4]                                                                  ; clock      ; clock    ; None                        ; None                      ; 3.069 ns                ;
; N/A                                     ; 316.76 MHz ( period = 3.157 ns )                    ; lpm_rom0:inst|altsyncram:altsyncram_component|altsyncram_ql91:auto_generated|ram_block1a0~porta_address_reg5     ; lpm_dff0:inst2|lpm_ff:lpm_ff_component|dffs[4]                                                                  ; clock      ; clock    ; None                        ; None                      ; 3.069 ns                ;
; N/A                                     ; 316.76 MHz ( period = 3.157 ns )                    ; lpm_rom0:inst|altsyncram:altsyncram_component|altsyncram_ql91:auto_generated|ram_block1a0~porta_address_reg6     ; lpm_dff0:inst2|lpm_ff:lpm_ff_component|dffs[4]                                                                  ; clock      ; clock    ; None                        ; None                      ; 3.069 ns                ;
; N/A                                     ; 316.76 MHz ( period = 3.157 ns )                    ; lpm_rom0:inst|altsyncram:altsyncram_component|altsyncram_ql91:auto_generated|ram_block1a0~porta_address_reg7     ; lpm_dff0:inst2|lpm_ff:lpm_ff_component|dffs[4]                                                                  ; clock      ; clock    ; None                        ; None                      ; 3.069 ns                ;
; N/A                                     ; 317.46 MHz ( period = 3.150 ns )                    ; lpm_rom0:inst|altsyncram:altsyncram_component|altsyncram_ql91:auto_generated|ram_block1a0~porta_address_reg0     ; lpm_dff0:inst2|lpm_ff:lpm_ff_component|dffs[5]                                                                  ; clock      ; clock    ; None                        ; None                      ; 3.062 ns                ;
; N/A                                     ; 317.46 MHz ( period = 3.150 ns )                    ; lpm_rom0:inst|altsyncram:altsyncram_component|altsyncram_ql91:auto_generated|ram_block1a0~porta_address_reg1     ; lpm_dff0:inst2|lpm_ff:lpm_ff_component|dffs[5]                                                                  ; clock      ; clock    ; None                        ; None                      ; 3.062 ns                ;
; N/A                                     ; 317.46 MHz ( period = 3.150 ns )                    ; lpm_rom0:inst|altsyncram:altsyncram_component|altsyncram_ql91:auto_generated|ram_block1a0~porta_address_reg2     ; lpm_dff0:inst2|lpm_ff:lpm_ff_component|dffs[5]                                                                  ; clock      ; clock    ; None                        ; None                      ; 3.062 ns                ;
; N/A                                     ; 317.46 MHz ( period = 3.150 ns )                    ; lpm_rom0:inst|altsyncram:altsyncram_component|altsyncram_ql91:auto_generated|ram_block1a0~porta_address_reg3     ; lpm_dff0:inst2|lpm_ff:lpm_ff_component|dffs[5]                                                                  ; clock      ; clock    ; None                        ; None                      ; 3.062 ns                ;
; N/A                                     ; 317.46 MHz ( period = 3.150 ns )                    ; lpm_rom0:inst|altsyncram:altsyncram_component|altsyncram_ql91:auto_generated|ram_block1a0~porta_address_reg4     ; lpm_dff0:inst2|lpm_ff:lpm_ff_component|dffs[5]                                                                  ; clock      ; clock    ; None                        ; None                      ; 3.062 ns                ;
; N/A                                     ; 317.46 MHz ( period = 3.150 ns )                    ; lpm_rom0:inst|altsyncram:altsyncram_component|altsyncram_ql91:auto_generated|ram_block1a0~porta_address_reg5     ; lpm_dff0:inst2|lpm_ff:lpm_ff_component|dffs[5]                                                                  ; clock      ; clock    ; None                        ; None                      ; 3.062 ns                ;
; N/A                                     ; 317.46 MHz ( period = 3.150 ns )                    ; lpm_rom0:inst|altsyncram:altsyncram_component|altsyncram_ql91:auto_generated|ram_block1a0~porta_address_reg6     ; lpm_dff0:inst2|lpm_ff:lpm_ff_component|dffs[5]                                                                  ; clock      ; clock    ; None                        ; None                      ; 3.062 ns                ;
; N/A                                     ; 317.46 MHz ( period = 3.150 ns )                    ; lpm_rom0:inst|altsyncram:altsyncram_component|altsyncram_ql91:auto_generated|ram_block1a0~porta_address_reg7     ; lpm_dff0:inst2|lpm_ff:lpm_ff_component|dffs[5]                                                                  ; clock      ; clock    ; None                        ; None                      ; 3.062 ns                ;
; N/A                                     ; 318.67 MHz ( period = 3.138 ns )                    ; lpm_ram_io:inst1|altram:sram|altsyncram:ram_block|altsyncram_bu91:auto_generated|ram_block1a0~porta_we_reg       ; lpm_dff0:inst2|lpm_ff:lpm_ff_component|dffs[3]                                                                  ; clock      ; clock    ; None                        ; None                      ; 3.050 ns                ;
; N/A                                     ; 318.67 MHz ( period = 3.138 ns )                    ; lpm_ram_io:inst1|altram:sram|altsyncram:ram_block|altsyncram_bu91:auto_generated|ram_block1a0~porta_address_reg0 ; lpm_dff0:inst2|lpm_ff:lpm_ff_component|dffs[3]                                                                  ; clock      ; clock    ; None                        ; None                      ; 3.050 ns                ;
; N/A                                     ; 318.67 MHz ( period = 3.138 ns )                    ; lpm_ram_io:inst1|altram:sram|altsyncram:ram_block|altsyncram_bu91:auto_generated|ram_block1a0~porta_address_reg1 ; lpm_dff0:inst2|lpm_ff:lpm_ff_component|dffs[3]                                                                  ; clock      ; clock    ; None                        ; None                      ; 3.050 ns                ;
; N/A                                     ; 318.67 MHz ( period = 3.138 ns )                    ; lpm_ram_io:inst1|altram:sram|altsyncram:ram_block|altsyncram_bu91:auto_generated|ram_block1a0~porta_address_reg2 ; lpm_dff0:inst2|lpm_ff:lpm_ff_component|dffs[3]                                                                  ; clock      ; clock    ; None                        ; None                      ; 3.050 ns                ;
; N/A                                     ; 318.67 MHz ( period = 3.138 ns )                    ; lpm_ram_io:inst1|altram:sram|altsyncram:ram_block|altsyncram_bu91:auto_generated|ram_block1a0~porta_address_reg3 ; lpm_dff0:inst2|lpm_ff:lpm_ff_component|dffs[3]                                                                  ; clock      ; clock    ; None                        ; None                      ; 3.050 ns                ;
; N/A                                     ; 318.67 MHz ( period = 3.138 ns )                    ; lpm_ram_io:inst1|altram:sram|altsyncram:ram_block|altsyncram_bu91:auto_generated|ram_block1a0~porta_address_reg4 ; lpm_dff0:inst2|lpm_ff:lpm_ff_component|dffs[3]                                                                  ; clock      ; clock    ; None                        ; None                      ; 3.050 ns                ;
; N/A                                     ; 318.67 MHz ( period = 3.138 ns )                    ; lpm_ram_io:inst1|altram:sram|altsyncram:ram_block|altsyncram_bu91:auto_generated|ram_block1a0~porta_address_reg5 ; lpm_dff0:inst2|lpm_ff:lpm_ff_component|dffs[3]                                                                  ; clock      ; clock    ; None                        ; None                      ; 3.050 ns                ;
; N/A                                     ; 318.67 MHz ( period = 3.138 ns )                    ; lpm_ram_io:inst1|altram:sram|altsyncram:ram_block|altsyncram_bu91:auto_generated|ram_block1a0~porta_address_reg6 ; lpm_dff0:inst2|lpm_ff:lpm_ff_component|dffs[3]                                                                  ; clock      ; clock    ; None                        ; None                      ; 3.050 ns                ;
; N/A                                     ; 318.67 MHz ( period = 3.138 ns )                    ; lpm_ram_io:inst1|altram:sram|altsyncram:ram_block|altsyncram_bu91:auto_generated|ram_block1a0~porta_address_reg7 ; lpm_dff0:inst2|lpm_ff:lpm_ff_component|dffs[3]                                                                  ; clock      ; clock    ; None                        ; None                      ; 3.050 ns                ;
; N/A                                     ; 319.69 MHz ( period = 3.128 ns )                    ; lpm_ram_io:inst1|altram:sram|altsyncram:ram_block|altsyncram_bu91:auto_generated|ram_block1a0~porta_we_reg       ; lpm_dff0:inst2|lpm_ff:lpm_ff_component|dffs[0]                                                                  ; clock      ; clock    ; None                        ; None                      ; 3.040 ns                ;
; N/A                                     ; 319.69 MHz ( period = 3.128 ns )                    ; lpm_ram_io:inst1|altram:sram|altsyncram:ram_block|altsyncram_bu91:auto_generated|ram_block1a0~porta_address_reg0 ; lpm_dff0:inst2|lpm_ff:lpm_ff_component|dffs[0]                                                                  ; clock      ; clock    ; None                        ; None                      ; 3.040 ns                ;
; N/A                                     ; 319.69 MHz ( period = 3.128 ns )                    ; lpm_ram_io:inst1|altram:sram|altsyncram:ram_block|altsyncram_bu91:auto_generated|ram_block1a0~porta_address_reg1 ; lpm_dff0:inst2|lpm_ff:lpm_ff_component|dffs[0]                                                                  ; clock      ; clock    ; None                        ; None                      ; 3.040 ns                ;
; N/A                                     ; 319.69 MHz ( period = 3.128 ns )                    ; lpm_ram_io:inst1|altram:sram|altsyncram:ram_block|altsyncram_bu91:auto_generated|ram_block1a0~porta_address_reg2 ; lpm_dff0:inst2|lpm_ff:lpm_ff_component|dffs[0]                                                                  ; clock      ; clock    ; None                        ; None                      ; 3.040 ns                ;
; N/A                                     ; 319.69 MHz ( period = 3.128 ns )                    ; lpm_ram_io:inst1|altram:sram|altsyncram:ram_block|altsyncram_bu91:auto_generated|ram_block1a0~porta_address_reg3 ; lpm_dff0:inst2|lpm_ff:lpm_ff_component|dffs[0]                                                                  ; clock      ; clock    ; None                        ; None                      ; 3.040 ns                ;
; N/A                                     ; 319.69 MHz ( period = 3.128 ns )                    ; lpm_ram_io:inst1|altram:sram|altsyncram:ram_block|altsyncram_bu91:auto_generated|ram_block1a0~porta_address_reg4 ; lpm_dff0:inst2|lpm_ff:lpm_ff_component|dffs[0]                                                                  ; clock      ; clock    ; None                        ; None                      ; 3.040 ns                ;
; N/A                                     ; 319.69 MHz ( period = 3.128 ns )                    ; lpm_ram_io:inst1|altram:sram|altsyncram:ram_block|altsyncram_bu91:auto_generated|ram_block1a0~porta_address_reg5 ; lpm_dff0:inst2|lpm_ff:lpm_ff_component|dffs[0]                                                                  ; clock      ; clock    ; None                        ; None                      ; 3.040 ns                ;
; N/A                                     ; 319.69 MHz ( period = 3.128 ns )                    ; lpm_ram_io:inst1|altram:sram|altsyncram:ram_block|altsyncram_bu91:auto_generated|ram_block1a0~porta_address_reg6 ; lpm_dff0:inst2|lpm_ff:lpm_ff_component|dffs[0]                                                                  ; clock      ; clock    ; None                        ; None                      ; 3.040 ns                ;
; N/A                                     ; 319.69 MHz ( period = 3.128 ns )                    ; lpm_ram_io:inst1|altram:sram|altsyncram:ram_block|altsyncram_bu91:auto_generated|ram_block1a0~porta_address_reg7 ; lpm_dff0:inst2|lpm_ff:lpm_ff_component|dffs[0]                                                                  ; clock      ; clock    ; None                        ; None                      ; 3.040 ns                ;
; N/A                                     ; 320.10 MHz ( period = 3.124 ns )                    ; lpm_rom0:inst|altsyncram:altsyncram_component|altsyncram_ql91:auto_generated|ram_block1a0~porta_address_reg0     ; lpm_dff0:inst2|lpm_ff:lpm_ff_component|dffs[6]                                                                  ; clock      ; clock    ; None                        ; None                      ; 3.036 ns                ;
; N/A                                     ; 320.10 MHz ( period = 3.124 ns )                    ; lpm_rom0:inst|altsyncram:altsyncram_component|altsyncram_ql91:auto_generated|ram_block1a0~porta_address_reg1     ; lpm_dff0:inst2|lpm_ff:lpm_ff_component|dffs[6]                                                                  ; clock      ; clock    ; None                        ; None                      ; 3.036 ns                ;
; N/A                                     ; 320.10 MHz ( period = 3.124 ns )                    ; lpm_rom0:inst|altsyncram:altsyncram_component|altsyncram_ql91:auto_generated|ram_block1a0~porta_address_reg2     ; lpm_dff0:inst2|lpm_ff:lpm_ff_component|dffs[6]                                                                  ; clock      ; clock    ; None                        ; None                      ; 3.036 ns                ;
; N/A                                     ; 320.10 MHz ( period = 3.124 ns )                    ; lpm_rom0:inst|altsyncram:altsyncram_component|altsyncram_ql91:auto_generated|ram_block1a0~porta_address_reg3     ; lpm_dff0:inst2|lpm_ff:lpm_ff_component|dffs[6]                                                                  ; clock      ; clock    ; None                        ; None                      ; 3.036 ns                ;
; N/A                                     ; 320.10 MHz ( period = 3.124 ns )                    ; lpm_rom0:inst|altsyncram:altsyncram_component|altsyncram_ql91:auto_generated|ram_block1a0~porta_address_reg4     ; lpm_dff0:inst2|lpm_ff:lpm_ff_component|dffs[6]                                                                  ; clock      ; clock    ; None                        ; None                      ; 3.036 ns                ;
; N/A                                     ; 320.10 MHz ( period = 3.124 ns )                    ; lpm_rom0:inst|altsyncram:altsyncram_component|altsyncram_ql91:auto_generated|ram_block1a0~porta_address_reg5     ; lpm_dff0:inst2|lpm_ff:lpm_ff_component|dffs[6]                                                                  ; clock      ; clock    ; None                        ; None                      ; 3.036 ns                ;
; N/A                                     ; 320.10 MHz ( period = 3.124 ns )                    ; lpm_rom0:inst|altsyncram:altsyncram_component|altsyncram_ql91:auto_generated|ram_block1a0~porta_address_reg6     ; lpm_dff0:inst2|lpm_ff:lpm_ff_component|dffs[6]                                                                  ; clock      ; clock    ; None                        ; None                      ; 3.036 ns                ;
; N/A                                     ; 320.10 MHz ( period = 3.124 ns )                    ; lpm_rom0:inst|altsyncram:altsyncram_component|altsyncram_ql91:auto_generated|ram_block1a0~porta_address_reg7     ; lpm_dff0:inst2|lpm_ff:lpm_ff_component|dffs[6]                                                                  ; clock      ; clock    ; None                        ; None                      ; 3.036 ns                ;
; N/A                                     ; 322.16 MHz ( period = 3.104 ns )                    ; lpm_ram_io:inst1|altram:sram|altsyncram:ram_block|altsyncram_bu91:auto_generated|ram_block1a0~porta_we_reg       ; lpm_dff0:inst2|lpm_ff:lpm_ff_component|dffs[2]                                                                  ; clock      ; clock    ; None                        ; None                      ; 3.016 ns                ;
; N/A                                     ; 322.16 MHz ( period = 3.104 ns )                    ; lpm_ram_io:inst1|altram:sram|altsyncram:ram_block|altsyncram_bu91:auto_generated|ram_block1a0~porta_address_reg0 ; lpm_dff0:inst2|lpm_ff:lpm_ff_component|dffs[2]                                                                  ; clock      ; clock    ; None                        ; None                      ; 3.016 ns                ;
; N/A                                     ; 322.16 MHz ( period = 3.104 ns )                    ; lpm_ram_io:inst1|altram:sram|altsyncram:ram_block|altsyncram_bu91:auto_generated|ram_block1a0~porta_address_reg1 ; lpm_dff0:inst2|lpm_ff:lpm_ff_component|dffs[2]                                                                  ; clock      ; clock    ; None                        ; None                      ; 3.016 ns                ;
; N/A                                     ; 322.16 MHz ( period = 3.104 ns )                    ; lpm_ram_io:inst1|altram:sram|altsyncram:ram_block|altsyncram_bu91:auto_generated|ram_block1a0~porta_address_reg2 ; lpm_dff0:inst2|lpm_ff:lpm_ff_component|dffs[2]                                                                  ; clock      ; clock    ; None                        ; None                      ; 3.016 ns                ;
; N/A                                     ; 322.16 MHz ( period = 3.104 ns )                    ; lpm_ram_io:inst1|altram:sram|altsyncram:ram_block|altsyncram_bu91:auto_generated|ram_block1a0~porta_address_reg3 ; lpm_dff0:inst2|lpm_ff:lpm_ff_component|dffs[2]                                                                  ; clock      ; clock    ; None                        ; None                      ; 3.016 ns                ;
; N/A                                     ; 322.16 MHz ( period = 3.104 ns )                    ; lpm_ram_io:inst1|altram:sram|altsyncram:ram_block|altsyncram_bu91:auto_generated|ram_block1a0~porta_address_reg4 ; lpm_dff0:inst2|lpm_ff:lpm_ff_component|dffs[2]                                                                  ; clock      ; clock    ; None                        ; None                      ; 3.016 ns                ;
; N/A                                     ; 322.16 MHz ( period = 3.104 ns )                    ; lpm_ram_io:inst1|altram:sram|altsyncram:ram_block|altsyncram_bu91:auto_generated|ram_block1a0~porta_address_reg5 ; lpm_dff0:inst2|lpm_ff:lpm_ff_component|dffs[2]                                                                  ; clock      ; clock    ; None                        ; None                      ; 3.016 ns                ;
; N/A                                     ; 322.16 MHz ( period = 3.104 ns )                    ; lpm_ram_io:inst1|altram:sram|altsyncram:ram_block|altsyncram_bu91:auto_generated|ram_block1a0~porta_address_reg6 ; lpm_dff0:inst2|lpm_ff:lpm_ff_component|dffs[2]                                                                  ; clock      ; clock    ; None                        ; None                      ; 3.016 ns                ;
; N/A                                     ; 322.16 MHz ( period = 3.104 ns )                    ; lpm_ram_io:inst1|altram:sram|altsyncram:ram_block|altsyncram_bu91:auto_generated|ram_block1a0~porta_address_reg7 ; lpm_dff0:inst2|lpm_ff:lpm_ff_component|dffs[2]                                                                  ; clock      ; clock    ; None                        ; None                      ; 3.016 ns                ;
; N/A                                     ; 323.52 MHz ( period = 3.091 ns )                    ; lpm_rom0:inst|altsyncram:altsyncram_component|altsyncram_ql91:auto_generated|ram_block1a0~porta_address_reg0     ; lpm_dff0:inst2|lpm_ff:lpm_ff_component|dffs[7]                                                                  ; clock      ; clock    ; None                        ; None                      ; 3.003 ns                ;
; N/A                                     ; 323.52 MHz ( period = 3.091 ns )                    ; lpm_rom0:inst|altsyncram:altsyncram_component|altsyncram_ql91:auto_generated|ram_block1a0~porta_address_reg1     ; lpm_dff0:inst2|lpm_ff:lpm_ff_component|dffs[7]                                                                  ; clock      ; clock    ; None                        ; None                      ; 3.003 ns                ;
; N/A                                     ; 323.52 MHz ( period = 3.091 ns )                    ; lpm_rom0:inst|altsyncram:altsyncram_component|altsyncram_ql91:auto_generated|ram_block1a0~porta_address_reg2     ; lpm_dff0:inst2|lpm_ff:lpm_ff_component|dffs[7]                                                                  ; clock      ; clock    ; None                        ; None                      ; 3.003 ns                ;
; N/A                                     ; 323.52 MHz ( period = 3.091 ns )                    ; lpm_rom0:inst|altsyncram:altsyncram_component|altsyncram_ql91:auto_generated|ram_block1a0~porta_address_reg3     ; lpm_dff0:inst2|lpm_ff:lpm_ff_component|dffs[7]                                                                  ; clock      ; clock    ; None                        ; None                      ; 3.003 ns                ;
; N/A                                     ; 323.52 MHz ( period = 3.091 ns )                    ; lpm_rom0:inst|altsyncram:altsyncram_component|altsyncram_ql91:auto_generated|ram_block1a0~porta_address_reg4     ; lpm_dff0:inst2|lpm_ff:lpm_ff_component|dffs[7]                                                                  ; clock      ; clock    ; None                        ; None                      ; 3.003 ns                ;
; N/A                                     ; 323.52 MHz ( period = 3.091 ns )                    ; lpm_rom0:inst|altsyncram:altsyncram_component|altsyncram_ql91:auto_generated|ram_block1a0~porta_address_reg5     ; lpm_dff0:inst2|lpm_ff:lpm_ff_component|dffs[7]                                                                  ; clock      ; clock    ; None                        ; None                      ; 3.003 ns                ;
; N/A                                     ; 323.52 MHz ( period = 3.091 ns )                    ; lpm_rom0:inst|altsyncram:altsyncram_component|altsyncram_ql91:auto_generated|ram_block1a0~porta_address_reg6     ; lpm_dff0:inst2|lpm_ff:lpm_ff_component|dffs[7]                                                                  ; clock      ; clock    ; None                        ; None                      ; 3.003 ns                ;
; N/A                                     ; 323.52 MHz ( period = 3.091 ns )                    ; lpm_rom0:inst|altsyncram:altsyncram_component|altsyncram_ql91:auto_generated|ram_block1a0~porta_address_reg7     ; lpm_dff0:inst2|lpm_ff:lpm_ff_component|dffs[7]                                                                  ; clock      ; clock    ; None                        ; None                      ; 3.003 ns                ;
; N/A                                     ; 326.16 MHz ( period = 3.066 ns )                    ; lpm_ram_io:inst1|altram:sram|altsyncram:ram_block|altsyncram_bu91:auto_generated|ram_block1a0~porta_address_reg6 ; lpm_dff0:inst2|lpm_ff:lpm_ff_component|dffs[1]                                                                  ; clock      ; clock    ; None                        ; None                      ; 2.978 ns                ;
; Timing analysis restricted to 200 rows. ; To change the limit use Settings (Assignments menu) ;                                                                                                                  ;                                                                                                                 ;            ;          ;                             ;                           ;                         ;
+-----------------------------------------+-----------------------------------------------------+------------------------------------------------------------------------------------------------------------------+-----------------------------------------------------------------------------------------------------------------+------------+----------+-----------------------------+---------------------------+-------------------------+


+----------------------------------------------------------------------------------------------------------------------------------------------------------------------------------+
; tsu                                                                                                                                                                              ;
+-------+--------------+------------+----------------+------------------------------------------------------------------------------------------------------------------+----------+
; Slack ; Required tsu ; Actual tsu ; From           ; To                                                                                                               ; To Clock ;
+-------+--------------+------------+----------------+------------------------------------------------------------------------------------------------------------------+----------+
; N/A   ; None         ; 5.008 ns   ; ram_chip_en    ; lpm_dff0:inst2|lpm_ff:lpm_ff_component|dffs[1]                                                                   ; clock    ;
; N/A   ; None         ; 5.006 ns   ; ram_chip_en    ; lpm_dff0:inst2|lpm_ff:lpm_ff_component|dffs[0]                                                                   ; clock    ;
; N/A   ; None         ; 5.005 ns   ; ram_chip_en    ; lpm_dff0:inst2|lpm_ff:lpm_ff_component|dffs[3]                                                                   ; clock    ;
; N/A   ; None         ; 5.003 ns   ; ram_chip_en    ; lpm_dff0:inst2|lpm_ff:lpm_ff_component|dffs[2]                                                                   ; clock    ;
; N/A   ; None         ; 4.741 ns   ; rom_read       ; lpm_dff0:inst2|lpm_ff:lpm_ff_component|dffs[1]                                                                   ; clock    ;
; N/A   ; None         ; 4.739 ns   ; rom_read       ; lpm_dff0:inst2|lpm_ff:lpm_ff_component|dffs[0]                                                                   ; clock    ;
; N/A   ; None         ; 4.738 ns   ; rom_read       ; lpm_dff0:inst2|lpm_ff:lpm_ff_component|dffs[3]                                                                   ; clock    ;
; N/A   ; None         ; 4.736 ns   ; rom_read       ; lpm_dff0:inst2|lpm_ff:lpm_ff_component|dffs[2]                                                                   ; clock    ;
; N/A   ; None         ; 4.651 ns   ; ram_mode_read  ; lpm_ram_io:inst1|altram:sram|altsyncram:ram_block|altsyncram_bu91:auto_generated|ram_block1a0~porta_we_reg       ; clock    ;
; N/A   ; None         ; 4.649 ns   ; ram_mode_read  ; lpm_dff0:inst2|lpm_ff:lpm_ff_component|dffs[1]                                                                   ; clock    ;
; N/A   ; None         ; 4.647 ns   ; ram_mode_read  ; lpm_dff0:inst2|lpm_ff:lpm_ff_component|dffs[0]                                                                   ; clock    ;
; N/A   ; None         ; 4.646 ns   ; ram_mode_read  ; lpm_dff0:inst2|lpm_ff:lpm_ff_component|dffs[3]                                                                   ; clock    ;
; N/A   ; None         ; 4.644 ns   ; ram_mode_read  ; lpm_dff0:inst2|lpm_ff:lpm_ff_component|dffs[2]                                                                   ; clock    ;
; N/A   ; None         ; 4.544 ns   ; reg_read       ; lpm_dff0:inst2|lpm_ff:lpm_ff_component|dffs[1]                                                                   ; clock    ;
; N/A   ; None         ; 4.542 ns   ; reg_read       ; lpm_dff0:inst2|lpm_ff:lpm_ff_component|dffs[0]                                                                   ; clock    ;
; N/A   ; None         ; 4.541 ns   ; reg_read       ; lpm_dff0:inst2|lpm_ff:lpm_ff_component|dffs[3]                                                                   ; clock    ;
; N/A   ; None         ; 4.539 ns   ; reg_read       ; lpm_dff0:inst2|lpm_ff:lpm_ff_component|dffs[2]                                                                   ; clock    ;
; N/A   ; None         ; 4.515 ns   ; ram_mode_read  ; lpm_ram_io:inst1|altram:sram|altsyncram:ram_block|altsyncram_bu91:auto_generated|ram_block1a0~porta_datain_reg4  ; clock    ;
; N/A   ; None         ; 4.378 ns   ; ram_chip_en    ; lpm_dff0:inst2|lpm_ff:lpm_ff_component|dffs[6]                                                                   ; clock    ;
; N/A   ; None         ; 4.376 ns   ; ram_chip_en    ; lpm_dff0:inst2|lpm_ff:lpm_ff_component|dffs[4]                                                                   ; clock    ;
; N/A   ; None         ; 4.372 ns   ; ram_chip_en    ; lpm_dff0:inst2|lpm_ff:lpm_ff_component|dffs[5]                                                                   ; clock    ;
; N/A   ; None         ; 4.368 ns   ; ram_chip_en    ; lpm_ram_io:inst1|altram:sram|altsyncram:ram_block|altsyncram_bu91:auto_generated|ram_block1a0~porta_datain_reg6  ; clock    ;
; N/A   ; None         ; 4.298 ns   ; ram_chip_en    ; lpm_ram_io:inst1|altram:sram|altsyncram:ram_block|altsyncram_bu91:auto_generated|ram_block1a0~porta_we_reg       ; clock    ;
; N/A   ; None         ; 4.263 ns   ; ram_chip_en    ; lpm_ram_io:inst1|altram:sram|altsyncram:ram_block|altsyncram_bu91:auto_generated|ram_block1a0~porta_datain_reg7  ; clock    ;
; N/A   ; None         ; 4.246 ns   ; ram_chip_en    ; lpm_ram_io:inst1|altram:sram|altsyncram:ram_block|altsyncram_bu91:auto_generated|ram_block1a0~porta_datain_reg5  ; clock    ;
; N/A   ; None         ; 4.188 ns   ; ram_chip_en    ; lpm_dff0:inst2|lpm_ff:lpm_ff_component|dffs[7]                                                                   ; clock    ;
; N/A   ; None         ; 4.162 ns   ; ram_chip_en    ; lpm_ram_io:inst1|altram:sram|altsyncram:ram_block|altsyncram_bu91:auto_generated|ram_block1a0~porta_datain_reg4  ; clock    ;
; N/A   ; None         ; 4.111 ns   ; rom_read       ; lpm_dff0:inst2|lpm_ff:lpm_ff_component|dffs[6]                                                                   ; clock    ;
; N/A   ; None         ; 4.109 ns   ; rom_read       ; lpm_dff0:inst2|lpm_ff:lpm_ff_component|dffs[4]                                                                   ; clock    ;
; N/A   ; None         ; 4.105 ns   ; rom_read       ; lpm_dff0:inst2|lpm_ff:lpm_ff_component|dffs[5]                                                                   ; clock    ;
; N/A   ; None         ; 4.019 ns   ; ram_mode_read  ; lpm_dff0:inst2|lpm_ff:lpm_ff_component|dffs[6]                                                                   ; clock    ;
; N/A   ; None         ; 4.017 ns   ; ram_mode_read  ; lpm_dff0:inst2|lpm_ff:lpm_ff_component|dffs[4]                                                                   ; clock    ;
; N/A   ; None         ; 4.013 ns   ; ram_mode_read  ; lpm_dff0:inst2|lpm_ff:lpm_ff_component|dffs[5]                                                                   ; clock    ;
; N/A   ; None         ; 4.007 ns   ; reg_write      ; lpm_dff0:inst2|lpm_ff:lpm_ff_component|dffs[3]                                                                   ; clock    ;
; N/A   ; None         ; 4.001 ns   ; reg_write      ; lpm_dff0:inst2|lpm_ff:lpm_ff_component|dffs[1]                                                                   ; clock    ;
; N/A   ; None         ; 3.944 ns   ; ram_chip_en    ; lpm_ram_io:inst1|altram:sram|altsyncram:ram_block|altsyncram_bu91:auto_generated|ram_block1a0~porta_datain_reg0  ; clock    ;
; N/A   ; None         ; 3.943 ns   ; ram_chip_en    ; lpm_ram_io:inst1|altram:sram|altsyncram:ram_block|altsyncram_bu91:auto_generated|ram_block1a0~porta_datain_reg3  ; clock    ;
; N/A   ; None         ; 3.939 ns   ; ram_chip_en    ; lpm_ram_io:inst1|altram:sram|altsyncram:ram_block|altsyncram_bu91:auto_generated|ram_block1a0~porta_datain_reg1  ; clock    ;
; N/A   ; None         ; 3.935 ns   ; ram_chip_en    ; lpm_ram_io:inst1|altram:sram|altsyncram:ram_block|altsyncram_bu91:auto_generated|ram_block1a0~porta_datain_reg2  ; clock    ;
; N/A   ; None         ; 3.921 ns   ; rom_read       ; lpm_dff0:inst2|lpm_ff:lpm_ff_component|dffs[7]                                                                   ; clock    ;
; N/A   ; None         ; 3.914 ns   ; reg_read       ; lpm_dff0:inst2|lpm_ff:lpm_ff_component|dffs[6]                                                                   ; clock    ;
; N/A   ; None         ; 3.912 ns   ; reg_read       ; lpm_dff0:inst2|lpm_ff:lpm_ff_component|dffs[4]                                                                   ; clock    ;
; N/A   ; None         ; 3.908 ns   ; reg_read       ; lpm_dff0:inst2|lpm_ff:lpm_ff_component|dffs[5]                                                                   ; clock    ;
; N/A   ; None         ; 3.863 ns   ; ram_mode_read  ; lpm_ram_io:inst1|altram:sram|altsyncram:ram_block|altsyncram_bu91:auto_generated|ram_block1a0~porta_datain_reg6  ; clock    ;
; N/A   ; None         ; 3.846 ns   ; reg_write      ; lpm_dff0:inst2|lpm_ff:lpm_ff_component|dffs[2]                                                                   ; clock    ;
; N/A   ; None         ; 3.846 ns   ; reg_write      ; lpm_dff0:inst2|lpm_ff:lpm_ff_component|dffs[0]                                                                   ; clock    ;
; N/A   ; None         ; 3.843 ns   ; ram_mode_read  ; lpm_ram_io:inst1|altram:sram|altsyncram:ram_block|altsyncram_bu91:auto_generated|ram_block1a0~porta_datain_reg7  ; clock    ;
; N/A   ; None         ; 3.838 ns   ; reg_write      ; lpm_dff0:inst2|lpm_ff:lpm_ff_component|dffs[6]                                                                   ; clock    ;
; N/A   ; None         ; 3.837 ns   ; reg_write      ; lpm_dff0:inst2|lpm_ff:lpm_ff_component|dffs[4]                                                                   ; clock    ;
; N/A   ; None         ; 3.833 ns   ; reg_write      ; lpm_dff0:inst2|lpm_ff:lpm_ff_component|dffs[7]                                                                   ; clock    ;
; N/A   ; None         ; 3.832 ns   ; reg_write      ; lpm_dff0:inst2|lpm_ff:lpm_ff_component|dffs[5]                                                                   ; clock    ;
; N/A   ; None         ; 3.829 ns   ; ram_mode_read  ; lpm_dff0:inst2|lpm_ff:lpm_ff_component|dffs[7]                                                                   ; clock    ;
; N/A   ; None         ; 3.825 ns   ; ram_mode_read  ; lpm_ram_io:inst1|altram:sram|altsyncram:ram_block|altsyncram_bu91:auto_generated|ram_block1a0~porta_datain_reg5  ; clock    ;
; N/A   ; None         ; 3.745 ns   ; enable         ; lpm_dff0:inst2|lpm_ff:lpm_ff_component|dffs[7]                                                                   ; clock    ;
; N/A   ; None         ; 3.745 ns   ; enable         ; lpm_dff0:inst2|lpm_ff:lpm_ff_component|dffs[6]                                                                   ; clock    ;
; N/A   ; None         ; 3.745 ns   ; enable         ; lpm_dff0:inst2|lpm_ff:lpm_ff_component|dffs[5]                                                                   ; clock    ;
; N/A   ; None         ; 3.745 ns   ; enable         ; lpm_dff0:inst2|lpm_ff:lpm_ff_component|dffs[4]                                                                   ; clock    ;
; N/A   ; None         ; 3.735 ns   ; ram_mode_write ; lpm_ram_io:inst1|altram:sram|altsyncram:ram_block|altsyncram_bu91:auto_generated|ram_block1a0~porta_we_reg       ; clock    ;
; N/A   ; None         ; 3.727 ns   ; enable         ; lpm_dff0:inst2|lpm_ff:lpm_ff_component|dffs[3]                                                                   ; clock    ;
; N/A   ; None         ; 3.727 ns   ; enable         ; lpm_dff0:inst2|lpm_ff:lpm_ff_component|dffs[2]                                                                   ; clock    ;
; N/A   ; None         ; 3.727 ns   ; enable         ; lpm_dff0:inst2|lpm_ff:lpm_ff_component|dffs[1]                                                                   ; clock    ;
; N/A   ; None         ; 3.727 ns   ; enable         ; lpm_dff0:inst2|lpm_ff:lpm_ff_component|dffs[0]                                                                   ; clock    ;
; N/A   ; None         ; 3.724 ns   ; reg_read       ; lpm_dff0:inst2|lpm_ff:lpm_ff_component|dffs[7]                                                                   ; clock    ;
; N/A   ; None         ; 3.489 ns   ; ram_mode_read  ; lpm_ram_io:inst1|altram:sram|altsyncram:ram_block|altsyncram_bu91:auto_generated|ram_block1a0~porta_datain_reg0  ; clock    ;
; N/A   ; None         ; 3.488 ns   ; ram_mode_read  ; lpm_ram_io:inst1|altram:sram|altsyncram:ram_block|altsyncram_bu91:auto_generated|ram_block1a0~porta_datain_reg3  ; clock    ;
; N/A   ; None         ; 3.480 ns   ; ram_mode_read  ; lpm_ram_io:inst1|altram:sram|altsyncram:ram_block|altsyncram_bu91:auto_generated|ram_block1a0~porta_datain_reg2  ; clock    ;
; N/A   ; None         ; 3.462 ns   ; ram_mode_read  ; lpm_ram_io:inst1|altram:sram|altsyncram:ram_block|altsyncram_bu91:auto_generated|ram_block1a0~porta_datain_reg1  ; clock    ;
; N/A   ; None         ; 3.363 ns   ; addr[4]        ; lpm_rom0:inst|altsyncram:altsyncram_component|altsyncram_ql91:auto_generated|ram_block1a0~porta_address_reg4     ; clock    ;
; N/A   ; None         ; 3.338 ns   ; addr[4]        ; lpm_ram_io:inst1|altram:sram|altsyncram:ram_block|altsyncram_bu91:auto_generated|ram_block1a0~porta_address_reg4 ; clock    ;
; N/A   ; None         ; 3.165 ns   ; addr[2]        ; lpm_ram_io:inst1|altram:sram|altsyncram:ram_block|altsyncram_bu91:auto_generated|ram_block1a0~porta_address_reg2 ; clock    ;
; N/A   ; None         ; 3.143 ns   ; addr[0]        ; lpm_rom0:inst|altsyncram:altsyncram_component|altsyncram_ql91:auto_generated|ram_block1a0~porta_address_reg0     ; clock    ;
; N/A   ; None         ; 3.115 ns   ; addr[0]        ; lpm_ram_io:inst1|altram:sram|altsyncram:ram_block|altsyncram_bu91:auto_generated|ram_block1a0~porta_address_reg0 ; clock    ;
; N/A   ; None         ; 3.044 ns   ; addr[7]        ; lpm_rom0:inst|altsyncram:altsyncram_component|altsyncram_ql91:auto_generated|ram_block1a0~porta_address_reg7     ; clock    ;
; N/A   ; None         ; 3.021 ns   ; addr[7]        ; lpm_ram_io:inst1|altram:sram|altsyncram:ram_block|altsyncram_bu91:auto_generated|ram_block1a0~porta_address_reg7 ; clock    ;
; N/A   ; None         ; 2.997 ns   ; addr[6]        ; lpm_rom0:inst|altsyncram:altsyncram_component|altsyncram_ql91:auto_generated|ram_block1a0~porta_address_reg6     ; clock    ;
; N/A   ; None         ; 2.991 ns   ; addr[5]        ; lpm_rom0:inst|altsyncram:altsyncram_component|altsyncram_ql91:auto_generated|ram_block1a0~porta_address_reg5     ; clock    ;
; N/A   ; None         ; 2.969 ns   ; addr[2]        ; lpm_rom0:inst|altsyncram:altsyncram_component|altsyncram_ql91:auto_generated|ram_block1a0~porta_address_reg2     ; clock    ;
; N/A   ; None         ; 2.951 ns   ; addr[6]        ; lpm_ram_io:inst1|altram:sram|altsyncram:ram_block|altsyncram_bu91:auto_generated|ram_block1a0~porta_address_reg6 ; clock    ;
; N/A   ; None         ; 2.950 ns   ; addr[5]        ; lpm_ram_io:inst1|altram:sram|altsyncram:ram_block|altsyncram_bu91:auto_generated|ram_block1a0~porta_address_reg5 ; clock    ;
; N/A   ; None         ; 2.860 ns   ; addr[1]        ; lpm_ram_io:inst1|altram:sram|altsyncram:ram_block|altsyncram_bu91:auto_generated|ram_block1a0~porta_address_reg1 ; clock    ;
; N/A   ; None         ; 2.828 ns   ; addr[3]        ; lpm_rom0:inst|altsyncram:altsyncram_component|altsyncram_ql91:auto_generated|ram_block1a0~porta_address_reg3     ; clock    ;
; N/A   ; None         ; 2.827 ns   ; addr[1]        ; lpm_rom0:inst|altsyncram:altsyncram_component|altsyncram_ql91:auto_generated|ram_block1a0~porta_address_reg1     ; clock    ;
; N/A   ; None         ; 2.798 ns   ; addr[3]        ; lpm_ram_io:inst1|altram:sram|altsyncram:ram_block|altsyncram_bu91:auto_generated|ram_block1a0~porta_address_reg3 ; clock    ;
+-------+--------------+------------+----------------+------------------------------------------------------------------------------------------------------------------+----------+


+---------------------------------------------------------------------------------------------------------------------------------------------------------------------------------+
; tco                                                                                                                                                                             ;
+-------+--------------+------------+------------------------------------------------------------------------------------------------------------------+-------------+------------+
; Slack ; Required tco ; Actual tco ; From                                                                                                             ; To          ; From Clock ;
+-------+--------------+------------+------------------------------------------------------------------------------------------------------------------+-------------+------------+
; N/A   ; None         ; 9.504 ns   ; lpm_rom0:inst|altsyncram:altsyncram_component|altsyncram_ql91:auto_generated|ram_block1a0~porta_address_reg0     ; data_out[2] ; clock      ;
; N/A   ; None         ; 9.504 ns   ; lpm_rom0:inst|altsyncram:altsyncram_component|altsyncram_ql91:auto_generated|ram_block1a0~porta_address_reg1     ; data_out[2] ; clock      ;
; N/A   ; None         ; 9.504 ns   ; lpm_rom0:inst|altsyncram:altsyncram_component|altsyncram_ql91:auto_generated|ram_block1a0~porta_address_reg2     ; data_out[2] ; clock      ;
; N/A   ; None         ; 9.504 ns   ; lpm_rom0:inst|altsyncram:altsyncram_component|altsyncram_ql91:auto_generated|ram_block1a0~porta_address_reg3     ; data_out[2] ; clock      ;
; N/A   ; None         ; 9.504 ns   ; lpm_rom0:inst|altsyncram:altsyncram_component|altsyncram_ql91:auto_generated|ram_block1a0~porta_address_reg4     ; data_out[2] ; clock      ;
; N/A   ; None         ; 9.504 ns   ; lpm_rom0:inst|altsyncram:altsyncram_component|altsyncram_ql91:auto_generated|ram_block1a0~porta_address_reg5     ; data_out[2] ; clock      ;
; N/A   ; None         ; 9.504 ns   ; lpm_rom0:inst|altsyncram:altsyncram_component|altsyncram_ql91:auto_generated|ram_block1a0~porta_address_reg6     ; data_out[2] ; clock      ;
; N/A   ; None         ; 9.504 ns   ; lpm_rom0:inst|altsyncram:altsyncram_component|altsyncram_ql91:auto_generated|ram_block1a0~porta_address_reg7     ; data_out[2] ; clock      ;
; N/A   ; None         ; 9.403 ns   ; lpm_ram_io:inst1|altram:sram|altsyncram:ram_block|altsyncram_bu91:auto_generated|ram_block1a0~porta_we_reg       ; data_out[2] ; clock      ;
; N/A   ; None         ; 9.403 ns   ; lpm_ram_io:inst1|altram:sram|altsyncram:ram_block|altsyncram_bu91:auto_generated|ram_block1a0~porta_address_reg0 ; data_out[2] ; clock      ;
; N/A   ; None         ; 9.403 ns   ; lpm_ram_io:inst1|altram:sram|altsyncram:ram_block|altsyncram_bu91:auto_generated|ram_block1a0~porta_address_reg1 ; data_out[2] ; clock      ;
; N/A   ; None         ; 9.403 ns   ; lpm_ram_io:inst1|altram:sram|altsyncram:ram_block|altsyncram_bu91:auto_generated|ram_block1a0~porta_address_reg2 ; data_out[2] ; clock      ;
; N/A   ; None         ; 9.403 ns   ; lpm_ram_io:inst1|altram:sram|altsyncram:ram_block|altsyncram_bu91:auto_generated|ram_block1a0~porta_address_reg3 ; data_out[2] ; clock      ;
; N/A   ; None         ; 9.403 ns   ; lpm_ram_io:inst1|altram:sram|altsyncram:ram_block|altsyncram_bu91:auto_generated|ram_block1a0~porta_address_reg4 ; data_out[2] ; clock      ;
; N/A   ; None         ; 9.403 ns   ; lpm_ram_io:inst1|altram:sram|altsyncram:ram_block|altsyncram_bu91:auto_generated|ram_block1a0~porta_address_reg5 ; data_out[2] ; clock      ;
; N/A   ; None         ; 9.403 ns   ; lpm_ram_io:inst1|altram:sram|altsyncram:ram_block|altsyncram_bu91:auto_generated|ram_block1a0~porta_address_reg6 ; data_out[2] ; clock      ;
; N/A   ; None         ; 9.403 ns   ; lpm_ram_io:inst1|altram:sram|altsyncram:ram_block|altsyncram_bu91:auto_generated|ram_block1a0~porta_address_reg7 ; data_out[2] ; clock      ;
; N/A   ; None         ; 9.380 ns   ; lpm_ram_io:inst1|altram:sram|altsyncram:ram_block|altsyncram_bu91:auto_generated|ram_block1a0~porta_we_reg       ; data_out[6] ; clock      ;
; N/A   ; None         ; 9.380 ns   ; lpm_ram_io:inst1|altram:sram|altsyncram:ram_block|altsyncram_bu91:auto_generated|ram_block1a0~porta_address_reg0 ; data_out[6] ; clock      ;
; N/A   ; None         ; 9.380 ns   ; lpm_ram_io:inst1|altram:sram|altsyncram:ram_block|altsyncram_bu91:auto_generated|ram_block1a0~porta_address_reg1 ; data_out[6] ; clock      ;
; N/A   ; None         ; 9.380 ns   ; lpm_ram_io:inst1|altram:sram|altsyncram:ram_block|altsyncram_bu91:auto_generated|ram_block1a0~porta_address_reg2 ; data_out[6] ; clock      ;
; N/A   ; None         ; 9.380 ns   ; lpm_ram_io:inst1|altram:sram|altsyncram:ram_block|altsyncram_bu91:auto_generated|ram_block1a0~porta_address_reg3 ; data_out[6] ; clock      ;
; N/A   ; None         ; 9.380 ns   ; lpm_ram_io:inst1|altram:sram|altsyncram:ram_block|altsyncram_bu91:auto_generated|ram_block1a0~porta_address_reg4 ; data_out[6] ; clock      ;
; N/A   ; None         ; 9.380 ns   ; lpm_ram_io:inst1|altram:sram|altsyncram:ram_block|altsyncram_bu91:auto_generated|ram_block1a0~porta_address_reg5 ; data_out[6] ; clock      ;
; N/A   ; None         ; 9.380 ns   ; lpm_ram_io:inst1|altram:sram|altsyncram:ram_block|altsyncram_bu91:auto_generated|ram_block1a0~porta_address_reg6 ; data_out[6] ; clock      ;
; N/A   ; None         ; 9.380 ns   ; lpm_ram_io:inst1|altram:sram|altsyncram:ram_block|altsyncram_bu91:auto_generated|ram_block1a0~porta_address_reg7 ; data_out[6] ; clock      ;
; N/A   ; None         ; 9.341 ns   ; lpm_rom0:inst|altsyncram:altsyncram_component|altsyncram_ql91:auto_generated|ram_block1a0~porta_address_reg0     ; data_out[3] ; clock      ;
; N/A   ; None         ; 9.341 ns   ; lpm_rom0:inst|altsyncram:altsyncram_component|altsyncram_ql91:auto_generated|ram_block1a0~porta_address_reg1     ; data_out[3] ; clock      ;
; N/A   ; None         ; 9.341 ns   ; lpm_rom0:inst|altsyncram:altsyncram_component|altsyncram_ql91:auto_generated|ram_block1a0~porta_address_reg2     ; data_out[3] ; clock      ;
; N/A   ; None         ; 9.341 ns   ; lpm_rom0:inst|altsyncram:altsyncram_component|altsyncram_ql91:auto_generated|ram_block1a0~porta_address_reg3     ; data_out[3] ; clock      ;
; N/A   ; None         ; 9.341 ns   ; lpm_rom0:inst|altsyncram:altsyncram_component|altsyncram_ql91:auto_generated|ram_block1a0~porta_address_reg4     ; data_out[3] ; clock      ;
; N/A   ; None         ; 9.341 ns   ; lpm_rom0:inst|altsyncram:altsyncram_component|altsyncram_ql91:auto_generated|ram_block1a0~porta_address_reg5     ; data_out[3] ; clock      ;
; N/A   ; None         ; 9.341 ns   ; lpm_rom0:inst|altsyncram:altsyncram_component|altsyncram_ql91:auto_generated|ram_block1a0~porta_address_reg6     ; data_out[3] ; clock      ;
; N/A   ; None         ; 9.341 ns   ; lpm_rom0:inst|altsyncram:altsyncram_component|altsyncram_ql91:auto_generated|ram_block1a0~porta_address_reg7     ; data_out[3] ; clock      ;
; N/A   ; None         ; 9.327 ns   ; lpm_rom0:inst|altsyncram:altsyncram_component|altsyncram_ql91:auto_generated|ram_block1a0~porta_address_reg0     ; data_out[6] ; clock      ;
; N/A   ; None         ; 9.327 ns   ; lpm_rom0:inst|altsyncram:altsyncram_component|altsyncram_ql91:auto_generated|ram_block1a0~porta_address_reg1     ; data_out[6] ; clock      ;
; N/A   ; None         ; 9.327 ns   ; lpm_rom0:inst|altsyncram:altsyncram_component|altsyncram_ql91:auto_generated|ram_block1a0~porta_address_reg2     ; data_out[6] ; clock      ;
; N/A   ; None         ; 9.327 ns   ; lpm_rom0:inst|altsyncram:altsyncram_component|altsyncram_ql91:auto_generated|ram_block1a0~porta_address_reg3     ; data_out[6] ; clock      ;
; N/A   ; None         ; 9.327 ns   ; lpm_rom0:inst|altsyncram:altsyncram_component|altsyncram_ql91:auto_generated|ram_block1a0~porta_address_reg4     ; data_out[6] ; clock      ;
; N/A   ; None         ; 9.327 ns   ; lpm_rom0:inst|altsyncram:altsyncram_component|altsyncram_ql91:auto_generated|ram_block1a0~porta_address_reg5     ; data_out[6] ; clock      ;
; N/A   ; None         ; 9.327 ns   ; lpm_rom0:inst|altsyncram:altsyncram_component|altsyncram_ql91:auto_generated|ram_block1a0~porta_address_reg6     ; data_out[6] ; clock      ;
; N/A   ; None         ; 9.327 ns   ; lpm_rom0:inst|altsyncram:altsyncram_component|altsyncram_ql91:auto_generated|ram_block1a0~porta_address_reg7     ; data_out[6] ; clock      ;
; N/A   ; None         ; 9.281 ns   ; lpm_ram_io:inst1|altram:sram|altsyncram:ram_block|altsyncram_bu91:auto_generated|ram_block1a0~porta_we_reg       ; data_out[3] ; clock      ;
; N/A   ; None         ; 9.281 ns   ; lpm_ram_io:inst1|altram:sram|altsyncram:ram_block|altsyncram_bu91:auto_generated|ram_block1a0~porta_address_reg0 ; data_out[3] ; clock      ;
; N/A   ; None         ; 9.281 ns   ; lpm_ram_io:inst1|altram:sram|altsyncram:ram_block|altsyncram_bu91:auto_generated|ram_block1a0~porta_address_reg1 ; data_out[3] ; clock      ;
; N/A   ; None         ; 9.281 ns   ; lpm_ram_io:inst1|altram:sram|altsyncram:ram_block|altsyncram_bu91:auto_generated|ram_block1a0~porta_address_reg2 ; data_out[3] ; clock      ;
; N/A   ; None         ; 9.281 ns   ; lpm_ram_io:inst1|altram:sram|altsyncram:ram_block|altsyncram_bu91:auto_generated|ram_block1a0~porta_address_reg3 ; data_out[3] ; clock      ;
; N/A   ; None         ; 9.281 ns   ; lpm_ram_io:inst1|altram:sram|altsyncram:ram_block|altsyncram_bu91:auto_generated|ram_block1a0~porta_address_reg4 ; data_out[3] ; clock      ;
; N/A   ; None         ; 9.281 ns   ; lpm_ram_io:inst1|altram:sram|altsyncram:ram_block|altsyncram_bu91:auto_generated|ram_block1a0~porta_address_reg5 ; data_out[3] ; clock      ;
; N/A   ; None         ; 9.281 ns   ; lpm_ram_io:inst1|altram:sram|altsyncram:ram_block|altsyncram_bu91:auto_generated|ram_block1a0~porta_address_reg6 ; data_out[3] ; clock      ;
; N/A   ; None         ; 9.281 ns   ; lpm_ram_io:inst1|altram:sram|altsyncram:ram_block|altsyncram_bu91:auto_generated|ram_block1a0~porta_address_reg7 ; data_out[3] ; clock      ;
; N/A   ; None         ; 9.193 ns   ; lpm_rom0:inst|altsyncram:altsyncram_component|altsyncram_ql91:auto_generated|ram_block1a0~porta_address_reg0     ; data_out[0] ; clock      ;
; N/A   ; None         ; 9.193 ns   ; lpm_rom0:inst|altsyncram:altsyncram_component|altsyncram_ql91:auto_generated|ram_block1a0~porta_address_reg1     ; data_out[0] ; clock      ;
; N/A   ; None         ; 9.193 ns   ; lpm_rom0:inst|altsyncram:altsyncram_component|altsyncram_ql91:auto_generated|ram_block1a0~porta_address_reg2     ; data_out[0] ; clock      ;
; N/A   ; None         ; 9.193 ns   ; lpm_rom0:inst|altsyncram:altsyncram_component|altsyncram_ql91:auto_generated|ram_block1a0~porta_address_reg3     ; data_out[0] ; clock      ;
; N/A   ; None         ; 9.193 ns   ; lpm_rom0:inst|altsyncram:altsyncram_component|altsyncram_ql91:auto_generated|ram_block1a0~porta_address_reg4     ; data_out[0] ; clock      ;
; N/A   ; None         ; 9.193 ns   ; lpm_rom0:inst|altsyncram:altsyncram_component|altsyncram_ql91:auto_generated|ram_block1a0~porta_address_reg5     ; data_out[0] ; clock      ;
; N/A   ; None         ; 9.193 ns   ; lpm_rom0:inst|altsyncram:altsyncram_component|altsyncram_ql91:auto_generated|ram_block1a0~porta_address_reg6     ; data_out[0] ; clock      ;
; N/A   ; None         ; 9.193 ns   ; lpm_rom0:inst|altsyncram:altsyncram_component|altsyncram_ql91:auto_generated|ram_block1a0~porta_address_reg7     ; data_out[0] ; clock      ;
; N/A   ; None         ; 9.117 ns   ; lpm_ram_io:inst1|altram:sram|altsyncram:ram_block|altsyncram_bu91:auto_generated|ram_block1a0~porta_we_reg       ; data_out[0] ; clock      ;
; N/A   ; None         ; 9.117 ns   ; lpm_ram_io:inst1|altram:sram|altsyncram:ram_block|altsyncram_bu91:auto_generated|ram_block1a0~porta_address_reg0 ; data_out[0] ; clock      ;
; N/A   ; None         ; 9.117 ns   ; lpm_ram_io:inst1|altram:sram|altsyncram:ram_block|altsyncram_bu91:auto_generated|ram_block1a0~porta_address_reg1 ; data_out[0] ; clock      ;
; N/A   ; None         ; 9.117 ns   ; lpm_ram_io:inst1|altram:sram|altsyncram:ram_block|altsyncram_bu91:auto_generated|ram_block1a0~porta_address_reg2 ; data_out[0] ; clock      ;
; N/A   ; None         ; 9.117 ns   ; lpm_ram_io:inst1|altram:sram|altsyncram:ram_block|altsyncram_bu91:auto_generated|ram_block1a0~porta_address_reg3 ; data_out[0] ; clock      ;
; N/A   ; None         ; 9.117 ns   ; lpm_ram_io:inst1|altram:sram|altsyncram:ram_block|altsyncram_bu91:auto_generated|ram_block1a0~porta_address_reg4 ; data_out[0] ; clock      ;
; N/A   ; None         ; 9.117 ns   ; lpm_ram_io:inst1|altram:sram|altsyncram:ram_block|altsyncram_bu91:auto_generated|ram_block1a0~porta_address_reg5 ; data_out[0] ; clock      ;
; N/A   ; None         ; 9.117 ns   ; lpm_ram_io:inst1|altram:sram|altsyncram:ram_block|altsyncram_bu91:auto_generated|ram_block1a0~porta_address_reg6 ; data_out[0] ; clock      ;
; N/A   ; None         ; 9.117 ns   ; lpm_ram_io:inst1|altram:sram|altsyncram:ram_block|altsyncram_bu91:auto_generated|ram_block1a0~porta_address_reg7 ; data_out[0] ; clock      ;
; N/A   ; None         ; 8.842 ns   ; lpm_ram_io:inst1|altram:sram|altsyncram:ram_block|altsyncram_bu91:auto_generated|ram_block1a0~porta_we_reg       ; data_out[5] ; clock      ;
; N/A   ; None         ; 8.842 ns   ; lpm_ram_io:inst1|altram:sram|altsyncram:ram_block|altsyncram_bu91:auto_generated|ram_block1a0~porta_address_reg0 ; data_out[5] ; clock      ;
; N/A   ; None         ; 8.842 ns   ; lpm_ram_io:inst1|altram:sram|altsyncram:ram_block|altsyncram_bu91:auto_generated|ram_block1a0~porta_address_reg1 ; data_out[5] ; clock      ;
; N/A   ; None         ; 8.842 ns   ; lpm_ram_io:inst1|altram:sram|altsyncram:ram_block|altsyncram_bu91:auto_generated|ram_block1a0~porta_address_reg2 ; data_out[5] ; clock      ;
; N/A   ; None         ; 8.842 ns   ; lpm_ram_io:inst1|altram:sram|altsyncram:ram_block|altsyncram_bu91:auto_generated|ram_block1a0~porta_address_reg3 ; data_out[5] ; clock      ;
; N/A   ; None         ; 8.842 ns   ; lpm_ram_io:inst1|altram:sram|altsyncram:ram_block|altsyncram_bu91:auto_generated|ram_block1a0~porta_address_reg4 ; data_out[5] ; clock      ;
; N/A   ; None         ; 8.842 ns   ; lpm_ram_io:inst1|altram:sram|altsyncram:ram_block|altsyncram_bu91:auto_generated|ram_block1a0~porta_address_reg5 ; data_out[5] ; clock      ;
; N/A   ; None         ; 8.842 ns   ; lpm_ram_io:inst1|altram:sram|altsyncram:ram_block|altsyncram_bu91:auto_generated|ram_block1a0~porta_address_reg6 ; data_out[5] ; clock      ;
; N/A   ; None         ; 8.842 ns   ; lpm_ram_io:inst1|altram:sram|altsyncram:ram_block|altsyncram_bu91:auto_generated|ram_block1a0~porta_address_reg7 ; data_out[5] ; clock      ;
; N/A   ; None         ; 8.817 ns   ; lpm_ram_io:inst1|altram:sram|altsyncram:ram_block|altsyncram_bu91:auto_generated|ram_block1a0~porta_we_reg       ; data_out[4] ; clock      ;
; N/A   ; None         ; 8.817 ns   ; lpm_ram_io:inst1|altram:sram|altsyncram:ram_block|altsyncram_bu91:auto_generated|ram_block1a0~porta_address_reg0 ; data_out[4] ; clock      ;
; N/A   ; None         ; 8.817 ns   ; lpm_ram_io:inst1|altram:sram|altsyncram:ram_block|altsyncram_bu91:auto_generated|ram_block1a0~porta_address_reg1 ; data_out[4] ; clock      ;
; N/A   ; None         ; 8.817 ns   ; lpm_ram_io:inst1|altram:sram|altsyncram:ram_block|altsyncram_bu91:auto_generated|ram_block1a0~porta_address_reg2 ; data_out[4] ; clock      ;
; N/A   ; None         ; 8.817 ns   ; lpm_ram_io:inst1|altram:sram|altsyncram:ram_block|altsyncram_bu91:auto_generated|ram_block1a0~porta_address_reg3 ; data_out[4] ; clock      ;
; N/A   ; None         ; 8.817 ns   ; lpm_ram_io:inst1|altram:sram|altsyncram:ram_block|altsyncram_bu91:auto_generated|ram_block1a0~porta_address_reg4 ; data_out[4] ; clock      ;
; N/A   ; None         ; 8.817 ns   ; lpm_ram_io:inst1|altram:sram|altsyncram:ram_block|altsyncram_bu91:auto_generated|ram_block1a0~porta_address_reg5 ; data_out[4] ; clock      ;
; N/A   ; None         ; 8.817 ns   ; lpm_ram_io:inst1|altram:sram|altsyncram:ram_block|altsyncram_bu91:auto_generated|ram_block1a0~porta_address_reg6 ; data_out[4] ; clock      ;
; N/A   ; None         ; 8.817 ns   ; lpm_ram_io:inst1|altram:sram|altsyncram:ram_block|altsyncram_bu91:auto_generated|ram_block1a0~porta_address_reg7 ; data_out[4] ; clock      ;
; N/A   ; None         ; 8.806 ns   ; lpm_rom0:inst|altsyncram:altsyncram_component|altsyncram_ql91:auto_generated|ram_block1a0~porta_address_reg0     ; data_out[4] ; clock      ;
; N/A   ; None         ; 8.806 ns   ; lpm_rom0:inst|altsyncram:altsyncram_component|altsyncram_ql91:auto_generated|ram_block1a0~porta_address_reg1     ; data_out[4] ; clock      ;
; N/A   ; None         ; 8.806 ns   ; lpm_rom0:inst|altsyncram:altsyncram_component|altsyncram_ql91:auto_generated|ram_block1a0~porta_address_reg2     ; data_out[4] ; clock      ;
; N/A   ; None         ; 8.806 ns   ; lpm_rom0:inst|altsyncram:altsyncram_component|altsyncram_ql91:auto_generated|ram_block1a0~porta_address_reg3     ; data_out[4] ; clock      ;
; N/A   ; None         ; 8.806 ns   ; lpm_rom0:inst|altsyncram:altsyncram_component|altsyncram_ql91:auto_generated|ram_block1a0~porta_address_reg4     ; data_out[4] ; clock      ;
; N/A   ; None         ; 8.806 ns   ; lpm_rom0:inst|altsyncram:altsyncram_component|altsyncram_ql91:auto_generated|ram_block1a0~porta_address_reg5     ; data_out[4] ; clock      ;
; N/A   ; None         ; 8.806 ns   ; lpm_rom0:inst|altsyncram:altsyncram_component|altsyncram_ql91:auto_generated|ram_block1a0~porta_address_reg6     ; data_out[4] ; clock      ;
; N/A   ; None         ; 8.806 ns   ; lpm_rom0:inst|altsyncram:altsyncram_component|altsyncram_ql91:auto_generated|ram_block1a0~porta_address_reg7     ; data_out[4] ; clock      ;
; N/A   ; None         ; 8.785 ns   ; lpm_rom0:inst|altsyncram:altsyncram_component|altsyncram_ql91:auto_generated|ram_block1a0~porta_address_reg0     ; data_out[5] ; clock      ;
; N/A   ; None         ; 8.785 ns   ; lpm_rom0:inst|altsyncram:altsyncram_component|altsyncram_ql91:auto_generated|ram_block1a0~porta_address_reg1     ; data_out[5] ; clock      ;
; N/A   ; None         ; 8.785 ns   ; lpm_rom0:inst|altsyncram:altsyncram_component|altsyncram_ql91:auto_generated|ram_block1a0~porta_address_reg2     ; data_out[5] ; clock      ;
; N/A   ; None         ; 8.785 ns   ; lpm_rom0:inst|altsyncram:altsyncram_component|altsyncram_ql91:auto_generated|ram_block1a0~porta_address_reg3     ; data_out[5] ; clock      ;
; N/A   ; None         ; 8.785 ns   ; lpm_rom0:inst|altsyncram:altsyncram_component|altsyncram_ql91:auto_generated|ram_block1a0~porta_address_reg4     ; data_out[5] ; clock      ;
; N/A   ; None         ; 8.785 ns   ; lpm_rom0:inst|altsyncram:altsyncram_component|altsyncram_ql91:auto_generated|ram_block1a0~porta_address_reg5     ; data_out[5] ; clock      ;
; N/A   ; None         ; 8.785 ns   ; lpm_rom0:inst|altsyncram:altsyncram_component|altsyncram_ql91:auto_generated|ram_block1a0~porta_address_reg6     ; data_out[5] ; clock      ;
; N/A   ; None         ; 8.785 ns   ; lpm_rom0:inst|altsyncram:altsyncram_component|altsyncram_ql91:auto_generated|ram_block1a0~porta_address_reg7     ; data_out[5] ; clock      ;
; N/A   ; None         ; 8.711 ns   ; lpm_ram_io:inst1|altram:sram|altsyncram:ram_block|altsyncram_bu91:auto_generated|ram_block1a0~porta_we_reg       ; data_out[7] ; clock      ;
; N/A   ; None         ; 8.711 ns   ; lpm_ram_io:inst1|altram:sram|altsyncram:ram_block|altsyncram_bu91:auto_generated|ram_block1a0~porta_address_reg0 ; data_out[7] ; clock      ;
; N/A   ; None         ; 8.711 ns   ; lpm_ram_io:inst1|altram:sram|altsyncram:ram_block|altsyncram_bu91:auto_generated|ram_block1a0~porta_address_reg1 ; data_out[7] ; clock      ;
; N/A   ; None         ; 8.711 ns   ; lpm_ram_io:inst1|altram:sram|altsyncram:ram_block|altsyncram_bu91:auto_generated|ram_block1a0~porta_address_reg2 ; data_out[7] ; clock      ;
; N/A   ; None         ; 8.711 ns   ; lpm_ram_io:inst1|altram:sram|altsyncram:ram_block|altsyncram_bu91:auto_generated|ram_block1a0~porta_address_reg3 ; data_out[7] ; clock      ;
; N/A   ; None         ; 8.711 ns   ; lpm_ram_io:inst1|altram:sram|altsyncram:ram_block|altsyncram_bu91:auto_generated|ram_block1a0~porta_address_reg4 ; data_out[7] ; clock      ;
; N/A   ; None         ; 8.711 ns   ; lpm_ram_io:inst1|altram:sram|altsyncram:ram_block|altsyncram_bu91:auto_generated|ram_block1a0~porta_address_reg5 ; data_out[7] ; clock      ;
; N/A   ; None         ; 8.711 ns   ; lpm_ram_io:inst1|altram:sram|altsyncram:ram_block|altsyncram_bu91:auto_generated|ram_block1a0~porta_address_reg6 ; data_out[7] ; clock      ;
; N/A   ; None         ; 8.711 ns   ; lpm_ram_io:inst1|altram:sram|altsyncram:ram_block|altsyncram_bu91:auto_generated|ram_block1a0~porta_address_reg7 ; data_out[7] ; clock      ;
; N/A   ; None         ; 8.639 ns   ; lpm_rom0:inst|altsyncram:altsyncram_component|altsyncram_ql91:auto_generated|ram_block1a0~porta_address_reg0     ; data_out[1] ; clock      ;
; N/A   ; None         ; 8.639 ns   ; lpm_rom0:inst|altsyncram:altsyncram_component|altsyncram_ql91:auto_generated|ram_block1a0~porta_address_reg1     ; data_out[1] ; clock      ;
; N/A   ; None         ; 8.639 ns   ; lpm_rom0:inst|altsyncram:altsyncram_component|altsyncram_ql91:auto_generated|ram_block1a0~porta_address_reg2     ; data_out[1] ; clock      ;
; N/A   ; None         ; 8.639 ns   ; lpm_rom0:inst|altsyncram:altsyncram_component|altsyncram_ql91:auto_generated|ram_block1a0~porta_address_reg3     ; data_out[1] ; clock      ;
; N/A   ; None         ; 8.639 ns   ; lpm_rom0:inst|altsyncram:altsyncram_component|altsyncram_ql91:auto_generated|ram_block1a0~porta_address_reg4     ; data_out[1] ; clock      ;
; N/A   ; None         ; 8.639 ns   ; lpm_rom0:inst|altsyncram:altsyncram_component|altsyncram_ql91:auto_generated|ram_block1a0~porta_address_reg5     ; data_out[1] ; clock      ;
; N/A   ; None         ; 8.639 ns   ; lpm_rom0:inst|altsyncram:altsyncram_component|altsyncram_ql91:auto_generated|ram_block1a0~porta_address_reg6     ; data_out[1] ; clock      ;
; N/A   ; None         ; 8.639 ns   ; lpm_rom0:inst|altsyncram:altsyncram_component|altsyncram_ql91:auto_generated|ram_block1a0~porta_address_reg7     ; data_out[1] ; clock      ;
; N/A   ; None         ; 8.610 ns   ; lpm_rom0:inst|altsyncram:altsyncram_component|altsyncram_ql91:auto_generated|ram_block1a0~porta_address_reg0     ; data_out[7] ; clock      ;
; N/A   ; None         ; 8.610 ns   ; lpm_rom0:inst|altsyncram:altsyncram_component|altsyncram_ql91:auto_generated|ram_block1a0~porta_address_reg1     ; data_out[7] ; clock      ;
; N/A   ; None         ; 8.610 ns   ; lpm_rom0:inst|altsyncram:altsyncram_component|altsyncram_ql91:auto_generated|ram_block1a0~porta_address_reg2     ; data_out[7] ; clock      ;
; N/A   ; None         ; 8.610 ns   ; lpm_rom0:inst|altsyncram:altsyncram_component|altsyncram_ql91:auto_generated|ram_block1a0~porta_address_reg3     ; data_out[7] ; clock      ;
; N/A   ; None         ; 8.610 ns   ; lpm_rom0:inst|altsyncram:altsyncram_component|altsyncram_ql91:auto_generated|ram_block1a0~porta_address_reg4     ; data_out[7] ; clock      ;
; N/A   ; None         ; 8.610 ns   ; lpm_rom0:inst|altsyncram:altsyncram_component|altsyncram_ql91:auto_generated|ram_block1a0~porta_address_reg5     ; data_out[7] ; clock      ;
; N/A   ; None         ; 8.610 ns   ; lpm_rom0:inst|altsyncram:altsyncram_component|altsyncram_ql91:auto_generated|ram_block1a0~porta_address_reg6     ; data_out[7] ; clock      ;
; N/A   ; None         ; 8.610 ns   ; lpm_rom0:inst|altsyncram:altsyncram_component|altsyncram_ql91:auto_generated|ram_block1a0~porta_address_reg7     ; data_out[7] ; clock      ;
; N/A   ; None         ; 8.500 ns   ; lpm_ram_io:inst1|altram:sram|altsyncram:ram_block|altsyncram_bu91:auto_generated|ram_block1a0~porta_we_reg       ; data_out[1] ; clock      ;
; N/A   ; None         ; 8.500 ns   ; lpm_ram_io:inst1|altram:sram|altsyncram:ram_block|altsyncram_bu91:auto_generated|ram_block1a0~porta_address_reg0 ; data_out[1] ; clock      ;
; N/A   ; None         ; 8.500 ns   ; lpm_ram_io:inst1|altram:sram|altsyncram:ram_block|altsyncram_bu91:auto_generated|ram_block1a0~porta_address_reg1 ; data_out[1] ; clock      ;
; N/A   ; None         ; 8.500 ns   ; lpm_ram_io:inst1|altram:sram|altsyncram:ram_block|altsyncram_bu91:auto_generated|ram_block1a0~porta_address_reg2 ; data_out[1] ; clock      ;
; N/A   ; None         ; 8.500 ns   ; lpm_ram_io:inst1|altram:sram|altsyncram:ram_block|altsyncram_bu91:auto_generated|ram_block1a0~porta_address_reg3 ; data_out[1] ; clock      ;
; N/A   ; None         ; 8.500 ns   ; lpm_ram_io:inst1|altram:sram|altsyncram:ram_block|altsyncram_bu91:auto_generated|ram_block1a0~porta_address_reg4 ; data_out[1] ; clock      ;
; N/A   ; None         ; 8.500 ns   ; lpm_ram_io:inst1|altram:sram|altsyncram:ram_block|altsyncram_bu91:auto_generated|ram_block1a0~porta_address_reg5 ; data_out[1] ; clock      ;
; N/A   ; None         ; 8.500 ns   ; lpm_ram_io:inst1|altram:sram|altsyncram:ram_block|altsyncram_bu91:auto_generated|ram_block1a0~porta_address_reg6 ; data_out[1] ; clock      ;
; N/A   ; None         ; 8.500 ns   ; lpm_ram_io:inst1|altram:sram|altsyncram:ram_block|altsyncram_bu91:auto_generated|ram_block1a0~porta_address_reg7 ; data_out[1] ; clock      ;
; N/A   ; None         ; 6.763 ns   ; lpm_dff0:inst2|lpm_ff:lpm_ff_component|dffs[6]                                                                   ; data_out[6] ; clock      ;
; N/A   ; None         ; 6.488 ns   ; lpm_dff0:inst2|lpm_ff:lpm_ff_component|dffs[2]                                                                   ; data_out[2] ; clock      ;
; N/A   ; None         ; 6.456 ns   ; lpm_dff0:inst2|lpm_ff:lpm_ff_component|dffs[3]                                                                   ; data_out[3] ; clock      ;
; N/A   ; None         ; 6.447 ns   ; lpm_dff0:inst2|lpm_ff:lpm_ff_component|dffs[5]                                                                   ; data_out[5] ; clock      ;
; N/A   ; None         ; 6.438 ns   ; lpm_dff0:inst2|lpm_ff:lpm_ff_component|dffs[0]                                                                   ; data_out[0] ; clock      ;
; N/A   ; None         ; 6.118 ns   ; lpm_dff0:inst2|lpm_ff:lpm_ff_component|dffs[4]                                                                   ; data_out[4] ; clock      ;
; N/A   ; None         ; 6.081 ns   ; lpm_dff0:inst2|lpm_ff:lpm_ff_component|dffs[7]                                                                   ; data_out[7] ; clock      ;
; N/A   ; None         ; 5.745 ns   ; lpm_dff0:inst2|lpm_ff:lpm_ff_component|dffs[1]                                                                   ; data_out[1] ; clock      ;
+-------+--------------+------------+------------------------------------------------------------------------------------------------------------------+-------------+------------+


+---------------------------------------------------------------------------+
; tpd                                                                       ;
+-------+-------------------+-----------------+---------------+-------------+
; Slack ; Required P2P Time ; Actual P2P Time ; From          ; To          ;
+-------+-------------------+-----------------+---------------+-------------+
; N/A   ; None              ; 10.129 ns       ; ram_chip_en   ; data_out[2] ;
; N/A   ; None              ; 10.051 ns       ; ram_chip_en   ; data_out[6] ;
; N/A   ; None              ; 9.965 ns        ; ram_chip_en   ; data_out[3] ;
; N/A   ; None              ; 9.813 ns        ; ram_chip_en   ; data_out[0] ;
; N/A   ; None              ; 9.750 ns        ; rom_read      ; data_out[6] ;
; N/A   ; None              ; 9.747 ns        ; rom_read      ; data_out[2] ;
; N/A   ; None              ; 9.692 ns        ; ram_mode_read ; data_out[6] ;
; N/A   ; None              ; 9.597 ns        ; rom_read      ; data_out[3] ;
; N/A   ; None              ; 9.567 ns        ; ram_mode_read ; data_out[2] ;
; N/A   ; None              ; 9.496 ns        ; ram_chip_en   ; data_out[4] ;
; N/A   ; None              ; 9.476 ns        ; ram_chip_en   ; data_out[5] ;
; N/A   ; None              ; 9.445 ns        ; rom_read      ; data_out[0] ;
; N/A   ; None              ; 9.415 ns        ; ram_chip_en   ; data_out[1] ;
; N/A   ; None              ; 9.390 ns        ; rom_read      ; data_out[4] ;
; N/A   ; None              ; 9.377 ns        ; ram_mode_read ; data_out[3] ;
; N/A   ; None              ; 9.368 ns        ; ram_chip_en   ; data_out[7] ;
; N/A   ; None              ; 9.365 ns        ; rom_read      ; data_out[5] ;
; N/A   ; None              ; 9.259 ns        ; rom_read      ; data_out[7] ;
; N/A   ; None              ; 9.226 ns        ; ram_mode_read ; data_out[0] ;
; N/A   ; None              ; 9.148 ns        ; rom_read      ; data_out[1] ;
; N/A   ; None              ; 9.087 ns        ; reg_read      ; data_out[5] ;
; N/A   ; None              ; 9.056 ns        ; ram_mode_read ; data_out[1] ;
; N/A   ; None              ; 9.019 ns        ; reg_read      ; data_out[6] ;
; N/A   ; None              ; 8.951 ns        ; reg_read      ; data_out[1] ;
; N/A   ; None              ; 8.944 ns        ; ram_mode_read ; data_out[4] ;
; N/A   ; None              ; 8.921 ns        ; ram_mode_read ; data_out[5] ;
; N/A   ; None              ; 8.851 ns        ; ram_mode_read ; data_out[7] ;
; N/A   ; None              ; 8.825 ns        ; reg_read      ; data_out[3] ;
; N/A   ; None              ; 8.814 ns        ; reg_read      ; data_out[2] ;
; N/A   ; None              ; 8.625 ns        ; reg_read      ; data_out[0] ;
; N/A   ; None              ; 8.457 ns        ; reg_read      ; data_out[4] ;
; N/A   ; None              ; 8.417 ns        ; reg_read      ; data_out[7] ;
+-------+-------------------+-----------------+---------------+-------------+


+----------------------------------------------------------------------------------------------------------------------------------------------------------------------------------------+
; th                                                                                                                                                                                     ;
+---------------+-------------+-----------+----------------+------------------------------------------------------------------------------------------------------------------+----------+
; Minimum Slack ; Required th ; Actual th ; From           ; To                                                                                                               ; To Clock ;
+---------------+-------------+-----------+----------------+------------------------------------------------------------------------------------------------------------------+----------+
; N/A           ; None        ; -2.573 ns ; addr[3]        ; lpm_ram_io:inst1|altram:sram|altsyncram:ram_block|altsyncram_bu91:auto_generated|ram_block1a0~porta_address_reg3 ; clock    ;
; N/A           ; None        ; -2.602 ns ; addr[1]        ; lpm_rom0:inst|altsyncram:altsyncram_component|altsyncram_ql91:auto_generated|ram_block1a0~porta_address_reg1     ; clock    ;
; N/A           ; None        ; -2.603 ns ; addr[3]        ; lpm_rom0:inst|altsyncram:altsyncram_component|altsyncram_ql91:auto_generated|ram_block1a0~porta_address_reg3     ; clock    ;
; N/A           ; None        ; -2.635 ns ; addr[1]        ; lpm_ram_io:inst1|altram:sram|altsyncram:ram_block|altsyncram_bu91:auto_generated|ram_block1a0~porta_address_reg1 ; clock    ;
; N/A           ; None        ; -2.725 ns ; addr[5]        ; lpm_ram_io:inst1|altram:sram|altsyncram:ram_block|altsyncram_bu91:auto_generated|ram_block1a0~porta_address_reg5 ; clock    ;
; N/A           ; None        ; -2.726 ns ; addr[6]        ; lpm_ram_io:inst1|altram:sram|altsyncram:ram_block|altsyncram_bu91:auto_generated|ram_block1a0~porta_address_reg6 ; clock    ;
; N/A           ; None        ; -2.744 ns ; addr[2]        ; lpm_rom0:inst|altsyncram:altsyncram_component|altsyncram_ql91:auto_generated|ram_block1a0~porta_address_reg2     ; clock    ;
; N/A           ; None        ; -2.766 ns ; addr[5]        ; lpm_rom0:inst|altsyncram:altsyncram_component|altsyncram_ql91:auto_generated|ram_block1a0~porta_address_reg5     ; clock    ;
; N/A           ; None        ; -2.772 ns ; addr[6]        ; lpm_rom0:inst|altsyncram:altsyncram_component|altsyncram_ql91:auto_generated|ram_block1a0~porta_address_reg6     ; clock    ;
; N/A           ; None        ; -2.796 ns ; addr[7]        ; lpm_ram_io:inst1|altram:sram|altsyncram:ram_block|altsyncram_bu91:auto_generated|ram_block1a0~porta_address_reg7 ; clock    ;
; N/A           ; None        ; -2.819 ns ; addr[7]        ; lpm_rom0:inst|altsyncram:altsyncram_component|altsyncram_ql91:auto_generated|ram_block1a0~porta_address_reg7     ; clock    ;
; N/A           ; None        ; -2.890 ns ; addr[0]        ; lpm_ram_io:inst1|altram:sram|altsyncram:ram_block|altsyncram_bu91:auto_generated|ram_block1a0~porta_address_reg0 ; clock    ;
; N/A           ; None        ; -2.918 ns ; addr[0]        ; lpm_rom0:inst|altsyncram:altsyncram_component|altsyncram_ql91:auto_generated|ram_block1a0~porta_address_reg0     ; clock    ;
; N/A           ; None        ; -2.940 ns ; addr[2]        ; lpm_ram_io:inst1|altram:sram|altsyncram:ram_block|altsyncram_bu91:auto_generated|ram_block1a0~porta_address_reg2 ; clock    ;
; N/A           ; None        ; -2.968 ns ; reg_read       ; lpm_dff0:inst2|lpm_ff:lpm_ff_component|dffs[1]                                                                   ; clock    ;
; N/A           ; None        ; -2.983 ns ; reg_read       ; lpm_dff0:inst2|lpm_ff:lpm_ff_component|dffs[3]                                                                   ; clock    ;
; N/A           ; None        ; -2.995 ns ; ram_mode_read  ; lpm_dff0:inst2|lpm_ff:lpm_ff_component|dffs[3]                                                                   ; clock    ;
; N/A           ; None        ; -2.998 ns ; rom_read       ; lpm_dff0:inst2|lpm_ff:lpm_ff_component|dffs[1]                                                                   ; clock    ;
; N/A           ; None        ; -2.998 ns ; ram_mode_read  ; lpm_dff0:inst2|lpm_ff:lpm_ff_component|dffs[0]                                                                   ; clock    ;
; N/A           ; None        ; -3.029 ns ; ram_mode_read  ; lpm_dff0:inst2|lpm_ff:lpm_ff_component|dffs[2]                                                                   ; clock    ;
; N/A           ; None        ; -3.047 ns ; ram_mode_read  ; lpm_dff0:inst2|lpm_ff:lpm_ff_component|dffs[5]                                                                   ; clock    ;
; N/A           ; None        ; -3.056 ns ; ram_mode_read  ; lpm_dff0:inst2|lpm_ff:lpm_ff_component|dffs[4]                                                                   ; clock    ;
; N/A           ; None        ; -3.083 ns ; reg_read       ; lpm_dff0:inst2|lpm_ff:lpm_ff_component|dffs[7]                                                                   ; clock    ;
; N/A           ; None        ; -3.093 ns ; ram_mode_read  ; lpm_dff0:inst2|lpm_ff:lpm_ff_component|dffs[7]                                                                   ; clock    ;
; N/A           ; None        ; -3.113 ns ; addr[4]        ; lpm_ram_io:inst1|altram:sram|altsyncram:ram_block|altsyncram_bu91:auto_generated|ram_block1a0~porta_address_reg4 ; clock    ;
; N/A           ; None        ; -3.136 ns ; reg_read       ; lpm_dff0:inst2|lpm_ff:lpm_ff_component|dffs[0]                                                                   ; clock    ;
; N/A           ; None        ; -3.138 ns ; addr[4]        ; lpm_rom0:inst|altsyncram:altsyncram_component|altsyncram_ql91:auto_generated|ram_block1a0~porta_address_reg4     ; clock    ;
; N/A           ; None        ; -3.140 ns ; reg_read       ; lpm_dff0:inst2|lpm_ff:lpm_ff_component|dffs[2]                                                                   ; clock    ;
; N/A           ; None        ; -3.181 ns ; ram_mode_read  ; lpm_dff0:inst2|lpm_ff:lpm_ff_component|dffs[1]                                                                   ; clock    ;
; N/A           ; None        ; -3.209 ns ; rom_read       ; lpm_dff0:inst2|lpm_ff:lpm_ff_component|dffs[2]                                                                   ; clock    ;
; N/A           ; None        ; -3.212 ns ; reg_read       ; lpm_dff0:inst2|lpm_ff:lpm_ff_component|dffs[5]                                                                   ; clock    ;
; N/A           ; None        ; -3.215 ns ; rom_read       ; lpm_dff0:inst2|lpm_ff:lpm_ff_component|dffs[3]                                                                   ; clock    ;
; N/A           ; None        ; -3.217 ns ; rom_read       ; lpm_dff0:inst2|lpm_ff:lpm_ff_component|dffs[0]                                                                   ; clock    ;
; N/A           ; None        ; -3.224 ns ; reg_read       ; lpm_dff0:inst2|lpm_ff:lpm_ff_component|dffs[4]                                                                   ; clock    ;
; N/A           ; None        ; -3.225 ns ; reg_read       ; lpm_dff0:inst2|lpm_ff:lpm_ff_component|dffs[6]                                                                   ; clock    ;
; N/A           ; None        ; -3.237 ns ; ram_mode_read  ; lpm_ram_io:inst1|altram:sram|altsyncram:ram_block|altsyncram_bu91:auto_generated|ram_block1a0~porta_datain_reg1  ; clock    ;
; N/A           ; None        ; -3.250 ns ; ram_mode_read  ; lpm_dff0:inst2|lpm_ff:lpm_ff_component|dffs[6]                                                                   ; clock    ;
; N/A           ; None        ; -3.255 ns ; ram_mode_read  ; lpm_ram_io:inst1|altram:sram|altsyncram:ram_block|altsyncram_bu91:auto_generated|ram_block1a0~porta_datain_reg2  ; clock    ;
; N/A           ; None        ; -3.263 ns ; ram_mode_read  ; lpm_ram_io:inst1|altram:sram|altsyncram:ram_block|altsyncram_bu91:auto_generated|ram_block1a0~porta_datain_reg3  ; clock    ;
; N/A           ; None        ; -3.264 ns ; ram_mode_read  ; lpm_ram_io:inst1|altram:sram|altsyncram:ram_block|altsyncram_bu91:auto_generated|ram_block1a0~porta_datain_reg0  ; clock    ;
; N/A           ; None        ; -3.308 ns ; rom_read       ; lpm_dff0:inst2|lpm_ff:lpm_ff_component|dffs[6]                                                                   ; clock    ;
; N/A           ; None        ; -3.488 ns ; enable         ; lpm_dff0:inst2|lpm_ff:lpm_ff_component|dffs[3]                                                                   ; clock    ;
; N/A           ; None        ; -3.488 ns ; enable         ; lpm_dff0:inst2|lpm_ff:lpm_ff_component|dffs[2]                                                                   ; clock    ;
; N/A           ; None        ; -3.488 ns ; enable         ; lpm_dff0:inst2|lpm_ff:lpm_ff_component|dffs[1]                                                                   ; clock    ;
; N/A           ; None        ; -3.488 ns ; enable         ; lpm_dff0:inst2|lpm_ff:lpm_ff_component|dffs[0]                                                                   ; clock    ;
; N/A           ; None        ; -3.491 ns ; rom_read       ; lpm_dff0:inst2|lpm_ff:lpm_ff_component|dffs[5]                                                                   ; clock    ;
; N/A           ; None        ; -3.501 ns ; rom_read       ; lpm_dff0:inst2|lpm_ff:lpm_ff_component|dffs[7]                                                                   ; clock    ;
; N/A           ; None        ; -3.502 ns ; rom_read       ; lpm_dff0:inst2|lpm_ff:lpm_ff_component|dffs[4]                                                                   ; clock    ;
; N/A           ; None        ; -3.506 ns ; enable         ; lpm_dff0:inst2|lpm_ff:lpm_ff_component|dffs[7]                                                                   ; clock    ;
; N/A           ; None        ; -3.506 ns ; enable         ; lpm_dff0:inst2|lpm_ff:lpm_ff_component|dffs[6]                                                                   ; clock    ;
; N/A           ; None        ; -3.506 ns ; enable         ; lpm_dff0:inst2|lpm_ff:lpm_ff_component|dffs[5]                                                                   ; clock    ;
; N/A           ; None        ; -3.506 ns ; enable         ; lpm_dff0:inst2|lpm_ff:lpm_ff_component|dffs[4]                                                                   ; clock    ;
; N/A           ; None        ; -3.510 ns ; ram_mode_write ; lpm_ram_io:inst1|altram:sram|altsyncram:ram_block|altsyncram_bu91:auto_generated|ram_block1a0~porta_we_reg       ; clock    ;
; N/A           ; None        ; -3.579 ns ; ram_chip_en    ; lpm_dff0:inst2|lpm_ff:lpm_ff_component|dffs[1]                                                                   ; clock    ;
; N/A           ; None        ; -3.583 ns ; ram_chip_en    ; lpm_dff0:inst2|lpm_ff:lpm_ff_component|dffs[3]                                                                   ; clock    ;
; N/A           ; None        ; -3.585 ns ; ram_chip_en    ; lpm_dff0:inst2|lpm_ff:lpm_ff_component|dffs[0]                                                                   ; clock    ;
; N/A           ; None        ; -3.591 ns ; ram_chip_en    ; lpm_dff0:inst2|lpm_ff:lpm_ff_component|dffs[2]                                                                   ; clock    ;
; N/A           ; None        ; -3.593 ns ; reg_write      ; lpm_dff0:inst2|lpm_ff:lpm_ff_component|dffs[5]                                                                   ; clock    ;
; N/A           ; None        ; -3.594 ns ; reg_write      ; lpm_dff0:inst2|lpm_ff:lpm_ff_component|dffs[7]                                                                   ; clock    ;
; N/A           ; None        ; -3.598 ns ; reg_write      ; lpm_dff0:inst2|lpm_ff:lpm_ff_component|dffs[4]                                                                   ; clock    ;
; N/A           ; None        ; -3.599 ns ; reg_write      ; lpm_dff0:inst2|lpm_ff:lpm_ff_component|dffs[6]                                                                   ; clock    ;
; N/A           ; None        ; -3.600 ns ; ram_mode_read  ; lpm_ram_io:inst1|altram:sram|altsyncram:ram_block|altsyncram_bu91:auto_generated|ram_block1a0~porta_datain_reg5  ; clock    ;
; N/A           ; None        ; -3.602 ns ; ram_chip_en    ; lpm_dff0:inst2|lpm_ff:lpm_ff_component|dffs[5]                                                                   ; clock    ;
; N/A           ; None        ; -3.607 ns ; reg_write      ; lpm_dff0:inst2|lpm_ff:lpm_ff_component|dffs[2]                                                                   ; clock    ;
; N/A           ; None        ; -3.607 ns ; reg_write      ; lpm_dff0:inst2|lpm_ff:lpm_ff_component|dffs[0]                                                                   ; clock    ;
; N/A           ; None        ; -3.608 ns ; ram_chip_en    ; lpm_dff0:inst2|lpm_ff:lpm_ff_component|dffs[4]                                                                   ; clock    ;
; N/A           ; None        ; -3.609 ns ; ram_chip_en    ; lpm_dff0:inst2|lpm_ff:lpm_ff_component|dffs[6]                                                                   ; clock    ;
; N/A           ; None        ; -3.610 ns ; ram_chip_en    ; lpm_dff0:inst2|lpm_ff:lpm_ff_component|dffs[7]                                                                   ; clock    ;
; N/A           ; None        ; -3.618 ns ; ram_mode_read  ; lpm_ram_io:inst1|altram:sram|altsyncram:ram_block|altsyncram_bu91:auto_generated|ram_block1a0~porta_datain_reg7  ; clock    ;
; N/A           ; None        ; -3.638 ns ; ram_mode_read  ; lpm_ram_io:inst1|altram:sram|altsyncram:ram_block|altsyncram_bu91:auto_generated|ram_block1a0~porta_datain_reg6  ; clock    ;
; N/A           ; None        ; -3.710 ns ; ram_chip_en    ; lpm_ram_io:inst1|altram:sram|altsyncram:ram_block|altsyncram_bu91:auto_generated|ram_block1a0~porta_datain_reg2  ; clock    ;
; N/A           ; None        ; -3.714 ns ; ram_chip_en    ; lpm_ram_io:inst1|altram:sram|altsyncram:ram_block|altsyncram_bu91:auto_generated|ram_block1a0~porta_datain_reg1  ; clock    ;
; N/A           ; None        ; -3.718 ns ; ram_chip_en    ; lpm_ram_io:inst1|altram:sram|altsyncram:ram_block|altsyncram_bu91:auto_generated|ram_block1a0~porta_datain_reg3  ; clock    ;
; N/A           ; None        ; -3.719 ns ; ram_chip_en    ; lpm_ram_io:inst1|altram:sram|altsyncram:ram_block|altsyncram_bu91:auto_generated|ram_block1a0~porta_datain_reg0  ; clock    ;
; N/A           ; None        ; -3.762 ns ; reg_write      ; lpm_dff0:inst2|lpm_ff:lpm_ff_component|dffs[1]                                                                   ; clock    ;
; N/A           ; None        ; -3.768 ns ; reg_write      ; lpm_dff0:inst2|lpm_ff:lpm_ff_component|dffs[3]                                                                   ; clock    ;
; N/A           ; None        ; -3.937 ns ; ram_chip_en    ; lpm_ram_io:inst1|altram:sram|altsyncram:ram_block|altsyncram_bu91:auto_generated|ram_block1a0~porta_datain_reg4  ; clock    ;
; N/A           ; None        ; -4.021 ns ; ram_chip_en    ; lpm_ram_io:inst1|altram:sram|altsyncram:ram_block|altsyncram_bu91:auto_generated|ram_block1a0~porta_datain_reg5  ; clock    ;
; N/A           ; None        ; -4.038 ns ; ram_chip_en    ; lpm_ram_io:inst1|altram:sram|altsyncram:ram_block|altsyncram_bu91:auto_generated|ram_block1a0~porta_datain_reg7  ; clock    ;
; N/A           ; None        ; -4.073 ns ; ram_chip_en    ; lpm_ram_io:inst1|altram:sram|altsyncram:ram_block|altsyncram_bu91:auto_generated|ram_block1a0~porta_we_reg       ; clock    ;
; N/A           ; None        ; -4.143 ns ; ram_chip_en    ; lpm_ram_io:inst1|altram:sram|altsyncram:ram_block|altsyncram_bu91:auto_generated|ram_block1a0~porta_datain_reg6  ; clock    ;
; N/A           ; None        ; -4.290 ns ; ram_mode_read  ; lpm_ram_io:inst1|altram:sram|altsyncram:ram_block|altsyncram_bu91:auto_generated|ram_block1a0~porta_datain_reg4  ; clock    ;
; N/A           ; None        ; -4.426 ns ; ram_mode_read  ; lpm_ram_io:inst1|altram:sram|altsyncram:ram_block|altsyncram_bu91:auto_generated|ram_block1a0~porta_we_reg       ; clock    ;
+---------------+-------------+-----------+----------------+------------------------------------------------------------------------------------------------------------------+----------+


+--------------------------+
; Timing Analyzer Messages ;
+--------------------------+
Info: *******************************************************************
Info: Running Quartus II Classic Timing Analyzer
    Info: Version 9.1 Build 222 10/21/2009 SJ Web Edition
    Info: Processing started: Thu Nov 20 00:39:15 2025
Info: Command: quartus_tan --read_settings_files=off --write_settings_files=off lab_3_2 -c lab_3_2 --timing_analysis_only
Warning: Found pins functioning as undefined clocks and/or memory enables
    Info: Assuming node "clock" is an undefined clock
Warning: Clock Setting "clock_for_lab3" is unassigned
Info: Clock "clock" has Internal fmax of 267.59 MHz between source memory "lpm_ram_io:inst1|altram:sram|altsyncram:ram_block|altsyncram_bu91:auto_generated|ram_block1a0~porta_we_reg" and destination memory "lpm_ram_io:inst1|altram:sram|altsyncram:ram_block|altsyncram_bu91:auto_generated|ram_block1a0~porta_datain_reg7" (period= 3.737 ns)
    Info: + Longest memory to memory delay is 3.579 ns
        Info: 1: + IC(0.000 ns) + CELL(0.000 ns) = 0.000 ns; Loc. = M4K_X32_Y12; Fanout = 8; MEM Node = 'lpm_ram_io:inst1|altram:sram|altsyncram:ram_block|altsyncram_bu91:auto_generated|ram_block1a0~porta_we_reg'
        Info: 2: + IC(0.000 ns) + CELL(1.850 ns) = 1.850 ns; Loc. = M4K_X32_Y12; Fanout = 2; MEM Node = 'lpm_ram_io:inst1|altram:sram|altsyncram:ram_block|altsyncram_bu91:auto_generated|q_a[7]'
        Info: 3: + IC(0.777 ns) + CELL(0.053 ns) = 2.680 ns; Loc. = LCCOMB_X33_Y14_N18; Fanout = 1; COMB Node = 'lpm_ram_io:inst1|datatri[7]~0'
        Info: 4: + IC(0.803 ns) + CELL(0.096 ns) = 3.579 ns; Loc. = M4K_X32_Y12; Fanout = 1; MEM Node = 'lpm_ram_io:inst1|altram:sram|altsyncram:ram_block|altsyncram_bu91:auto_generated|ram_block1a0~porta_datain_reg7'
        Info: Total cell delay = 1.999 ns ( 55.85 % )
        Info: Total interconnect delay = 1.580 ns ( 44.15 % )
    Info: - Smallest clock skew is 0.000 ns
        Info: + Shortest clock path from clock "clock" to destination memory is 2.354 ns
            Info: 1: + IC(0.000 ns) + CELL(0.854 ns) = 0.854 ns; Loc. = PIN_N20; Fanout = 1; CLK Node = 'clock'
            Info: 2: + IC(0.343 ns) + CELL(0.000 ns) = 1.197 ns; Loc. = CLKCTRL_G3; Fanout = 41; COMB Node = 'clock~clkctrl'
            Info: 3: + IC(0.676 ns) + CELL(0.481 ns) = 2.354 ns; Loc. = M4K_X32_Y12; Fanout = 1; MEM Node = 'lpm_ram_io:inst1|altram:sram|altsyncram:ram_block|altsyncram_bu91:auto_generated|ram_block1a0~porta_datain_reg7'
            Info: Total cell delay = 1.335 ns ( 56.71 % )
            Info: Total interconnect delay = 1.019 ns ( 43.29 % )
        Info: - Longest clock path from clock "clock" to source memory is 2.354 ns
            Info: 1: + IC(0.000 ns) + CELL(0.854 ns) = 0.854 ns; Loc. = PIN_N20; Fanout = 1; CLK Node = 'clock'
            Info: 2: + IC(0.343 ns) + CELL(0.000 ns) = 1.197 ns; Loc. = CLKCTRL_G3; Fanout = 41; COMB Node = 'clock~clkctrl'
            Info: 3: + IC(0.676 ns) + CELL(0.481 ns) = 2.354 ns; Loc. = M4K_X32_Y12; Fanout = 8; MEM Node = 'lpm_ram_io:inst1|altram:sram|altsyncram:ram_block|altsyncram_bu91:auto_generated|ram_block1a0~porta_we_reg'
            Info: Total cell delay = 1.335 ns ( 56.71 % )
            Info: Total interconnect delay = 1.019 ns ( 43.29 % )
    Info: + Micro clock to output delay of source is 0.136 ns
    Info: + Micro setup delay of destination is 0.022 ns
Info: tsu for register "lpm_dff0:inst2|lpm_ff:lpm_ff_component|dffs[1]" (data pin = "ram_chip_en", clock pin = "clock") is 5.008 ns
    Info: + Longest pin to register delay is 7.410 ns
        Info: 1: + IC(0.000 ns) + CELL(0.864 ns) = 0.864 ns; Loc. = PIN_N21; Fanout = 18; PIN Node = 'ram_chip_en'
        Info: 2: + IC(4.615 ns) + CELL(0.346 ns) = 5.825 ns; Loc. = LCCOMB_X33_Y14_N28; Fanout = 16; COMB Node = 'inst9[7]~10'
        Info: 3: + IC(1.084 ns) + CELL(0.346 ns) = 7.255 ns; Loc. = LCCOMB_X33_Y12_N4; Fanout = 1; COMB Node = 'inst10[1]~6'
        Info: 4: + IC(0.000 ns) + CELL(0.155 ns) = 7.410 ns; Loc. = LCFF_X33_Y12_N5; Fanout = 2; REG Node = 'lpm_dff0:inst2|lpm_ff:lpm_ff_component|dffs[1]'
        Info: Total cell delay = 1.711 ns ( 23.09 % )
        Info: Total interconnect delay = 5.699 ns ( 76.91 % )
    Info: + Micro setup delay of destination is 0.090 ns
    Info: - Shortest clock path from clock "clock" to destination register is 2.492 ns
        Info: 1: + IC(0.000 ns) + CELL(0.854 ns) = 0.854 ns; Loc. = PIN_N20; Fanout = 1; CLK Node = 'clock'
        Info: 2: + IC(0.343 ns) + CELL(0.000 ns) = 1.197 ns; Loc. = CLKCTRL_G3; Fanout = 41; COMB Node = 'clock~clkctrl'
        Info: 3: + IC(0.677 ns) + CELL(0.618 ns) = 2.492 ns; Loc. = LCFF_X33_Y12_N5; Fanout = 2; REG Node = 'lpm_dff0:inst2|lpm_ff:lpm_ff_component|dffs[1]'
        Info: Total cell delay = 1.472 ns ( 59.07 % )
        Info: Total interconnect delay = 1.020 ns ( 40.93 % )
Info: tco from clock "clock" to destination pin "data_out[2]" through memory "lpm_rom0:inst|altsyncram:altsyncram_component|altsyncram_ql91:auto_generated|ram_block1a0~porta_address_reg0" is 9.504 ns
    Info: + Longest clock path from clock "clock" to source memory is 2.352 ns
        Info: 1: + IC(0.000 ns) + CELL(0.854 ns) = 0.854 ns; Loc. = PIN_N20; Fanout = 1; CLK Node = 'clock'
        Info: 2: + IC(0.343 ns) + CELL(0.000 ns) = 1.197 ns; Loc. = CLKCTRL_G3; Fanout = 41; COMB Node = 'clock~clkctrl'
        Info: 3: + IC(0.674 ns) + CELL(0.481 ns) = 2.352 ns; Loc. = M4K_X32_Y14; Fanout = 8; MEM Node = 'lpm_rom0:inst|altsyncram:altsyncram_component|altsyncram_ql91:auto_generated|ram_block1a0~porta_address_reg0'
        Info: Total cell delay = 1.335 ns ( 56.76 % )
        Info: Total interconnect delay = 1.017 ns ( 43.24 % )
    Info: + Micro clock to output delay of source is 0.136 ns
    Info: + Longest memory to pin delay is 7.016 ns
        Info: 1: + IC(0.000 ns) + CELL(0.000 ns) = 0.000 ns; Loc. = M4K_X32_Y14; Fanout = 8; MEM Node = 'lpm_rom0:inst|altsyncram:altsyncram_component|altsyncram_ql91:auto_generated|ram_block1a0~porta_address_reg0'
        Info: 2: + IC(0.000 ns) + CELL(1.850 ns) = 1.850 ns; Loc. = M4K_X32_Y14; Fanout = 1; MEM Node = 'lpm_rom0:inst|altsyncram:altsyncram_component|altsyncram_ql91:auto_generated|q_a[2]'
        Info: 3: + IC(0.788 ns) + CELL(0.053 ns) = 2.691 ns; Loc. = LCCOMB_X33_Y12_N0; Fanout = 2; COMB Node = 'inst9[2]~19'
        Info: 4: + IC(0.714 ns) + CELL(0.228 ns) = 3.633 ns; Loc. = LCCOMB_X33_Y12_N22; Fanout = 1; COMB Node = 'inst9[2]~20'
        Info: 5: + IC(1.401 ns) + CELL(1.982 ns) = 7.016 ns; Loc. = PIN_Y5; Fanout = 0; PIN Node = 'data_out[2]'
        Info: Total cell delay = 4.113 ns ( 58.62 % )
        Info: Total interconnect delay = 2.903 ns ( 41.38 % )
Info: Longest tpd from source pin "ram_chip_en" to destination pin "data_out[2]" is 10.129 ns
    Info: 1: + IC(0.000 ns) + CELL(0.864 ns) = 0.864 ns; Loc. = PIN_N21; Fanout = 18; PIN Node = 'ram_chip_en'
    Info: 2: + IC(4.594 ns) + CELL(0.346 ns) = 5.804 ns; Loc. = LCCOMB_X33_Y12_N0; Fanout = 2; COMB Node = 'inst9[2]~19'
    Info: 3: + IC(0.714 ns) + CELL(0.228 ns) = 6.746 ns; Loc. = LCCOMB_X33_Y12_N22; Fanout = 1; COMB Node = 'inst9[2]~20'
    Info: 4: + IC(1.401 ns) + CELL(1.982 ns) = 10.129 ns; Loc. = PIN_Y5; Fanout = 0; PIN Node = 'data_out[2]'
    Info: Total cell delay = 3.420 ns ( 33.76 % )
    Info: Total interconnect delay = 6.709 ns ( 66.24 % )
Info: th for memory "lpm_ram_io:inst1|altram:sram|altsyncram:ram_block|altsyncram_bu91:auto_generated|ram_block1a0~porta_address_reg3" (data pin = "addr[3]", clock pin = "clock") is -2.573 ns
    Info: + Longest clock path from clock "clock" to destination memory is 2.354 ns
        Info: 1: + IC(0.000 ns) + CELL(0.854 ns) = 0.854 ns; Loc. = PIN_N20; Fanout = 1; CLK Node = 'clock'
        Info: 2: + IC(0.343 ns) + CELL(0.000 ns) = 1.197 ns; Loc. = CLKCTRL_G3; Fanout = 41; COMB Node = 'clock~clkctrl'
        Info: 3: + IC(0.676 ns) + CELL(0.481 ns) = 2.354 ns; Loc. = M4K_X32_Y12; Fanout = 8; MEM Node = 'lpm_ram_io:inst1|altram:sram|altsyncram:ram_block|altsyncram_bu91:auto_generated|ram_block1a0~porta_address_reg3'
        Info: Total cell delay = 1.335 ns ( 56.71 % )
        Info: Total interconnect delay = 1.019 ns ( 43.29 % )
    Info: + Micro hold delay of destination is 0.203 ns
    Info: - Shortest pin to memory delay is 5.130 ns
        Info: 1: + IC(0.000 ns) + CELL(0.827 ns) = 0.827 ns; Loc. = PIN_V10; Fanout = 2; PIN Node = 'addr[3]'
        Info: 2: + IC(4.200 ns) + CELL(0.103 ns) = 5.130 ns; Loc. = M4K_X32_Y12; Fanout = 8; MEM Node = 'lpm_ram_io:inst1|altram:sram|altsyncram:ram_block|altsyncram_bu91:auto_generated|ram_block1a0~porta_address_reg3'
        Info: Total cell delay = 0.930 ns ( 18.13 % )
        Info: Total interconnect delay = 4.200 ns ( 81.87 % )
Info: Quartus II Classic Timing Analyzer was successful. 0 errors, 2 warnings
    Info: Peak virtual memory: 189 megabytes
    Info: Processing ended: Thu Nov 20 00:39:15 2025
    Info: Elapsed time: 00:00:00
    Info: Total CPU time (on all processors): 00:00:00


